player_id,general_rating,general_rd,general_n,hard_rating,hard_rd,hard_n,clay_rating,clay_rd,clay_n,grass_rating,grass_rd,grass_n,full_name
207989,1946.8,71.1,364,1934.0,81.0,198,2067.0,177.2,127,2112.9,267.7,39,Carlos Alcaraz
206173,1946.5,70.7,434,1978.7,95.5,287,2019.3,136.0,108,1928.6,264.6,39,Jannik Sinner
101948,1863.0,63.0,904,1949.8,87.7,480,1616.1,140.9,134,1918.4,254.0,116,Pete Sampras
101414,1807.8,76.4,529,1768.9,120.4,169,1722.9,162.3,99,1884.9,166.5,76,Boris Becker
104925,1796.4,82.7,1360,1867.6,104.1,847,1665.2,149.2,357,1952.8,260.0,146,Novak Djokovic
103819,1788.8,93.7,1478,1827.7,133.7,920,1824.5,176.0,281,1945.3,200.2,219,Roger Federer
101222,1782.1,60.7,549,1821.2,100.8,268,1700.4,134.4,110,1819.0,227.2,57,Stefan Edberg
100644,1753.2,58.4,771,1751.5,85.1,452,1874.1,95.7,251,1659.0,282.5,68,Alexander Zverev
104053,1749.6,67.0,780,1778.7,91.6,542,1505.8,225.6,101,1890.0,174.9,104,Andy Roddick
101736,1744.0,80.8,929,1786.3,106.3,635,1624.2,262.5,141,1628.0,215.2,67,Andre Agassi
101529,1727.7,63.7,508,1683.3,147.4,175,1687.6,146.6,138,1839.8,156.2,66,Michael Stich
102716,1725.3,225.9,3,1500.0,350.0,0,1500.0,350.0,0,1500.0,350.0,0,Maxime Huard
101793,1706.3,71.8,632,1725.5,93.0,346,1711.2,213.9,139,1622.9,248.7,42,Jim Courier
209950,1697.4,67.7,164,1672.9,87.5,96,1862.9,131.0,57,1629.6,406.5,11,Arthur Fils
105223,1697.1,142.3,594,1797.9,174.5,422,1660.5,168.1,112,1788.6,263.8,57,Juan Martin del Potro
101990,1695.8,80.8,616,1713.8,117.6,277,1639.8,291.4,125,1731.5,195.8,88,Richard Krajicek
104417,1694.7,63.3,464,1706.9,101.6,261,1689.3,106.8,133,1756.3,207.4,43,Robin Soderling
102701,1685.4,72.2,548,1714.7,104.3,254,1696.7,106.4,242,1414.0,1179.3,10,Marcelo Rios
103900,1673.7,78.6,546,1669.5,129.7,277,1685.9,121.5,194,1727.4,224.3,43,David Nalbandian
104745,1670.6,88.9,1277,1656.2,160.7,659,1716.7,119.3,516,1958.8,389.8,96,Rafael Nadal
207733,1668.6,82.1,173,1704.6,106.6,108,1654.0,168.8,37,1699.9,245.8,28,Jack Draper
100581,1668.1,104.7,148,1738.6,136.8,78,1364.6,238.2,7,1771.4,200.2,20,John McEnroe
106421,1662.3,65.3,623,1722.8,82.5,458,1562.2,138.8,89,1669.1,295.6,76,Daniil Medvedev
102021,1659.1,84.3,857,1716.5,97.7,516,1532.1,240.8,141,1486.2,329.9,48,Michael Chang
102158,1655.3,63.7,521,1688.1,80.4,306,1585.6,190.7,68,1757.3,158.5,89,Patrick Rafter
102338,1652.1,65.8,868,1661.4,94.7,373,1633.7,159.6,226,1671.8,260.2,64,Yevgeny Kafelnikov
101434,1650.1,72.1,587,1651.1,112.2,258,1571.0,171.8,126,1641.2,270.1,41,Petr Korda
103913,1645.9,209.2,3,1500.0,350.0,0,1500.0,350.0,0,1746.1,269.4,3,Ian Flanagan
100656,1643.7,66.0,315,1670.9,82.1,156,1468.6,171.6,50,1619.2,390.2,23,Ivan Lendl
212588,1638.0,73.3,37,1474.5,121.4,14,1788.0,108.1,23,1500.0,350.0,0,Rafael Jodar
210150,1634.2,63.1,128,1629.1,94.3,83,1704.4,112.2,32,1499.9,279.2,13,Jakub Mensik
102419,1630.6,103.1,27,1568.2,158.7,9,1662.1,162.8,13,1552.5,254.8,4,Christophe Van Garsse
207518,1630.2,65.2,323,1580.5,87.2,167,1723.2,129.0,127,1602.5,312.2,29,Lorenzo Musetti
134770,1626.8,60.2,463,1524.6,92.9,216,1785.4,102.5,235,1314.6,546.5,12,Casper Ruud
103498,1625.9,68.1,653,1666.3,82.0,350,1592.2,158.6,186,1582.0,287.8,43,Marat Safin
200282,1625.2,63.6,487,1677.7,90.3,346,1548.9,121.5,87,1698.4,311.7,54,Alex De Minaur
102882,1622.6,78.7,494,1571.1,121.0,289,1590.8,452.1,84,1781.4,153.4,70,Mark Philippoussis
200000,1621.5,61.8,457,1676.7,88.4,305,1580.6,111.8,107,1532.5,294.5,45,Felix Auger Aliassime
211663,1616.6,66.5,80,1680.1,105.4,33,1656.5,97.3,40,1571.6,286.4,7,Joao Fonseca
103602,1616.5,94.8,545,1595.2,157.6,263,1691.1,137.3,222,1646.8,257.0,35,Fernando Gonzalez
101822,1615.4,218.1,4,1500.0,350.0,0,1608.0,244.8,4,1500.0,350.0,0,Luis Lobo
208029,1614.3,64.4,270,1639.1,82.0,162,1720.0,153.4,87,1499.5,238.6,21,Holger Rune
104339,1610.0,95.4,319,1576.4,105.2,183,1607.3,231.9,57,1834.1,301.4,53,Mario Ancic
144821,1607.8,199.7,3,1500.0,350.0,0,1661.2,209.5,3,1500.0,350.0,0,Genaro Alberto Olivieri
101309,1606.3,80.0,54,1713.5,104.2,29,1501.8,180.2,17,1500.0,350.0,0,Jay Berger
104763,1606.2,259.2,2,1617.9,260.1,2,1500.0,350.0,0,1500.0,350.0,0,Rafael Arevalo
101084,1605.6,69.2,391,1568.9,108.1,155,1542.7,159.5,72,1528.4,206.2,37,Jakob Hlasek
101524,1604.2,248.0,2,1500.0,350.0,0,1639.2,260.2,2,1500.0,350.0,0,Stephan Rhode
101190,1602.1,101.2,75,1622.2,119.7,47,1281.7,329.5,2,1756.6,320.2,10,Darren Cahill
210097,1601.7,66.4,214,1682.2,94.5,145,1516.3,123.0,46,1564.1,274.0,23,Ben Shelton
101278,1600.9,182.4,6,1653.2,190.4,6,1500.0,350.0,0,1500.0,350.0,0,Scott Melville
200473,1599.2,83.4,41,1674.8,101.0,27,1689.5,195.6,14,1500.0,350.0,0,Valentin Vacherot
210530,1597.0,63.2,101,1649.0,89.2,74,1623.1,124.9,20,1467.8,297.9,7,Learner Tien
210696,1594.3,85.9,30,1410.7,157.5,14,1758.6,119.9,15,1348.3,363.5,1,Alexander Blockx
126205,1594.1,64.5,370,1587.0,93.6,248,1633.3,120.5,83,1510.5,303.8,39,Tommy Paul
100788,1593.7,249.0,3,1580.4,250.2,3,1500.0,350.0,0,1500.0,350.0,0,Joseph Russell
126203,1593.6,69.1,559,1625.7,81.1,391,1326.9,200.9,97,1800.3,245.0,71,Taylor Fritz
101843,1593.1,87.5,661,1507.5,195.6,169,1680.5,100.1,388,1359.7,563.0,7,Sergi Bruguera
103909,1592.3,103.5,324,1619.5,310.2,111,1656.8,117.7,185,1552.8,504.0,16,Guillermo Coria
102446,1592.2,81.4,511,1621.2,145.8,153,1654.8,122.0,240,1329.1,275.8,34,Andrei Medvedev
102358,1591.9,84.5,719,1651.3,109.7,443,1415.1,233.2,119,1420.9,258.2,40,Thomas Enqvist
102374,1588.6,82.1,704,1566.1,147.0,234,1626.8,118.1,427,1153.1,711.9,10,Alex Corretja
103527,1587.8,158.7,5,1524.4,255.2,2,1539.1,204.0,3,1500.0,350.0,0,Julien Jeanpierre
101613,1585.9,103.7,422,1604.7,131.6,228,1523.3,265.4,75,1505.5,372.5,46,Malivai Washington
102610,1582.3,86.9,644,1474.8,179.2,208,1668.4,106.3,398,1096.3,605.5,9,Albert Costa
103751,1581.9,243.3,2,1584.4,247.5,2,1500.0,350.0,0,1500.0,350.0,0,Jonas Froberg
208103,1580.4,66.2,215,1595.6,88.5,147,1608.4,127.2,48,1723.7,294.6,20,Jiri Lehecka
126094,1580.1,61.8,592,1565.2,88.8,410,1642.7,108.4,147,1625.9,295.5,35,Andrey Rublev
101195,1579.4,67.1,278,1658.9,88.0,179,1296.4,198.4,21,1581.1,242.2,27,Amos Mansdorf
100548,1578.6,252.8,3,1578.6,252.8,3,1500.0,350.0,0,1500.0,350.0,0,Ivan Kley
106390,1578.3,233.4,2,1500.0,350.0,0,1629.2,243.8,2,1500.0,350.0,0,Matteo Donati
103538,1577.3,219.5,3,1614.8,224.8,3,1500.0,350.0,0,1500.0,350.0,0,James Auckland
102765,1577.1,78.1,285,1638.3,108.2,155,1474.8,175.8,51,1662.5,304.0,34,Nicolas Escude
102856,1576.6,109.7,521,1569.4,169.5,236,1655.6,131.0,235,1545.7,718.5,14,Gustavo Kuerten
101716,1575.2,245.1,2,1500.0,350.0,0,1544.2,251.5,2,1500.0,350.0,0,Javier Molina
105650,1575.1,236.2,2,1500.0,350.0,0,1500.0,350.0,0,1498.1,288.4,2,Marcus Willis
102562,1575.0,73.0,575,1638.0,135.8,264,1586.1,120.0,219,1421.3,220.9,34,Jiri Novak
101320,1574.9,72.0,566,1537.2,149.6,126,1596.0,113.5,286,1438.5,220.6,31,Magnus Gustafsson
200624,1572.7,68.3,260,1562.6,74.7,183,1545.4,237.3,52,1640.4,435.1,25,Sebastian Korda
104607,1572.6,83.9,938,1614.3,103.6,598,1482.2,258.2,230,1539.0,228.3,98,Tomas Berdych
101589,1572.2,103.1,400,1581.8,157.1,145,1497.4,183.0,106,1401.9,351.9,33,Arnaud Boetsch
101965,1569.2,72.4,803,1539.9,99.8,451,1530.4,221.0,148,1625.8,197.9,97,Wayne Ferreira
210472,1567.8,247.3,2,1500.0,350.0,0,1500.0,350.0,0,1643.4,280.7,2,Oliver Tarvet
105683,1565.8,99.1,545,1643.3,149.5,369,1209.9,344.5,97,1581.6,189.1,79,Milos Raonic
101580,1565.4,226.3,2,1586.8,230.8,2,1500.0,350.0,0,1500.0,350.0,0,Roger Rasheed
102025,1565.2,72.7,220,1600.0,103.7,117,1551.5,148.9,63,1351.0,282.6,11,Mikael Tillstrom
101298,1561.4,92.0,234,1584.8,151.6,68,1427.0,175.6,71,1521.5,424.2,7,Jonas Svensson
103507,1561.2,85.7,717,1531.5,154.8,312,1602.7,115.6,328,1558.5,382.5,47,Juan Carlos Ferrero
122330,1560.9,65.1,370,1588.3,95.3,231,1514.1,122.1,81,1698.9,311.5,58,Alexander Bublik
104633,1560.3,248.6,2,1572.5,251.7,2,1500.0,350.0,0,1500.0,350.0,0,Mathieu Rodrigues
101609,1558.6,115.6,377,1551.7,144.8,197,1498.7,548.2,53,1634.4,214.0,69,David Wheaton
101727,1558.0,80.4,489,1531.6,97.5,279,1539.2,233.9,93,1601.4,210.3,79,Jason Stoltenberg
101381,1557.9,77.4,304,1602.8,122.1,175,1494.6,188.7,62,1620.6,262.3,16,Aaron Krickstein
103206,1557.3,97.0,563,1531.6,121.5,302,1555.9,362.8,139,1703.7,258.6,73,Sebastien Grosjean
101064,1556.9,248.8,2,1596.3,260.2,2,1500.0,350.0,0,1500.0,350.0,0,David Lewis
103017,1553.5,88.8,619,1612.0,147.8,363,1501.6,143.7,122,1489.4,198.6,74,Nicolas Kiefer
105079,1553.3,212.9,2,1546.9,216.1,2,1500.0,350.0,0,1500.0,350.0,0,Ivan Sergeyev
102367,1553.0,239.6,2,1500.0,350.0,0,1591.8,250.7,2,1500.0,350.0,0,Nicolas Kischkewitz
102854,1552.6,80.6,533,1537.5,121.5,279,1500.7,190.7,128,1580.3,235.2,76,Sjeng Schalken
126610,1551.3,68.9,333,1573.0,111.5,173,1565.2,104.0,107,1705.7,338.5,53,Matteo Berrettini
106401,1550.1,128.0,309,1526.8,138.5,214,1589.2,422.9,44,1825.5,287.0,51,Nick Kyrgios
101774,1549.4,74.9,626,1524.9,108.3,347,1502.5,155.2,115,1613.4,209.2,82,Todd Martin
102212,1548.0,185.1,5,1500.0,350.0,0,1522.7,180.9,5,1500.0,350.0,0,Corrado Borroni
101120,1547.8,82.2,381,1521.0,134.6,83,1610.1,129.7,201,1427.8,304.5,16,Karel Novacek
202103,1547.6,62.0,275,1587.1,102.1,106,1628.8,89.4,152,1207.4,348.0,17,Francisco Cerundolo
207925,1547.2,59.4,171,1473.2,94.7,88,1670.3,97.8,67,1635.3,301.5,16,Flavio Cobolli
101334,1547.0,82.1,472,1551.2,151.2,195,1424.9,159.2,83,1573.6,225.9,55,Alexander Volkov
102238,1547.0,97.2,473,1371.5,190.4,79,1609.1,117.3,367,1216.3,472.3,2,Alberto Berasategui
126774,1545.9,68.4,566,1560.2,99.7,351,1574.0,124.1,173,1389.3,339.6,42,Stefanos Tsitsipas
103344,1545.8,76.9,689,1520.0,92.4,401,1583.5,185.9,175,1487.8,281.8,50,Ivan Ljubicic
102344,1543.7,88.8,503,1563.5,141.2,217,1461.1,251.7,143,1578.2,171.7,61,Karol Kucera
101723,1540.7,91.5,508,1523.4,122.3,191,1508.6,219.1,186,1465.0,199.2,43,Magnus Larsson
103888,1540.3,111.4,507,1569.1,112.6,369,1437.3,410.1,56,1679.7,380.3,72,Mardy Fish
126207,1540.0,63.5,474,1578.4,87.3,330,1523.7,120.0,100,1415.9,312.2,44,Frances Tiafoe
103264,1539.9,63.6,239,1405.5,146.9,41,1613.9,97.1,182,1108.0,408.2,4,Mariano Puerta
144684,1539.6,108.6,94,1430.3,225.4,34,1632.6,123.6,53,1354.1,311.7,7,Alex Molcan
102450,1538.9,75.4,733,1563.9,110.6,410,1319.7,187.3,108,1573.6,210.8,111,Tim Henman
207830,1538.1,69.1,144,1554.8,97.1,99,1570.6,125.5,36,1384.3,312.6,9,Tomas Machac
101598,1537.9,219.3,2,1586.9,233.5,2,1500.0,350.0,0,1500.0,350.0,0,Eduardo Velez
106162,1537.0,179.3,5,1500.0,350.0,0,1641.7,210.6,5,1500.0,350.0,0,Franco Agamenone
103285,1536.8,85.0,658,1534.2,112.3,375,1511.1,201.5,173,1550.4,220.9,72,Radek Stepanek
101649,1536.6,115.1,184,1446.6,488.6,8,1593.3,117.6,174,1500.0,350.0,0,Guillermo Perez Roldan
103387,1536.4,74.2,400,1590.4,88.3,294,1184.4,278.8,42,1523.5,275.4,41,Paradorn Srichaphan
101036,1536.4,115.2,17,1528.1,186.5,6,1357.9,276.4,1,1452.9,233.8,3,Miloslav Mecir
104256,1536.0,249.3,2,1503.3,254.5,2,1500.0,350.0,0,1500.0,350.0,0,Clement Reix
200318,1535.6,147.6,6,1551.5,150.1,6,1500.0,350.0,0,1500.0,350.0,0,Yu Hsiou Hsu
105004,1531.5,233.0,3,1541.5,233.7,3,1500.0,350.0,0,1500.0,350.0,0,Dimitar Kutrovsky
101964,1531.2,90.4,838,1566.4,143.7,318,1052.3,260.1,184,1712.1,218.7,94,Goran Ivanisevic
208843,1530.9,149.2,7,1575.0,185.3,4,1484.3,248.7,3,1500.0,350.0,0,Jerome Kym
101495,1530.1,187.2,14,1500.0,350.0,0,1588.6,188.0,14,1500.0,350.0,0,Miguel Tobon
101889,1530.0,95.7,452,1536.5,138.6,261,1413.1,276.3,55,1566.8,169.7,70,Todd Woodbridge
104091,1529.6,212.4,3,1500.0,350.0,0,1529.7,243.1,3,1500.0,350.0,0,Miguel Angel Lopez Jaen
103175,1529.5,221.0,4,1507.1,218.7,4,1500.0,350.0,0,1500.0,350.0,0,Toshihide Matsui
103970,1528.4,78.7,1078,1559.0,113.8,534,1513.8,132.5,458,1408.1,280.5,70,David Ferrer
104076,1528.0,101.0,368,1427.9,133.7,109,1628.3,134.5,242,916.5,679.7,8,Jose Acasuso
128034,1527.7,74.1,384,1503.5,107.1,263,1541.7,127.0,81,1784.2,341.5,40,Hubert Hurkacz
101196,1526.8,90.8,216,1511.5,123.3,122,1354.4,253.3,27,1618.9,166.7,35,Derrick Rostagno
111815,1526.2,66.7,432,1526.4,95.1,264,1554.4,130.1,120,1612.6,298.8,48,Cameron Norrie
101324,1524.2,181.4,4,1500.0,350.0,0,1610.2,200.9,3,1500.0,350.0,0,Ulf Stenlund
200221,1524.2,65.8,323,1539.8,90.4,198,1518.8,130.2,102,1560.6,293.5,23,Alejandro Davidovich Fokina
101377,1523.8,108.2,217,1576.7,168.2,90,1486.3,169.7,60,1597.4,238.3,20,Christian Bergstrom
103781,1523.1,138.2,633,1505.1,165.8,332,1456.8,192.5,220,1498.7,327.8,71,Jurgen Melzer
101062,1522.9,81.0,157,1574.8,133.4,84,1459.1,132.2,53,1591.6,371.7,4,Mats Wilander
105881,1522.9,152.4,8,1587.5,202.5,4,1460.1,275.4,2,1481.1,253.0,2,Matthew Barton
102506,1522.3,157.7,8,1500.0,350.0,0,1532.5,169.9,8,1500.0,350.0,0,Quino Munoz
101409,1522.1,75.5,271,1530.0,116.5,136,1509.1,117.4,101,1472.2,503.3,6,Jaime Yzaga
104023,1522.0,237.6,2,1488.5,244.2,2,1500.0,350.0,0,1500.0,350.0,0,Nicolas Renavand
207797,1522.0,231.0,2,1528.7,232.7,2,1500.0,350.0,0,1500.0,350.0,0,Jonas Forejtek
111575,1521.8,64.1,551,1521.4,97.0,358,1542.5,115.2,143,1676.1,291.4,50,Karen Khachanov
101264,1521.5,137.7,14,1290.4,313.1,1,1603.3,181.8,8,1500.0,350.0,0,Michael Tauson
104026,1521.0,166.5,124,1561.2,172.2,91,1298.1,431.4,15,1640.2,453.0,12,Joachim Johansson
101721,1520.0,179.9,10,1500.0,350.0,0,1515.7,187.8,10,1500.0,350.0,0,Markus Zillner
105777,1519.2,82.6,780,1558.6,101.4,518,1391.6,185.2,179,1716.5,264.2,83,Grigor Dimitrov
101178,1518.0,152.2,10,1154.2,240.5,3,1500.0,350.0,0,1765.2,201.1,5,Pieter Aldrich
102257,1517.6,72.8,693,1512.0,105.7,379,1374.1,185.9,73,1549.6,233.2,117,Greg Rusedski
103292,1516.8,118.9,451,1453.5,320.9,114,1600.1,127.6,305,1312.7,548.7,8,Gaston Gaudio
101098,1515.8,76.9,354,1469.9,105.6,142,1522.9,213.2,82,1549.1,282.7,38,Guy Forget
101191,1514.9,90.1,459,1485.5,121.6,258,1472.4,215.2,65,1410.8,225.4,54,Richey Reneberg
105934,1514.6,217.2,2,1527.7,220.4,2,1500.0,350.0,0,1500.0,350.0,0,Chuhan Wang
102796,1514.6,74.7,408,1551.9,135.5,192,1560.6,109.9,174,1548.8,814.4,15,Magnus Norman
103045,1513.9,240.9,2,1500.0,350.0,0,1503.0,263.3,2,1500.0,350.0,0,Reginald Willems
104214,1512.8,96.6,447,1477.4,156.5,188,1546.2,121.8,209,1456.9,216.0,33,Igor Andreev
209098,1511.9,73.0,86,1496.6,114.5,43,1585.5,122.8,36,1413.6,302.5,7,Hamad Medjedovic
101475,1511.2,86.7,436,1432.3,159.5,92,1569.9,114.1,312,1304.3,847.6,8,Carlos Costa
102259,1510.9,100.4,281,1574.3,128.3,155,1443.1,218.0,71,1401.0,282.2,31,Jerome Golmard
103084,1510.6,75.8,440,1536.8,115.3,175,1528.4,145.6,205,1561.4,243.2,44,Guillermo Canas
208144,1510.0,233.2,2,1500.0,350.0,0,1500.0,350.0,0,1457.4,271.0,2,Giles Hussey
100945,1509.7,246.1,2,1500.0,350.0,0,1508.5,275.3,2,1500.0,350.0,0,Craig Campbell
104196,1509.6,164.5,8,1500.0,350.0,0,1531.7,173.9,8,1500.0,350.0,0,Carlos Cuadrado
101318,1509.2,76.9,227,1463.3,128.5,74,1566.3,154.5,83,1600.3,223.4,53,Javier Frana
101962,1509.1,137.9,459,1463.1,185.0,182,1539.1,204.0,232,1312.7,602.5,20,Younes El Aynaoui
102644,1509.0,82.8,308,1460.2,178.4,69,1541.9,95.9,226,1103.0,424.8,7,Franco Squillari
106423,1508.9,107.9,163,1520.3,124.9,125,1458.7,189.7,26,1591.0,412.9,12,Thanasi Kokkinakis
210506,1508.1,63.5,161,1552.2,93.1,108,1427.7,130.4,28,1476.2,298.9,25,Alex Michelsen
105113,1507.8,228.1,3,1504.4,229.2,3,1500.0,350.0,0,1500.0,350.0,0,Patrik Rosenholm
210220,1507.8,233.0,2,1500.0,350.0,0,1458.3,251.6,2,1500.0,350.0,0,Edas Butvilas
103559,1507.3,203.3,2,1500.0,350.0,0,1500.0,350.0,0,1434.3,251.2,2,David Sherwood
104338,1506.8,86.0,590,1427.2,118.9,204,1604.0,148.2,360,1350.8,290.2,18,Juan Monaco
104597,1506.7,103.2,663,1427.9,149.3,211,1592.4,144.2,416,1313.7,384.1,30,Nicolas Almagro
100918,1506.7,275.6,2,1506.7,275.6,2,1500.0,350.0,0,1500.0,350.0,0,Harald Rittersbacher
102271,1506.1,83.7,417,1525.6,114.2,167,1453.1,190.6,161,1526.2,213.6,35,Hicham Arazi
105122,1505.7,242.6,2,1498.7,239.8,2,1500.0,350.0,0,1500.0,350.0,0,Karlis Lejnieks
200005,1505.5,65.4,335,1551.2,91.6,222,1397.4,139.5,61,1463.3,299.1,52,Ugo Humbert
101063,1505.0,80.5,294,1409.1,694.0,22,1539.6,86.8,263,1359.5,1261.1,1,Jordi Arrese
100899,1504.9,260.2,2,1500.0,350.0,0,1503.5,270.6,2,1500.0,350.0,0,Jorgen Windahl
101030,1504.0,142.7,186,1456.9,292.4,19,1519.5,156.5,130,1346.4,588.1,4,Goran Prpic
111202,1503.8,83.2,143,1493.5,86.5,111,1535.1,310.9,29,1324.2,895.1,3,Hyeon Chung
103151,1503.3,89.5,410,1370.3,194.5,130,1570.3,113.3,267,1035.7,464.6,5,Mariano Zabaleta
102607,1502.8,89.9,87,1438.9,132.5,35,1577.2,149.9,48,1175.1,336.8,3,Juan Balcells
103850,1502.5,175.6,8,1500.0,350.0,0,1592.3,198.4,7,1305.8,283.4,1,Sebastian Decoud
101647,1502.3,84.8,465,1444.0,108.0,274,1279.2,259.3,34,1610.8,200.9,88,Byron Black
103448,1502.3,255.2,2,1500.0,350.0,0,1554.3,269.8,2,1500.0,350.0,0,Gabriel Trujillo Soler
101279,1500.9,199.0,5,1500.0,350.0,0,1500.0,350.0,0,1477.4,236.6,5,Philippe Pech
104281,1500.8,199.4,5,1498.9,201.6,5,1500.0,350.0,0,1500.0,350.0,0,Ryler Deheart
102483,1500.7,249.4,2,1500.0,350.0,0,1514.5,265.0,2,1500.0,350.0,0,David Caballero
209911,1500.6,231.0,2,1505.7,233.9,2,1500.0,350.0,0,1500.0,350.0,0,Guy Den Ouden
104068,1500.3,100.9,390,1515.8,120.7,275,1412.2,231.9,49,1393.0,355.6,50,Robby Ginepri
102162,1498.6,87.5,211,1522.9,108.8,129,1378.2,227.6,41,1501.7,232.0,20,Chris Woodruff
209860,1498.3,87.4,28,1221.4,251.1,2,1540.9,100.3,26,1500.0,350.0,0,Ignacio Buse
107798,1498.1,233.9,2,1500.0,350.0,0,1454.1,259.6,2,1500.0,350.0,0,Miguel Merz
102563,1497.1,72.9,623,1491.3,105.1,351,1374.4,161.8,98,1403.5,233.0,74,Thomas Johansson
101811,1496.5,232.4,2,1506.1,237.7,2,1500.0,350.0,0,1500.0,350.0,0,Bill Barber
102521,1496.4,150.9,209,1566.4,224.1,91,1495.6,236.5,54,1354.6,233.6,30,Hendrik Dreekmann
102148,1496.3,78.5,893,1433.0,105.9,457,1209.5,221.9,263,1408.0,186.5,77,Fabrice Santoro
101073,1496.2,88.8,140,1475.8,163.7,45,1512.1,107.2,84,1500.0,350.0,0,Martin Jaite
103581,1496.1,132.2,143,1451.4,283.9,42,1548.4,140.4,88,1387.7,314.7,12,Flavio Saretta
103296,1495.9,235.6,2,1500.0,350.0,0,1412.8,260.2,2,1500.0,350.0,0,Ivaylo Traykov
101900,1495.5,98.0,305,1417.4,187.5,119,1434.4,193.6,101,1455.9,226.8,26,Nicklas Kulti
101601,1495.3,78.9,301,1467.9,104.1,169,1470.2,248.5,27,1608.1,238.1,49,Brett Steven
104224,1495.0,197.7,4,1478.5,238.5,2,1500.0,350.0,0,1442.0,279.9,2,Travis Rettenmaier
102401,1494.6,109.0,233,1535.3,147.9,134,1371.8,246.2,39,1382.7,228.4,45,Scott Draper
101897,1494.1,73.1,390,1411.5,114.8,109,1536.4,102.0,269,1126.6,378.1,5,Fernando Meligeni
206909,1494.1,65.2,260,1505.6,90.2,181,1444.4,127.1,45,1575.6,287.5,34,Brandon Nakashima
105453,1494.1,86.1,659,1516.6,108.7,435,1456.0,181.0,157,1230.4,358.5,67,Kei Nishikori
207181,1493.7,235.5,2,1516.4,244.3,2,1500.0,350.0,0,1500.0,350.0,0,Govind Nanda
102029,1493.3,100.6,194,1423.3,136.7,65,1549.4,170.2,83,1382.5,318.3,10,Filip Dewulf
100954,1493.2,72.9,210,1506.7,104.9,99,1472.8,159.9,82,1339.0,735.8,6,Luiz Mattar
101611,1493.0,79.5,675,1527.6,137.6,264,1519.0,135.2,207,1387.5,238.1,74,Cedric Pioline
126623,1491.0,233.6,2,1500.0,350.0,0,1516.8,243.3,2,1500.0,350.0,0,Alexander Erler
209260,1491.0,61.9,143,1333.2,114.5,44,1643.3,86.5,88,1365.5,312.9,11,Luciano Darderi
103145,1490.5,177.4,6,1461.2,210.8,4,1544.4,295.6,2,1500.0,350.0,0,Amir Hadad
117358,1490.4,250.4,2,1487.8,254.3,2,1500.0,350.0,0,1500.0,350.0,0,Harry Bourchier
101235,1490.4,72.2,485,1499.3,117.6,201,1187.0,178.1,122,1506.2,203.1,53,Paul Haarhuis
202058,1489.9,75.2,47,1427.0,150.7,10,1568.3,91.6,37,1500.0,350.0,0,Thiago Agustin Tirante
101885,1489.9,91.6,278,1483.7,126.8,158,1397.1,236.3,52,1469.6,177.2,61,Wayne Arthurs
103898,1489.8,76.2,563,1480.0,116.4,352,1294.6,236.6,109,1468.7,194.6,76,Julien Benneteau
102456,1489.2,115.4,530,1431.6,257.1,135,1568.0,124.0,357,1219.3,387.2,15,Felix Mantilla
103758,1489.0,79.4,290,1503.3,97.9,213,1357.4,253.0,16,1460.1,241.7,51,Taylor Dent
102372,1489.0,186.7,5,1488.2,189.9,5,1500.0,350.0,0,1500.0,350.0,0,Sule Ladipo
122298,1488.6,70.0,225,1507.0,95.7,143,1491.9,126.5,61,1398.0,316.0,21,Botic Van De Zandschulp
104523,1488.6,78.8,115,1438.5,131.4,40,1514.1,106.4,67,1197.6,324.5,8,Frederico Gil
103786,1488.2,74.6,788,1551.8,101.8,422,1308.9,152.7,291,1334.2,530.4,30,Nikolay Davydenko
105227,1487.6,73.6,915,1516.8,96.9,577,1300.1,156.2,216,1767.9,319.0,114,Marin Cilic
200553,1487.5,270.0,2,1498.4,274.6,2,1500.0,350.0,0,1500.0,350.0,0,Alen Avidzba
126214,1487.2,65.2,160,1455.9,100.5,73,1523.6,96.7,73,1504.0,502.4,14,Alejandro Tabilo
101735,1487.1,97.3,499,1506.1,128.6,190,1508.0,148.5,242,1385.4,313.7,36,Richard Fromberg
101391,1486.6,81.2,285,1460.9,162.1,88,1442.5,139.5,113,1385.3,827.6,5,Carl Uwe Steeb
126239,1486.5,68.0,227,1526.8,96.8,135,1485.6,120.0,63,1548.6,284.9,29,Arthur Rinderknech
102998,1486.3,114.0,391,1514.5,122.9,283,1196.0,375.3,45,1530.0,351.6,44,Jan Michael Gambill
100759,1486.2,133.7,13,1509.2,192.8,7,1500.0,350.0,0,1443.6,251.0,3,Danie Visser
103424,1486.1,196.1,4,1532.8,221.0,3,1500.0,350.0,0,1500.0,350.0,0,Tobias Clemens
100529,1485.8,90.6,106,1485.8,108.8,56,1437.3,281.9,6,1408.2,223.8,15,Kevin Curren
102436,1485.2,203.6,4,1500.0,350.0,0,1500.1,212.1,4,1500.0,350.0,0,Borut Urh
105677,1485.0,230.5,2,1500.0,350.0,0,1509.1,238.8,2,1500.0,350.0,0,Nikola Cacic
102433,1484.8,150.6,12,1338.1,268.7,2,1378.4,205.5,5,1365.3,285.9,5,Mose Navarra
105238,1484.8,78.2,412,1561.9,99.7,249,1486.5,156.2,121,1503.7,298.8,42,Alexandr Dolgopolov
117353,1484.8,233.8,2,1499.0,241.7,2,1500.0,350.0,0,1500.0,350.0,0,Duck Hee Lee
209920,1484.7,90.4,30,1533.5,114.2,19,1458.1,164.1,10,1398.1,354.1,1,Raphael Collignon
102484,1484.4,233.9,2,1500.0,350.0,0,1506.5,237.1,2,1500.0,350.0,0,Massimo Calvelli
103566,1484.3,89.4,399,1467.4,115.2,241,1445.3,183.4,59,1541.0,272.2,73,Michael Llodra
101686,1484.1,98.9,201,1265.1,406.0,8,1508.0,101.5,191,1500.0,350.0,0,Franco Davin
101511,1483.3,83.5,235,1385.9,198.7,35,1525.8,125.5,161,1229.2,583.7,4,Horst Skoff
100809,1483.0,75.8,72,1278.9,227.0,7,1496.2,102.2,56,1373.2,277.3,4,Juan Aguilera
100689,1482.8,89.1,63,1437.8,131.6,27,1500.0,350.0,0,1577.2,212.6,8,Tim Mayotte
209226,1482.8,145.4,9,1500.0,350.0,0,1478.4,164.1,9,1500.0,350.0,0,Adolfo Daniel Vallejo
102184,1482.6,122.9,380,1431.4,173.5,157,1266.4,347.0,58,1540.0,211.7,61,David Prinosil
101976,1482.6,240.0,2,1500.0,350.0,0,1559.5,247.4,2,1500.0,350.0,0,Federico Dondo
101270,1482.5,147.8,12,1379.3,378.6,1,1323.1,189.0,5,1500.0,350.0,0,Thomas Gollwitzer
101439,1482.5,102.2,536,1477.1,144.1,164,1518.9,137.8,318,1362.4,381.2,9,Javier Sanchez
105052,1482.4,210.9,2,1500.0,350.0,0,1500.0,350.0,0,1469.4,256.9,2,Chris Eaton
102584,1482.3,248.1,2,1500.0,350.0,0,1504.1,253.6,2,1500.0,350.0,0,Alexandre Strambini
104294,1482.1,249.0,2,1491.4,249.5,2,1500.0,350.0,0,1500.0,350.0,0,Hao Lu
101720,1481.6,206.2,2,1500.0,350.0,0,1448.8,225.0,2,1500.0,350.0,0,Agustin Garizzio
102024,1481.5,86.1,229,1475.1,159.8,62,1508.5,103.7,162,1126.2,364.6,3,Hernan Gumy
126504,1480.5,129.7,14,1500.0,350.0,0,1532.1,138.6,14,1500.0,350.0,0,Andrea Pellegrino
102302,1480.3,182.1,6,1222.3,319.5,1,1500.0,350.0,0,1500.0,350.0,0,Marcelo Saliola
101507,1480.0,106.6,360,1407.7,219.3,76,1523.6,132.5,229,1415.6,393.9,12,Tomas Carbonell
206681,1479.6,67.7,141,1526.9,93.9,87,1443.9,127.4,43,1316.2,307.4,11,Fabian Marozsan
102689,1478.9,181.7,5,1408.1,286.2,1,1541.8,207.7,4,1500.0,350.0,0,Martin Spottl
209263,1478.9,116.3,13,1429.4,169.9,5,1537.1,155.4,8,1500.0,350.0,0,Matteo Gigante
101792,1478.7,77.6,376,1404.9,141.7,89,1515.0,126.2,252,1360.1,270.4,15,Slava Dosedel
122554,1477.6,262.0,2,1500.0,350.0,0,1477.6,269.3,2,1500.0,350.0,0,David Jorda Sanchis
101901,1477.3,91.8,174,1501.9,101.2,133,1193.1,323.7,11,1411.1,405.5,10,Chuck Adams
102845,1477.2,94.4,867,1523.9,119.6,352,1432.7,145.5,460,1353.2,626.1,27,Carlos Moya
208286,1477.0,72.1,144,1380.5,102.7,82,1625.4,116.3,56,1118.2,329.2,6,Matteo Arnaldi
101276,1476.6,75.8,146,1189.9,623.8,9,1504.7,79.2,133,1314.9,402.7,2,Horacio De La Pena
106695,1475.6,251.2,2,1497.6,256.9,2,1500.0,350.0,0,1500.0,350.0,0,Carlos Claverie
200416,1474.6,173.1,5,1294.0,262.3,2,1500.0,350.0,0,1606.4,210.2,3,August Holmgren
133430,1474.5,70.8,424,1553.7,93.6,301,1377.9,147.4,79,1337.3,313.4,44,Denis Shapovalov
105870,1474.3,74.1,191,1449.9,134.8,53,1547.6,96.9,119,1302.3,342.9,19,Yannick Hanfmann
103153,1473.9,102.4,37,1337.6,183.5,11,1436.8,275.2,3,1573.8,159.5,20,Gilles Elseneer
102934,1473.7,97.5,32,1312.3,379.9,2,1500.2,106.7,28,1257.6,280.2,2,Nicolas Coutelot
102363,1473.3,188.2,3,1423.6,198.6,3,1500.0,350.0,0,1500.0,350.0,0,Filippo Veglio
209147,1472.4,128.1,12,1500.0,350.0,0,1503.9,132.1,12,1500.0,350.0,0,Vilius Gaubas
208169,1472.3,117.6,16,1524.2,189.4,7,1451.2,155.9,9,1500.0,350.0,0,Titouan Droguet
103478,1472.1,177.5,5,1361.0,278.2,1,1556.5,204.5,4,1500.0,350.0,0,Diego Veronelli
123896,1471.9,232.6,2,1470.8,234.5,2,1500.0,350.0,0,1500.0,350.0,0,Matija Pecotic
103902,1471.7,245.0,2,1500.0,350.0,0,1466.8,246.1,2,1500.0,350.0,0,Jan Mertl
103018,1471.5,91.9,445,1477.7,123.0,243,1483.9,182.9,92,1497.0,256.6,56,Max Mirnyi
101412,1471.3,110.0,226,1446.6,133.8,142,1345.1,281.7,16,1554.3,237.5,41,Shuzo Matsuoka
100768,1471.3,133.9,14,1178.4,244.1,4,1500.0,350.0,0,1633.2,187.0,8,Nick Brown
101626,1471.1,226.5,3,1533.8,266.2,2,1388.4,278.0,1,1500.0,350.0,0,Stephen Noteboom
101776,1470.6,90.9,218,1476.8,125.2,134,1338.8,210.4,25,1507.3,202.3,48,Sandon Stolle
102588,1470.3,138.2,37,1456.1,240.9,16,1342.4,309.4,4,1500.0,350.0,0,Lars Rehmann
101061,1470.2,167.1,122,1508.1,181.2,76,1400.8,226.3,39,1500.0,350.0,0,Jimmy Arias
103110,1470.1,77.7,84,1307.4,128.3,30,1339.5,162.0,24,1533.9,279.2,17,Daniele Bracciali
100284,1469.9,127.7,85,1495.9,179.5,55,1337.9,235.2,13,1490.7,260.6,7,Jimmy Connors
211558,1469.7,234.6,2,1500.0,350.0,0,1484.5,250.4,2,1500.0,350.0,0,Karim Bennani
101332,1469.1,126.4,126,1463.4,165.3,82,1348.1,217.6,17,1464.5,283.4,15,Gilad Bloom
101380,1468.9,248.7,2,1484.8,251.0,2,1500.0,350.0,0,1500.0,350.0,0,Amit Naor
102463,1468.9,114.3,49,1400.1,201.4,10,1491.2,130.5,38,1292.4,372.9,1,Lucas Arnold Ker
101358,1468.6,89.1,272,1446.3,125.9,131,1363.0,203.1,57,1443.8,365.2,19,Olivier Delaitre
106233,1468.5,88.6,547,1460.0,144.2,281,1503.6,142.2,234,1167.0,387.4,32,Dominic Thiem
101703,1467.7,89.8,391,1474.9,117.4,202,1275.3,225.3,49,1384.1,285.4,47,Guillaume Raoux
208363,1467.4,65.8,110,1232.8,126.8,33,1606.1,89.9,72,1249.5,349.8,5,Mariano Navone
144869,1467.3,63.3,219,1456.5,101.8,90,1555.9,94.8,115,1196.1,323.2,14,Tomas Martin Etcheverry
102437,1467.1,74.1,294,1482.8,151.4,108,1484.9,120.7,140,1162.0,270.9,19,Adrian Voinea
101639,1466.6,166.3,5,1471.1,178.7,5,1500.0,350.0,0,1500.0,350.0,0,Lan Bale
104332,1466.2,111.1,191,1541.5,148.8,112,1319.4,207.4,40,1510.5,233.4,39,Philipp Petzschner
105678,1466.1,216.6,2,1500.0,350.0,0,1427.0,230.7,2,1500.0,350.0,0,Axel Michon
103702,1465.8,263.6,2,1500.0,350.0,0,1485.1,278.1,2,1500.0,350.0,0,Stefano Ianni
209976,1465.7,86.1,35,1330.4,148.9,13,1544.5,113.0,22,1500.0,350.0,0,Dino Prizmic
101185,1465.6,87.1,465,1411.3,102.7,253,1293.2,271.6,74,1454.6,247.8,59,Mark Woodforde
102247,1465.5,81.8,426,1414.5,149.6,111,1530.6,113.0,277,1144.9,501.4,10,Andrea Gaudenzi
101149,1465.4,199.3,5,1500.0,350.0,0,1500.0,350.0,0,1500.0,350.0,0,Morten Christensen
101917,1465.0,101.1,193,1469.1,129.8,122,1315.6,253.8,21,1477.9,188.7,39,Grant Stafford
101429,1464.9,224.8,2,1500.0,350.0,0,1490.5,231.3,2,1500.0,350.0,0,Stephane Grenier
212021,1464.8,96.3,28,1497.4,143.8,13,1459.4,145.2,15,1500.0,350.0,0,Martin Landaluce
102466,1464.3,105.1,161,1508.8,139.9,78,1207.0,205.4,25,1303.0,387.4,13,Jan Kroslak
102351,1464.0,96.4,46,1405.5,352.3,1,1489.2,101.5,44,1392.3,308.3,1,Oscar Martinez
101234,1463.9,108.8,192,1451.7,234.2,90,1347.6,230.1,24,1405.6,276.4,24,Patrik Kuhnen
101606,1463.9,81.9,157,1308.6,147.6,45,1479.6,116.8,106,1500.0,350.0,0,Alberto Mancini
101932,1463.8,131.6,140,1504.5,176.7,73,1445.5,246.7,36,1445.1,301.4,18,Jared Palmer
101833,1462.9,134.9,148,1499.0,144.2,90,1403.4,286.1,20,1195.4,318.0,15,Michael Tebbutt
104360,1462.3,239.0,2,1500.0,350.0,0,1471.3,248.8,2,1500.0,350.0,0,Adam Chadaj
213608,1462.3,149.3,7,1376.4,211.3,3,1497.2,188.9,4,1500.0,350.0,0,Moise Kouame
101510,1462.0,105.9,201,1472.4,132.2,104,1396.4,481.1,17,1513.0,240.5,36,Henrik Holm
102880,1461.8,83.0,110,1370.1,161.4,41,1164.9,198.0,26,1647.8,168.4,38,Alexander Popp
200240,1461.5,71.7,63,1400.8,163.8,16,1527.6,90.5,45,1306.5,352.9,2,Vit Kopriva
101797,1461.5,92.7,267,1380.1,127.9,96,1513.6,351.1,72,1556.1,232.1,45,Jacco Eltingh
103356,1461.3,143.2,159,1465.0,186.2,85,1453.0,183.8,42,1444.8,262.1,21,Michel Kratochvil
102939,1460.8,170.5,6,1533.9,201.8,3,1391.7,218.5,3,1500.0,350.0,0,Jean Baptiste Perlant
104383,1460.8,245.9,3,1500.0,350.0,0,1499.3,258.6,3,1500.0,350.0,0,Diogo Rocha
101594,1460.4,140.9,64,1453.7,159.5,37,1453.3,240.4,23,1362.3,599.7,1,Carsten Arriens
105807,1460.3,79.7,519,1441.5,112.8,284,1561.2,140.0,215,1258.7,469.8,20,Pablo Carreno Busta
105095,1460.0,119.4,167,1507.5,212.8,94,1389.2,179.9,57,1207.1,291.7,12,Evgeny Korolev
103598,1459.8,71.1,548,1394.2,103.8,328,1178.7,188.2,107,1637.0,184.7,80,Xavier Malisse
103324,1459.6,97.1,167,1409.8,228.3,55,1485.1,122.0,99,1386.7,715.6,4,Arnaud Di Pasquale
104571,1459.4,88.1,599,1476.7,111.0,413,1166.5,262.8,80,1475.8,203.2,95,Marcos Baghdatis
105826,1459.3,243.5,2,1456.8,250.2,2,1500.0,350.0,0,1500.0,350.0,0,Alejandro Gomez Gb42
102179,1459.1,105.4,213,1357.5,204.6,100,1377.3,211.0,58,1432.3,171.8,41,Antony Dupuis
104965,1458.8,158.4,9,1393.6,381.4,1,1553.4,172.8,8,1500.0,350.0,0,Pavol Cervenak
102369,1458.5,94.1,146,1395.7,207.3,59,1520.9,119.8,58,1073.2,315.5,9,Julien Boutter
102911,1458.5,119.1,93,1478.9,175.3,45,1368.3,254.3,23,1349.9,217.2,17,Andrei Stoliarov
101890,1458.4,132.4,284,1462.7,153.9,184,1392.4,456.5,19,1447.6,243.5,43,Jonathan Stark
101348,1458.2,117.7,22,1463.6,146.2,16,1500.0,350.0,0,1215.4,245.9,3,Dave Randall
101373,1457.9,122.8,159,1477.2,196.8,76,1285.8,303.0,40,1471.9,227.4,25,Karsten Braasch
103325,1457.7,85.5,112,1480.7,111.9,79,1217.8,369.2,3,1461.2,196.3,21,Wesley Moodie
103484,1457.5,73.0,593,1509.6,96.7,432,1220.2,236.3,90,1225.3,218.9,59,James Blake
101413,1457.4,189.8,5,1554.3,242.4,3,1500.0,350.0,0,1400.2,312.8,1,Felix Barrientos
102093,1457.1,110.2,16,1481.3,128.7,13,1440.2,226.7,3,1500.0,350.0,0,Martin Damm
100763,1457.0,78.9,293,1494.8,92.8,184,1401.7,276.6,23,1505.4,276.2,26,Brad Gilbert
104468,1456.9,88.0,880,1490.0,118.3,520,1430.0,186.9,258,1244.7,311.4,93,Gilles Simon
104495,1456.8,218.1,4,1500.0,350.0,0,1487.2,275.2,2,1471.3,277.2,2,Florin Mergea
102968,1456.7,164.2,11,1481.3,207.8,8,1500.0,350.0,0,1325.3,258.4,3,Jonathan Erlich
101806,1455.9,126.6,340,1473.0,227.1,99,1467.5,140.9,160,1319.4,376.0,33,Marc Kevin Goellner
104043,1455.9,179.2,52,1482.5,364.0,3,1494.8,195.1,46,1377.9,574.6,3,Marc Lopez
102533,1455.6,99.0,116,1486.4,217.1,29,1421.4,120.8,58,1496.6,238.2,22,Jens Knippschild
103252,1455.5,88.8,486,1313.3,202.7,153,1527.7,107.3,304,1305.3,322.4,23,Alberto Martin
101311,1455.4,151.0,24,1408.7,168.7,16,1500.0,350.0,0,1486.4,452.9,4,Kent Kinnear
104019,1455.4,89.1,199,1429.0,136.0,88,1444.6,158.1,75,1274.6,209.8,27,Kristof Vliegen
101820,1455.4,94.3,737,1448.6,192.2,284,1394.0,159.6,216,1415.4,305.2,57,Marc Rosset
144797,1455.2,248.9,2,1500.0,350.0,0,1478.3,253.3,2,1500.0,350.0,0,Carl Soderlund
101772,1454.8,120.5,352,1515.8,166.8,130,1414.1,231.0,140,995.4,896.4,7,Andrei Cherkasov
102030,1454.7,166.8,10,1356.9,307.9,1,1500.0,350.0,0,1411.9,197.8,9,Andrew Foster
101058,1454.6,153.9,11,1379.9,384.9,1,1532.3,164.4,10,1500.0,350.0,0,Francisco Yunis
106058,1454.1,90.3,328,1455.0,108.1,241,1395.0,302.1,57,1474.7,227.8,30,Jack Sock
105542,1454.0,221.0,3,1500.0,350.0,0,1474.3,230.7,3,1500.0,350.0,0,Bastian Trinker
100653,1453.7,86.3,133,1402.7,146.7,45,1485.2,112.9,66,1325.3,644.7,1,Andres Gomez
208118,1453.6,104.7,22,1510.1,116.6,18,1319.4,257.2,1,1374.9,344.3,3,Eliot Spizzirri
104379,1453.2,94.4,35,1467.7,113.3,26,1279.2,304.9,1,1437.1,228.1,8,Todd Reid
132686,1453.0,65.4,165,1455.1,94.7,96,1503.6,120.8,55,1364.5,298.6,14,Nuno Borges
133835,1453.0,106.7,27,1437.4,189.6,10,1463.6,220.9,9,1429.1,201.8,8,Gijs Brouwer
101904,1452.7,229.6,3,1500.0,350.0,0,1500.0,350.0,0,1446.3,276.6,3,Chris Haggard
101117,1452.6,74.7,85,1390.4,180.8,21,1530.8,129.6,26,1423.6,226.9,15,Eric Jelen
101582,1452.5,86.6,236,1275.6,174.9,36,1513.6,115.9,192,1333.3,1201.4,1,Gilbert Schaller
103103,1452.4,106.0,635,1448.0,123.1,320,1373.4,209.6,233,1214.7,346.2,24,Dominik Hrbaty
133297,1452.4,104.9,41,1448.6,113.0,31,1548.8,309.2,6,1542.1,310.2,4,Yosuke Watanuki
102154,1451.9,120.0,244,1450.3,144.3,147,1496.6,244.4,55,1375.6,346.1,27,Marcos Ondruska
102624,1451.9,303.7,1,1500.0,350.0,0,1500.0,350.0,0,1427.7,304.8,1,Andrew Painter
102558,1451.7,136.7,29,1479.4,145.2,27,1293.3,410.2,2,1500.0,350.0,0,Eric Taino
102104,1451.7,87.2,231,1386.8,164.9,68,1499.2,116.5,153,1072.5,406.5,6,Christian Ruud
101858,1451.6,213.9,3,1452.7,223.7,3,1500.0,350.0,0,1500.0,350.0,0,Gilles Bastie
101991,1451.4,134.4,92,1472.7,215.9,43,1489.0,157.9,45,1227.2,648.3,4,Mauricio Hadad
102169,1451.4,156.0,113,1483.8,163.7,82,1224.7,574.5,6,1411.8,418.7,16,Michael Joyce
102835,1451.3,166.2,10,1320.8,288.3,1,1426.0,411.8,1,1454.8,222.5,8,Luke Milligan
104209,1451.1,160.9,9,1393.3,292.6,3,1476.7,190.5,6,1500.0,350.0,0,Rainer Eitzinger
101997,1451.1,127.3,50,1519.8,227.5,11,1461.2,149.1,34,1372.4,438.1,3,Marzio Martelli
103031,1451.0,87.7,114,1357.8,182.1,31,1527.8,110.4,78,1180.2,340.4,2,Julian Alonso
202104,1450.9,67.1,242,1452.9,107.7,88,1472.4,101.6,143,1119.5,435.6,11,Sebastian Baez
210017,1450.7,125.0,11,1327.3,264.0,1,1474.9,145.4,10,1500.0,350.0,0,Daniel Merida Aguilar
100923,1450.7,80.0,262,1456.9,114.7,132,1411.2,301.7,33,1386.9,207.1,46,Wally Masur
124187,1450.6,76.1,245,1506.0,92.7,179,1144.6,204.8,41,1432.1,255.4,25,Reilly Opelka
134868,1450.2,70.7,238,1479.7,105.9,144,1379.1,138.3,62,1599.2,299.2,32,Tallon Griekspoor
102205,1449.9,89.7,202,1450.8,111.4,135,1203.0,303.7,10,1449.6,216.0,31,Sebastien Lareau
104545,1449.6,75.3,778,1445.9,102.5,557,1408.1,207.5,138,1533.3,194.1,83,John Isner
101711,1449.5,111.0,227,1466.2,129.1,145,1278.7,354.1,30,1427.3,251.6,31,Alex Obrien
101481,1449.4,118.5,239,1534.9,623.0,46,1375.1,148.6,117,1371.6,618.4,10,Omar Camporese
202235,1449.4,251.6,2,1449.9,258.1,2,1500.0,350.0,0,1500.0,350.0,0,Jacopo Berrettini
101230,1449.1,112.6,387,1454.5,213.2,151,1496.3,151.8,165,979.9,467.6,9,Andrei Chesnokov
209113,1449.1,73.9,85,1457.1,93.2,54,1369.9,171.4,17,1601.1,276.9,14,Gabriel Diallo
101929,1449.1,121.2,23,1373.3,185.5,7,1485.9,293.8,4,1500.0,350.0,0,Joost Winnink
104515,1449.0,137.5,15,1273.6,245.4,4,1457.0,173.9,11,1500.0,350.0,0,Mathieu Montcourt
100587,1448.9,166.0,9,1441.6,187.2,8,1379.4,311.0,1,1500.0,350.0,0,Steve Guy
111442,1448.7,77.9,320,1428.4,100.1,206,1331.1,202.5,47,1520.3,198.8,67,Jordan Thompson
102035,1448.5,79.9,747,1394.8,118.7,439,1422.3,188.8,99,1565.9,190.8,122,Jonas Bjorkman
104721,1448.4,141.2,26,1364.2,177.2,12,1418.4,230.5,11,1500.0,350.0,0,Josselin Ouanna
100972,1448.3,84.2,117,1510.7,118.9,71,1311.1,168.7,24,1336.6,255.4,11,Todd Witsken
101251,1448.1,149.2,11,1495.8,292.4,2,1537.9,226.7,4,1500.0,350.0,0,Eric Winogradsky
105668,1448.0,95.4,165,1480.2,139.0,102,1354.7,215.5,37,1680.1,187.1,26,Jerzy Janowicz
102252,1447.5,139.4,10,1431.0,220.3,3,1488.1,170.6,7,1500.0,350.0,0,Ignacio Truyol
106249,1447.5,154.3,11,1500.0,350.0,0,1447.0,163.7,11,1500.0,350.0,0,Joao Domingues
103225,1446.9,140.6,13,1429.4,146.5,13,1500.0,350.0,0,1500.0,350.0,0,Simon Larose
102201,1446.8,127.8,192,1463.4,137.5,121,1374.5,380.6,24,1105.7,644.5,6,Lionel Roux
127123,1446.8,302.8,1,1500.0,350.0,0,1463.5,317.7,1,1500.0,350.0,0,Mateus Alves
104305,1446.7,151.6,13,1470.6,165.3,12,1500.0,350.0,0,1308.2,285.8,1,Luka Gregorc
101980,1446.5,239.5,2,1471.9,241.5,2,1500.0,350.0,0,1500.0,350.0,0,Howard Joffe
105992,1446.5,117.1,273,1447.6,129.2,198,1381.2,233.0,38,1306.6,309.3,37,Ryan Harrison
202385,1446.4,74.4,130,1480.7,99.0,91,1269.7,184.1,19,1643.2,290.8,20,Jenson Brooksby
101717,1446.4,103.4,190,1454.7,281.9,53,1399.7,122.2,74,1293.5,394.3,20,Diego Nargiso
104792,1446.4,82.1,927,1470.1,115.6,597,1371.1,151.9,237,1440.2,255.5,83,Gael Monfils
101805,1446.3,104.1,69,1471.2,127.3,45,1356.8,328.0,4,1458.6,215.6,14,David Nainkin
101888,1446.3,98.3,391,1441.9,129.0,192,1400.8,323.0,66,1490.4,273.2,39,Daniel Vacek
101349,1446.0,194.1,5,1396.7,323.6,1,1500.0,350.0,0,1500.0,350.0,0,Adam Malik
102944,1445.9,236.1,3,1500.0,350.0,0,1456.7,246.6,3,1500.0,350.0,0,Stefano Cobolli
101725,1445.4,124.4,122,1375.3,245.4,28,1503.5,128.3,88,1337.9,610.2,1,Gabriel Markus
100752,1445.2,107.4,82,1454.6,125.6,56,1359.5,325.4,4,1433.6,342.9,7,Ramesh Krishnan
200677,1445.1,244.7,2,1442.8,253.8,2,1500.0,350.0,0,1500.0,350.0,0,Rio Noguchi
100955,1445.1,166.1,11,1748.0,191.3,5,1378.0,306.3,1,1500.0,350.0,0,Yahiya Doumbia
103701,1444.9,88.2,46,1238.5,176.2,8,1490.0,125.5,33,1134.0,314.6,2,Diego Hartfield
100586,1444.8,231.0,3,1458.1,237.1,3,1500.0,350.0,0,1500.0,350.0,0,Eliot Teltscher
102776,1444.4,109.9,203,1348.8,142.6,104,1514.4,172.1,77,1274.9,333.8,16,Andrew Ilie
102703,1444.3,84.0,275,1462.5,108.7,189,1401.4,166.2,47,1383.2,281.8,36,Hyung Taik Lee
101252,1444.2,290.6,2,1444.2,290.6,2,1500.0,350.0,0,1500.0,350.0,0,Brian Page
101463,1444.0,98.6,293,1419.9,133.9,114,1511.3,148.0,144,1003.2,340.4,17,Bernd Karbacher
101788,1443.9,96.6,72,1496.3,156.6,39,1158.2,254.4,9,1448.3,171.6,17,Doug Flach
100892,1443.8,222.1,6,1647.1,253.8,4,1500.0,350.0,0,1500.0,350.0,0,Alexandre Hocevar
209992,1443.7,82.3,82,1453.8,85.5,71,1260.9,392.4,6,1531.5,368.9,5,Juncheng Shang
101226,1443.7,131.5,33,1469.9,155.3,27,1412.1,271.7,5,1500.0,350.0,0,Johan Carlsson
104071,1443.3,163.9,8,1381.3,205.9,5,1500.0,350.0,0,1572.8,239.7,3,Raven Klaasen
101532,1443.1,90.4,709,1493.5,113.1,215,1344.3,152.4,443,1270.0,358.9,22,Francisco Clavet
104167,1443.0,153.0,10,1417.7,157.9,10,1500.0,350.0,0,1500.0,350.0,0,Todd Widom
101835,1443.0,133.9,57,1335.0,238.2,12,1303.9,379.2,5,1508.5,198.4,23,Arne Thoms
144719,1442.6,69.7,295,1461.9,109.2,118,1420.5,130.9,157,1551.9,304.1,20,Jaume Munar
103157,1442.6,130.1,40,1331.2,208.9,11,1500.0,350.0,0,1441.4,185.0,28,Arvind Parmar
104813,1442.4,136.9,64,1425.1,175.1,36,1476.1,185.8,15,1437.7,228.9,13,Grega Zemlja
101227,1442.3,243.5,2,1446.7,248.5,2,1500.0,350.0,0,1500.0,350.0,0,Daniel Marco
103646,1442.0,298.5,1,1500.0,350.0,0,1500.0,350.0,0,1424.4,312.2,1,Lars Uebel
126127,1441.9,84.5,141,1460.5,100.4,95,1509.9,195.9,24,1394.7,285.1,22,Benjamin Bonzi
101421,1441.6,88.8,76,1431.8,144.8,30,1492.8,133.2,27,1464.2,257.9,11,Veli Paloheimo
102286,1441.6,115.0,136,1429.0,131.8,88,1320.8,595.5,13,1347.1,304.3,17,Wayne Black
103070,1441.1,297.5,1,1429.8,291.2,1,1500.0,350.0,0,1500.0,350.0,0,Christophe Pognon
100676,1441.1,140.6,61,1489.3,204.2,26,1493.4,194.8,20,1233.5,492.3,2,Yannick Noah
101733,1440.8,97.4,523,1483.2,144.9,247,1324.1,157.2,82,1341.7,224.9,58,Jan Siemerink
208010,1440.8,118.5,17,1362.5,243.0,3,1451.1,137.1,14,1500.0,350.0,0,Pablo Llamas Ruiz
209957,1440.7,151.3,7,1570.6,208.6,3,1382.6,303.4,1,1326.0,237.4,3,Jack Pinnington Jones
103720,1440.7,91.7,822,1468.6,115.7,510,1116.4,253.7,138,1487.5,191.9,150,Lleyton Hewitt
102722,1440.6,110.3,78,1243.2,186.4,24,1529.3,127.3,51,1163.4,383.3,2,Attila Savolt
101829,1440.5,119.6,18,1500.0,350.0,0,1475.4,124.0,18,1500.0,350.0,0,Federico Sanchez
200325,1440.5,101.9,194,1468.1,127.8,134,1312.6,206.0,37,1470.7,213.6,23,Emil Ruusuvuori
103812,1439.9,90.1,415,1379.5,139.2,149,1567.5,138.5,227,1147.9,314.4,32,Victor Hanescu
102905,1439.7,108.0,429,1495.0,133.9,208,1253.7,231.9,171,1161.3,289.0,27,Stefan Koubek
101035,1439.5,223.9,5,1428.8,261.4,3,1508.2,279.8,2,1500.0,350.0,0,Menno Oosting
102869,1438.6,113.7,297,1282.7,330.6,49,1506.5,120.7,237,1145.7,418.1,7,Galo Blanco
101436,1438.6,296.5,1,1500.0,350.0,0,1464.1,317.2,1,1500.0,350.0,0,George Cosac
104651,1438.5,128.2,17,1500.0,350.0,0,1508.5,139.1,16,1403.1,298.9,1,Martin Alund
102925,1437.7,88.8,278,1433.9,135.9,183,1287.0,243.9,25,1394.1,197.6,59,Justin Gimelstob
102770,1437.7,122.4,159,1441.7,169.1,78,1362.5,185.6,41,1439.6,246.3,29,John Van Lottum
104579,1437.4,198.0,5,1456.7,217.0,4,1403.7,317.2,1,1500.0,350.0,0,Romain Jouan
106120,1437.3,169.2,6,1510.2,229.3,3,1416.5,223.7,3,1500.0,350.0,0,Ricardo Ojeda Lara
104948,1437.3,241.5,2,1409.4,252.7,2,1500.0,350.0,0,1500.0,350.0,0,Petar Jelenic
102397,1436.9,151.6,9,1500.0,350.0,0,1464.4,159.4,9,1500.0,350.0,0,Jose Imaz Ruiz
103066,1435.9,181.8,10,1417.4,186.9,10,1500.0,350.0,0,1500.0,350.0,0,Mark Nielsen
101124,1435.7,105.5,89,1340.6,485.4,13,1446.6,115.1,60,1500.0,350.0,0,Paolo Cane
102723,1435.6,176.4,6,1500.0,350.0,0,1473.6,186.1,6,1500.0,350.0,0,Eduardo Medica
101367,1435.6,294.3,1,1500.0,350.0,0,1457.8,311.4,1,1500.0,350.0,0,Igor Saric
107607,1435.5,294.0,1,1500.0,350.0,0,1456.3,310.4,1,1500.0,350.0,0,Lukas Thomas
104918,1435.5,74.5,965,1463.9,103.1,662,1166.5,226.8,150,1422.9,235.1,142,Andy Murray
101406,1435.3,137.1,15,1474.2,176.3,5,1424.8,190.1,9,1500.0,350.0,0,Wojtek Kowalski
103096,1435.1,91.3,622,1464.2,123.6,344,1318.2,197.3,110,1413.7,214.7,92,Arnaud Clement
101214,1434.9,93.7,237,1410.6,144.6,108,1431.9,167.8,70,1602.6,227.2,43,Bryan Shelton
101462,1434.9,123.0,138,1431.9,223.1,33,1427.4,157.6,95,1472.8,841.2,2,Francisco Roig
101374,1434.5,151.5,71,1449.6,207.2,38,1466.6,191.1,21,1320.6,484.0,5,Leonardo Lavalle
103171,1434.2,115.2,205,1412.4,179.9,82,1411.2,184.9,61,1390.9,205.8,49,Raemon Sluiter
101285,1434.2,91.8,188,1347.8,197.9,55,1501.4,131.3,96,1538.6,433.5,9,Thierry Champion
104869,1434.2,119.8,17,1450.6,139.4,13,1447.0,319.1,1,1319.1,317.9,3,Sergei Bubka
104731,1434.1,106.9,602,1350.9,147.0,416,1538.0,291.7,110,1613.4,235.9,76,Kevin Anderson
102491,1433.9,89.8,96,1474.1,129.8,50,1337.8,231.4,8,1436.2,215.9,19,Alex Radulescu
104620,1433.8,104.5,272,1318.7,173.2,126,1495.0,165.3,112,1539.4,246.1,31,Simone Bolelli
102738,1433.8,250.6,2,1500.0,350.0,0,1446.8,254.1,2,1500.0,350.0,0,Stefano Tarallo
200615,1433.8,70.9,260,1401.4,103.4,166,1513.1,134.9,70,1241.1,324.1,24,Alexei Popyrin
102519,1433.5,134.8,13,1278.4,272.2,1,1453.2,157.6,12,1500.0,350.0,0,Marcio Carlsson
102494,1433.4,86.1,115,1288.2,167.1,35,1476.4,116.0,71,1110.3,364.1,4,Tomas Behrend
101233,1433.4,92.5,169,1461.4,139.5,85,1244.4,230.1,17,1567.5,246.3,29,Alex Antonitsch
103813,1433.1,80.3,697,1393.1,115.5,437,1384.5,168.2,183,1454.7,232.2,57,Jarkko Nieminen
103280,1433.0,120.6,122,1385.7,224.6,42,1465.7,151.9,59,1263.2,390.0,9,Martin Verkerk
103923,1432.9,308.4,1,1500.0,350.0,0,1449.3,314.9,1,1500.0,350.0,0,Radoslaw Nijaki
105047,1432.9,187.2,3,1259.7,255.5,1,1500.0,350.0,0,1467.4,254.7,2,Tim Puetz
103534,1432.7,128.4,71,1300.8,227.0,21,1425.6,146.2,44,1290.0,322.5,6,Nicolas Devilder
104180,1432.6,72.6,405,1384.0,128.7,268,1360.4,177.4,49,1409.0,166.3,81,Gilles Muller
100870,1432.6,95.4,154,1331.7,136.5,81,1220.6,362.4,7,1630.9,206.9,40,Christo Van Rensburg
104217,1432.4,147.4,16,1455.2,201.6,8,1500.0,350.0,0,1425.5,237.7,8,Simon Stadler
100855,1432.3,134.1,84,1489.0,159.8,54,1187.3,353.4,5,1421.5,244.5,9,Scott Davis
102788,1432.1,146.5,89,1309.1,266.8,45,1286.9,351.2,15,1491.2,190.2,29,Jan Vacek
121531,1432.0,246.6,3,1500.0,350.0,0,1584.6,273.1,2,1360.3,312.8,1,Mats Moraing
208502,1431.7,98.4,52,1457.2,130.6,31,1391.8,189.6,13,1440.0,257.0,8,Dominic Stricker
103166,1431.3,111.1,119,1434.8,146.2,74,1235.6,298.7,11,1429.4,284.4,22,Vladimir Voltchkov
103003,1431.2,149.8,11,1596.0,255.2,2,1395.0,256.8,3,1323.3,300.1,2,Jean Francois Bachelot
200267,1431.1,69.6,121,1459.9,93.1,80,1328.8,153.9,29,1328.4,296.5,12,Zizou Bergs
101522,1431.0,221.4,3,1436.7,224.6,3,1500.0,350.0,0,1500.0,350.0,0,Chi Wan Kim
105558,1430.9,86.0,43,1433.2,147.0,20,1427.1,144.4,17,1450.9,211.3,6,Guillaume Rufin
101674,1430.8,226.5,3,1500.0,350.0,0,1392.5,276.3,1,1500.0,350.0,0,Rudiger Haas
102152,1430.8,167.2,6,1512.7,204.3,4,1322.6,244.9,2,1500.0,350.0,0,Pablo Campana
100967,1430.7,79.0,73,1471.1,105.4,51,1196.5,390.4,2,1399.4,206.0,10,Dan Goldie
210013,1430.6,97.4,362,1443.7,167.7,184,1240.2,199.9,33,1500.8,182.1,46,Martin Damm Sr
102642,1430.3,93.8,186,1405.8,114.8,119,1180.0,351.3,16,1336.6,284.5,24,Cyril Saulnier
110748,1430.3,132.4,14,1398.8,212.9,5,1450.9,185.4,9,1500.0,350.0,0,Nikola Milojevic
111581,1430.3,113.3,77,1481.4,122.4,64,1283.9,246.0,9,1352.3,402.5,4,Michael Mmoh
105916,1430.1,74.3,332,1481.3,97.8,199,1294.6,148.7,93,1511.3,280.4,40,Marton Fucsovics
102060,1430.0,204.1,4,1376.8,217.9,4,1500.0,350.0,0,1500.0,350.0,0,Ignacio Martinez
102863,1429.9,151.8,57,1469.0,157.2,51,1500.0,350.0,0,1337.7,427.2,5,Takao Suzuki
101864,1429.8,99.7,39,1336.8,161.9,11,1308.7,318.7,6,1415.2,244.3,11,Fernon Wibier
103714,1429.8,167.9,175,1399.2,282.5,94,1430.8,188.1,65,1228.1,673.4,7,Andreas Vinciguerra
102227,1429.7,94.7,362,1430.1,136.2,170,1374.6,199.4,103,1242.8,229.8,58,Sargis Sargsian
101000,1429.4,109.0,20,1399.3,149.2,14,1388.6,188.1,4,1302.3,303.7,2,Carl Limberger
105554,1429.0,81.3,311,1461.4,129.5,208,1201.6,239.6,54,1427.3,189.2,49,Daniel Evans
111794,1428.9,77.5,98,1464.4,98.7,62,1294.0,163.1,25,1651.9,298.1,11,Kamil Majchrzak
209279,1428.9,75.2,54,1463.3,109.9,36,1398.9,134.2,18,1500.0,350.0,0,Terence Atmane
111444,1428.8,290.2,1,1439.8,297.9,1,1500.0,350.0,0,1500.0,350.0,0,Karim Hossam
101468,1428.7,119.3,57,1530.3,195.8,11,1409.1,158.3,41,1223.1,597.1,1,Gerard Solves
101914,1428.3,91.0,43,1439.6,141.1,18,1459.8,132.9,21,1367.4,324.0,1,Lars Koslowski
144895,1428.1,69.9,227,1462.9,100.5,114,1383.8,128.2,86,1569.3,288.6,27,Corentin Moutet
106298,1427.7,115.6,266,1420.5,156.7,158,1396.3,204.9,73,1620.3,312.2,35,Lucas Pouille
102167,1427.5,103.5,129,1333.2,185.7,29,1473.3,132.6,94,1290.7,435.1,3,Juan Albert Viloca Puig
100936,1427.4,92.0,181,1425.3,199.2,34,1253.8,141.9,81,1419.2,234.1,31,Henri Leconte
101704,1427.3,143.0,12,1484.4,171.2,9,1235.5,313.7,2,1434.1,324.1,1,Ellis Ferreira
105526,1427.3,74.1,488,1378.7,114.8,265,1424.8,130.4,162,1570.2,286.4,61,Jan Lennard Struff
103632,1427.2,76.8,252,1408.5,147.4,82,1477.9,96.5,161,1058.6,345.2,6,Luis Horna
102860,1427.0,79.4,384,1424.6,120.8,142,1426.0,128.8,217,1250.5,287.0,14,Agustin Calleri
136440,1426.9,82.2,131,1410.9,119.5,75,1493.6,163.2,41,1284.1,261.8,15,Dominik Koepfer
103917,1426.7,127.2,403,1409.5,158.7,225,1366.2,210.2,56,1434.9,230.1,108,Nicolas Mahut
132283,1426.7,73.4,353,1460.1,119.3,187,1317.8,144.2,119,1554.0,253.4,47,Lorenzo Sonego
102336,1426.5,183.7,8,1520.1,187.8,7,1500.0,350.0,0,1500.0,350.0,0,Kotaro Miyachi
100990,1426.4,88.7,51,1366.9,137.9,20,1435.6,203.8,10,1530.3,241.3,6,Milan Srejber
105404,1426.3,220.8,3,1408.0,225.2,3,1500.0,350.0,0,1500.0,350.0,0,Michael Mcclune
126106,1426.1,128.2,13,1275.7,333.1,1,1500.0,350.0,0,1391.6,166.1,12,Ryan Peniston
126663,1426.1,150.3,9,1529.1,175.4,5,1381.4,253.3,4,1500.0,350.0,0,Juan Pablo Ficovich
102394,1425.8,86.4,118,1369.9,150.6,38,1434.4,125.3,48,1061.1,334.5,6,Johan Van Herck
104871,1425.1,106.4,598,1533.7,145.2,333,1303.2,165.5,202,1322.8,307.1,63,Jeremy Chardy
101630,1425.1,244.6,3,1413.9,245.8,3,1500.0,350.0,0,1500.0,350.0,0,Clement Ngoran
102202,1424.9,103.7,513,1480.4,117.7,307,922.1,351.3,44,1199.6,259.8,68,Kenneth Carlsen
111577,1424.5,84.8,112,1411.8,116.9,83,1360.3,195.2,15,1305.8,214.7,14,Jared Donaldson
104453,1424.3,154.1,20,1512.1,210.0,12,1356.3,205.9,8,1500.0,350.0,0,Michael Ryderstedt
102234,1424.1,130.7,125,1401.5,337.2,29,1466.0,145.0,90,1094.7,448.1,4,Oliver Gross
100944,1424.0,125.6,68,1585.3,198.6,38,1291.6,166.7,23,1500.0,350.0,0,Mikael Pernfors
101382,1424.0,99.7,353,1264.3,231.2,59,1427.3,113.7,285,1292.8,337.3,3,Marcelo Filippini
102235,1424.0,120.7,92,1457.6,143.8,58,1254.0,379.0,3,1408.2,290.8,10,Tommy Ho
101123,1423.7,91.6,138,1363.7,125.4,70,1305.3,704.2,17,1404.3,263.6,11,Alexander Mronz
103032,1423.5,208.4,3,1500.0,350.0,0,1454.1,215.4,3,1500.0,350.0,0,Francisco Fogues
102053,1423.5,114.6,65,1404.3,131.1,46,1352.0,316.3,1,1530.1,253.4,16,Brian Macphie
104724,1423.2,97.4,100,1386.2,212.7,28,1465.7,118.3,64,1131.7,365.4,8,Eduardo Schwank
103193,1423.1,115.9,101,1398.2,158.8,55,1313.9,296.1,9,1522.9,204.6,32,Peter Wessels
207678,1422.9,77.7,76,1364.6,195.1,20,1455.6,93.5,55,1420.5,584.4,1,Juan Manuel Cerundolo
101958,1422.5,213.2,5,1390.6,323.8,2,1279.6,286.2,1,1543.8,260.7,2,Pierre Bouteyre
100747,1422.5,104.3,46,1485.7,134.8,27,1443.7,301.3,1,1431.6,229.3,9,Glenn Layendecker
101816,1422.2,81.2,86,1395.8,110.2,52,1452.2,193.6,21,1398.7,297.6,8,Steve Campbell
101179,1422.2,87.6,203,1393.3,110.2,114,1344.4,274.5,49,1483.5,266.3,13,Jean Philippe Fleurian
101544,1421.7,287.2,1,1500.0,350.0,0,1319.5,309.6,1,1500.0,350.0,0,Marcos Perez Hubert
102539,1421.6,115.9,458,1535.4,230.7,163,1394.1,163.6,218,1076.8,376.2,19,Bohdan Ulihrach
100782,1421.2,90.4,42,1218.4,198.1,9,1529.7,118.5,27,1274.3,366.3,1,Pablo Arraya
104361,1421.1,286.4,1,1500.0,350.0,0,1500.0,350.0,0,1368.5,305.0,1,Michel Koning
124116,1421.0,86.2,118,1193.0,191.8,37,1473.9,111.9,62,1512.4,244.8,19,Sebastian Ofner
100995,1421.0,81.7,61,1417.9,246.6,11,1434.0,114.3,36,1456.9,262.0,3,Eduardo Masso
102146,1420.9,76.8,219,1325.6,159.8,54,1476.3,106.9,148,1421.6,257.2,12,Jordi Burillo
100852,1420.9,284.9,1,1500.0,350.0,0,1392.9,293.2,1,1500.0,350.0,0,Howard Herr
103178,1420.6,196.3,6,1312.0,275.3,2,1545.3,231.0,4,1500.0,350.0,0,Johan Settergren
101959,1420.3,277.4,1,1435.7,290.7,1,1500.0,350.0,0,1500.0,350.0,0,Robert Eriksson
102133,1420.3,79.4,102,1267.1,117.8,49,1206.0,246.5,11,1488.7,198.4,38,Laurence Tieleman
104958,1420.2,113.9,21,1395.2,150.7,16,1513.6,220.7,3,1270.4,280.8,2,Carsten Ball
101515,1420.2,148.3,23,1425.8,299.9,7,1412.6,196.6,14,1351.6,300.7,2,Donald Johnson
103401,1419.9,133.2,194,1326.5,228.5,102,1338.0,304.0,41,1500.0,179.2,40,Jan Hernych
212531,1419.7,231.6,2,1466.7,238.3,2,1500.0,350.0,0,1500.0,350.0,0,Nicolas Arseneault
105357,1419.5,80.6,264,1438.7,101.5,185,1330.4,193.2,48,1239.0,267.5,31,John Millman
102800,1419.4,164.7,21,1265.1,313.4,5,1425.1,267.5,4,1511.0,295.0,8,Nenad Zimonjic
104471,1419.2,95.5,249,1321.7,126.6,158,1493.2,163.7,60,1317.5,307.6,31,Ivan Dodig
102808,1418.7,196.5,5,1473.3,225.9,4,1376.3,276.8,1,1500.0,350.0,0,Kalle Flygt
207799,1418.7,239.1,2,1500.0,350.0,0,1449.2,246.5,2,1500.0,350.0,0,Matheus Pucinelli De Almeida
207411,1418.6,81.7,50,1369.6,141.5,18,1522.3,123.4,27,1307.6,309.1,5,Jesper De Jong
101027,1418.5,204.9,4,1500.0,350.0,0,1480.1,247.9,3,1500.0,350.0,0,Jaroslav Bulant
103198,1418.5,193.7,4,1367.9,306.6,1,1500.0,350.0,0,1511.3,247.8,3,Justin Bower
103592,1418.4,160.6,26,1532.8,208.1,11,1258.5,223.1,10,1235.3,342.9,3,Jerome Haehnel
101722,1418.2,200.2,5,1438.9,205.9,5,1500.0,350.0,0,1500.0,350.0,0,Han Cheol Shin
102002,1418.1,130.1,21,1382.8,265.5,3,1377.6,150.7,16,1500.0,350.0,0,Davide Scala
101368,1418.0,125.0,66,1390.2,269.4,14,1457.8,135.2,50,1288.3,450.2,2,Christian Miniussi
209857,1417.9,136.9,14,1507.8,156.6,9,1403.2,286.8,4,1334.4,291.0,1,Leandro Riedi
101432,1417.4,95.7,74,1379.5,198.4,23,1451.7,133.4,27,1131.0,411.7,3,Dimitri Poliakov
103428,1417.4,74.7,588,1354.9,121.9,241,1484.6,101.7,322,1132.0,320.3,15,Juan Ignacio Chela
103420,1417.4,140.7,93,1485.5,196.1,40,1416.3,176.0,44,1228.4,413.9,2,Michal Tabara
103158,1417.3,222.7,3,1509.6,252.3,2,1379.3,289.0,1,1500.0,350.0,0,Johan Ortegren
102061,1417.2,107.4,48,1384.7,133.2,32,1500.0,350.0,0,1521.4,255.1,12,Kevin Ullyett
101920,1417.1,86.1,137,1452.6,135.1,82,1348.5,179.0,19,1440.4,213.8,21,Jamie Morgan
200175,1417.0,67.8,356,1415.0,91.8,229,1358.2,158.0,90,1494.2,325.9,37,Miomir Kecmanovic
104371,1416.9,143.3,99,1455.9,205.3,44,1419.1,175.4,40,1274.3,273.8,13,Ivo Minar
105208,1416.8,118.3,454,1476.0,144.8,274,1309.4,200.5,134,1370.6,277.3,39,Ernests Gulbis
101549,1416.8,123.2,180,1417.2,245.9,78,1382.4,162.7,70,1267.1,416.2,11,Rodolphe Gilbert
101362,1416.5,106.4,125,1405.0,156.6,64,1351.2,216.4,15,1425.4,193.3,25,Stephane Simian
100943,1416.2,162.9,12,1466.4,357.9,2,1334.2,238.4,5,1500.0,350.0,0,Girts Dzelde
209209,1415.9,97.1,35,1273.3,184.7,10,1533.7,136.6,24,1314.7,287.9,1,Filip Misolic
101789,1415.9,102.5,99,1426.9,127.4,72,1353.5,400.1,9,1205.1,275.6,10,Steve Bryan
104158,1415.4,283.9,1,1411.7,283.7,1,1500.0,350.0,0,1500.0,350.0,0,Andrew Anderson
101459,1415.0,85.0,81,1309.6,173.2,19,1464.7,125.4,44,1419.1,366.3,5,Tomas Nydahl
210136,1414.8,177.1,6,1373.5,247.5,3,1500.0,350.0,0,1414.2,273.7,3,Mark Lajal
101767,1414.8,98.2,202,1402.7,153.2,69,1464.0,149.5,105,1256.3,439.0,9,Lars Jonsson
105269,1414.6,245.1,2,1429.6,248.3,2,1500.0,350.0,0,1500.0,350.0,0,Marcelo Demoliner
123795,1414.0,165.9,9,1439.2,195.7,6,1500.0,350.0,0,1485.6,299.3,3,Altug Celikbilek
106415,1414.0,76.3,293,1428.8,95.0,230,1325.9,217.8,46,1186.3,286.5,17,Yoshihito Nishioka
103239,1413.9,239.0,4,1383.4,302.2,1,1373.8,313.2,3,1500.0,350.0,0,Marcus Sarstrand
102809,1413.3,108.3,36,1437.5,129.6,29,1306.4,344.9,2,1242.5,337.3,5,Axel Pretzsch
131934,1413.3,125.2,26,1409.4,183.8,9,1526.9,194.5,15,1215.3,394.5,2,Andrea Vavassori
102088,1413.1,93.4,88,1454.4,122.8,51,1399.0,228.8,12,1247.2,257.8,11,Joern Renzenbrink
101150,1412.7,75.0,395,1427.6,117.9,224,1068.5,221.6,37,1258.9,203.5,66,Gianluca Pozzi
208659,1412.7,74.1,95,1421.1,92.9,65,1374.7,196.8,18,1483.6,318.1,12,Giovanni Mpetshi Perricard
104230,1412.4,84.6,53,1484.3,127.0,19,1403.0,130.3,30,1082.1,299.8,4,Daniel Koellerer
209070,1412.3,82.9,63,1418.9,104.4,41,1454.9,180.7,17,1441.9,251.3,5,Arthur Cazaux
101651,1412.2,282.0,1,1500.0,350.0,0,1427.0,290.7,1,1500.0,350.0,0,Owen Casey
102693,1412.0,282.1,1,1500.0,350.0,0,1436.1,299.0,1,1500.0,350.0,0,Leonardo Olguin
102978,1412.0,281.5,1,1398.8,279.5,1,1500.0,350.0,0,1500.0,350.0,0,Zbynek Mlynarik
105933,1411.9,180.9,6,1513.5,217.3,3,1570.4,285.0,2,1267.9,329.0,1,Roberto Quiroz
101312,1411.9,93.7,111,1404.7,116.7,75,1275.7,274.6,9,1353.6,298.4,12,Robbie Weiss
101106,1411.8,120.5,92,1501.3,161.9,49,1215.7,321.8,7,1396.7,269.9,16,Peter Lundgren
101003,1411.2,250.8,2,1500.0,350.0,0,1500.0,350.0,0,1500.0,350.0,0,Ricardo Acioly
104640,1411.2,280.4,1,1500.0,350.0,0,1442.3,301.7,1,1500.0,350.0,0,Pablo Galdon
104589,1411.1,149.7,95,1438.9,170.3,70,1235.1,505.9,7,1324.8,303.4,18,Chris Guccione
125802,1410.8,71.3,162,1433.9,114.2,103,1324.7,148.8,36,1451.8,227.9,23,Ilya Ivashka
103789,1410.4,100.4,119,1373.6,145.3,50,1439.9,167.8,51,1388.2,252.5,14,Irakli Labadze
210262,1410.4,99.2,24,1431.6,184.8,5,1458.0,120.9,18,1295.7,296.7,1,Jaime Faria
102422,1410.2,158.7,7,1421.7,198.4,5,1500.0,350.0,0,1359.8,268.7,2,Michael Hill
103808,1409.8,113.5,339,1257.3,222.2,84,1477.7,125.9,234,941.7,407.6,12,Potito Starace
103490,1409.7,94.6,97,1228.7,251.0,12,1470.5,114.1,78,1015.1,320.5,7,Santiago Ventura
102110,1409.7,161.7,172,1406.6,169.0,111,1263.2,567.7,8,1460.1,310.4,41,Daniel Nestor
103694,1409.5,93.4,484,1429.4,125.6,243,1261.8,227.3,140,1295.0,200.1,81,Olivier Rochus
101147,1409.4,76.5,81,1364.6,171.8,15,1458.1,107.6,59,1218.8,451.4,1,Claudio Mezzadri
104595,1409.3,281.6,1,1500.0,350.0,0,1394.2,286.2,1,1500.0,350.0,0,Sascha Kloer
103181,1409.0,99.7,190,1313.9,169.9,60,1454.3,143.9,114,1190.6,376.2,8,Jiri Vanek
102086,1409.0,199.0,6,1450.3,305.6,1,1379.7,297.2,1,1500.0,350.0,0,Igor Kornienko
100607,1408.9,120.3,19,1643.5,294.2,4,1372.8,156.2,12,1500.0,350.0,0,Eduardo Bengoechea
104534,1408.7,112.3,291,1403.9,138.5,203,1044.1,263.4,34,1450.3,200.6,54,Dudi Sela
101691,1408.4,225.6,3,1500.0,350.0,0,1474.1,253.3,2,1500.0,350.0,0,Florian Krumrey
105339,1408.0,214.0,8,1410.8,221.7,8,1500.0,350.0,0,1500.0,350.0,0,Yan Bai
102875,1407.9,196.3,7,1420.7,202.5,7,1500.0,350.0,0,1500.0,350.0,0,Luke Smith
102106,1407.6,89.5,393,1440.6,134.7,178,1381.5,172.9,131,1324.7,240.1,47,Davide Sanguinetti
102306,1407.4,145.6,71,1362.5,206.6,25,1507.1,229.4,27,1325.1,267.3,12,Michael Kohlmann
102789,1407.3,279.3,1,1412.7,282.7,1,1500.0,350.0,0,1500.0,350.0,0,Jay Gooding
101205,1407.1,114.6,115,1364.3,159.8,82,1165.8,465.4,3,1408.6,240.0,13,Grant Connell
104499,1407.0,113.1,63,1402.5,154.8,38,1255.8,776.0,3,1467.4,178.5,22,Jimmy Wang
101440,1407.0,96.3,123,1314.1,238.1,30,1498.0,106.6,77,1421.6,355.1,6,Mark Koevermans
106210,1407.0,98.7,290,1360.4,136.5,136,1359.8,199.8,114,1555.6,205.2,40,Jiri Vesely
101441,1407.0,85.0,125,1438.7,156.1,36,1337.6,162.4,38,1077.0,307.1,7,Martin Sinner
134472,1407.0,165.7,9,1402.3,222.4,3,1345.7,403.1,2,1638.7,246.8,4,Antoine Bellier
200059,1406.9,89.6,64,1439.8,102.5,47,1361.5,225.3,12,1386.3,463.5,5,Yibing Wu
106225,1406.8,171.7,5,1473.2,200.5,4,1500.0,350.0,0,1336.6,289.9,1,Andrew Whittington
200116,1406.7,67.8,83,1350.2,122.9,25,1486.0,96.3,55,1253.0,344.5,3,Camilo Ugo Carabelli
104594,1406.6,80.0,154,1433.0,117.8,109,1368.7,184.4,26,1327.6,246.4,19,Marinko Matosevic
126646,1406.6,142.9,20,1277.2,186.7,9,1500.0,350.0,0,1771.1,237.8,11,Tim Van Rijthoven
200670,1406.5,81.6,98,1403.3,104.4,76,1401.7,185.7,16,1494.9,295.4,6,J J Wolf
102001,1406.4,150.7,70,1292.3,286.4,12,1490.9,159.6,56,1238.3,405.9,1,German Lopez
102522,1406.4,189.5,6,1500.0,350.0,0,1439.0,194.9,6,1500.0,350.0,0,Fabio Maggi
102571,1406.3,92.9,89,1419.5,119.1,59,1194.0,462.9,4,1451.7,231.0,15,Gregory Carraz
102287,1406.3,95.8,340,1210.5,556.8,49,1435.7,101.1,268,896.9,384.0,14,Albert Portas
101407,1406.2,130.0,58,1402.0,172.5,26,1392.4,251.7,18,1587.2,350.2,5,David Engel
108227,1406.2,280.1,1,1500.0,350.0,0,1500.0,350.0,0,1500.0,350.0,0,Sebastian Soresini
101566,1406.1,279.7,1,1500.0,350.0,0,1500.0,350.0,0,1500.0,350.0,0,Fabien Cousin
100956,1405.8,182.0,7,1500.0,350.0,0,1389.3,241.2,3,1500.0,350.0,0,Simone Colombo
102465,1405.6,163.8,11,1500.0,350.0,0,1370.1,171.5,11,1500.0,350.0,0,Gabriel Silberstein
104547,1405.6,76.8,221,1375.5,132.3,81,1463.1,108.1,127,1130.1,355.1,13,Horacio Zeballos
101955,1405.5,118.7,110,1378.2,220.9,64,1376.9,260.4,15,1426.6,223.7,25,Luis Herrera
208937,1405.5,268.8,1,1408.7,271.8,1,1500.0,350.0,0,1500.0,350.0,0,Kasidit Samrej
213036,1405.4,293.4,1,1500.0,350.0,0,1409.3,295.3,1,1500.0,350.0,0,Luis Guto Miguel
209409,1405.2,102.6,26,1469.1,114.7,22,1186.9,276.1,3,1385.7,398.4,1,Coleman Wong
103912,1404.9,184.7,6,1500.0,350.0,0,1360.8,203.2,6,1500.0,350.0,0,Mario Radic
107653,1404.9,278.9,1,1500.0,350.0,0,1500.0,350.0,0,1500.0,350.0,0,Marco Cacopardo
144750,1404.8,102.8,145,1430.5,167.2,102,1299.7,209.3,23,1373.2,177.7,20,Lloyd Harris
104166,1404.8,85.0,173,1403.3,94.6,135,1205.2,366.6,13,1359.4,268.3,25,Alex Bogomolov Jr
101342,1404.5,282.3,1,1500.0,350.0,0,1500.0,350.0,0,1394.7,297.0,1,Patrick Galbraith
103487,1404.4,122.8,45,1306.1,206.2,11,1414.8,174.3,32,1500.0,350.0,0,Federico Luzzi
102537,1403.9,270.4,2,1413.8,276.9,2,1500.0,350.0,0,1500.0,350.0,0,Melvin Tong
102223,1403.9,107.0,321,1394.2,148.7,78,1468.2,137.3,214,1398.8,421.8,15,Karim Alami
102839,1403.9,88.9,564,1436.0,125.9,213,1377.0,143.7,290,1103.1,366.9,26,Nicolas Lapentti
103242,1403.8,193.8,5,1500.0,350.0,0,1452.1,202.0,5,1500.0,350.0,0,Juan Giner
106177,1403.8,239.5,3,1500.0,350.0,0,1393.4,248.2,3,1500.0,350.0,0,Oriol Roca Batalla
102783,1403.7,75.6,649,1383.4,108.7,366,1068.5,242.6,158,1561.7,176.3,79,Rainer Schuettler
101244,1403.6,277.9,1,1500.0,350.0,0,1425.8,293.0,1,1500.0,350.0,0,Johan Donar
101482,1403.3,78.6,160,1426.4,114.5,97,1270.3,235.8,15,1352.0,237.9,16,Markus Zoecke
111460,1403.3,74.7,152,1372.0,92.0,101,1507.4,178.4,34,1390.2,287.2,17,Quentin Halys
103868,1403.3,122.3,100,1314.6,244.5,25,1453.6,142.7,58,1338.2,255.9,17,Ivan Navarro
101317,1403.2,218.7,3,1423.9,224.4,3,1500.0,350.0,0,1500.0,350.0,0,John Sullivan
101775,1403.1,116.4,75,1478.5,185.1,20,1340.5,200.1,26,1440.5,256.5,9,Frederik Fetterlein
101766,1403.1,173.3,6,1500.0,350.0,0,1411.3,191.2,6,1500.0,350.0,0,Bill Behrens
111805,1402.9,199.4,5,1411.1,207.4,5,1500.0,350.0,0,1500.0,350.0,0,Seong Chan Hong
108991,1402.9,276.5,1,1500.0,350.0,0,1500.0,350.0,0,1500.0,350.0,0,Sergei Petrouchevsky
101862,1402.9,139.3,57,1465.2,169.4,35,1349.7,244.8,8,1267.7,326.7,8,Maurice Ruah
102753,1402.5,142.4,20,1387.9,300.2,1,1454.1,157.2,16,1500.0,350.0,0,Wolfgang Schranz
105930,1402.5,221.2,3,1415.7,223.6,3,1500.0,350.0,0,1500.0,350.0,0,Daniel Kosakowski
101688,1402.3,109.8,27,1390.8,122.1,23,1422.7,258.2,3,1390.5,421.4,1,Geoff Grant
103709,1402.2,107.8,126,1436.2,156.7,76,1332.6,234.4,23,1194.9,254.2,16,Kristian Pless
103656,1402.2,102.5,542,1122.4,287.0,123,1485.5,113.1,398,978.1,435.6,19,Albert Montanes
101265,1401.9,106.3,276,1415.8,131.7,175,1303.1,284.4,30,1442.8,497.0,20,Patrick McEnroe
104967,1401.9,241.3,3,1500.0,350.0,0,1388.1,248.5,3,1500.0,350.0,0,Alexander Sadecky
103163,1401.7,86.1,881,1280.4,185.6,525,1405.8,140.3,217,1419.0,237.7,90,Tommy Haas
105676,1401.6,72.1,597,1399.7,87.2,386,1446.7,194.1,154,1109.6,277.5,57,David Goffin
110476,1401.5,278.5,2,1402.6,279.2,2,1500.0,350.0,0,1500.0,350.0,0,Mousa Shanan Zayed
103328,1401.3,276.7,1,1409.7,281.2,1,1500.0,350.0,0,1500.0,350.0,0,Andres Pedroso
102575,1401.3,279.5,1,1500.0,350.0,0,1416.1,289.9,1,1500.0,350.0,0,Julien Chauvin
103747,1401.2,163.5,13,1368.9,250.2,7,1518.5,261.3,3,1520.0,264.8,3,Dominik Meffert
105596,1401.2,220.7,3,1501.5,250.8,2,1420.6,289.2,1,1500.0,350.0,0,Jan Satral
106361,1401.2,130.5,14,1243.8,218.5,4,1468.7,170.3,8,1595.3,270.1,2,Adam Pavlasek
105649,1401.2,118.2,78,1363.5,146.6,38,1491.7,223.0,31,1175.3,451.7,9,Cedrik Marcel Stebe
103254,1401.1,168.9,13,1250.7,306.5,2,1414.0,304.4,1,1350.0,241.1,10,Yves Allegro
102614,1401.1,195.8,3,1500.0,350.0,0,1452.9,205.2,3,1500.0,350.0,0,Victor Sendin
103718,1401.0,276.3,1,1407.7,281.3,1,1500.0,350.0,0,1500.0,350.0,0,David Martin
100770,1401.0,177.5,7,1339.5,304.4,1,1500.0,350.0,0,1279.6,270.3,2,Peter Moraing
106328,1400.8,150.9,15,1426.0,220.2,9,1392.0,282.9,1,1416.6,255.2,5,Christian Harrison
106432,1400.7,88.3,400,1407.7,105.4,262,1409.3,203.9,112,1390.8,385.5,26,Borna Coric
102490,1400.6,281.3,1,1500.0,350.0,0,1404.5,285.0,1,1500.0,350.0,0,Pantelis Moschoutis
103063,1400.6,120.6,32,1396.2,129.7,27,1415.5,557.1,4,1500.0,350.0,0,Sebastien De Chaunac
105217,1400.4,144.4,133,1392.0,176.7,72,1488.1,224.8,44,1274.4,400.5,17,Thiemo De Bakker
100757,1399.4,86.7,197,1298.6,150.0,60,1093.2,286.7,23,1323.9,205.7,26,Anders Jarryd
102192,1399.3,173.9,30,1225.3,356.7,3,1418.3,180.4,27,1500.0,350.0,0,Luis Adrian Morejon
103699,1399.3,213.9,4,1544.2,235.4,2,1322.6,303.3,1,1442.7,314.7,1,Fred Hemmes
103451,1399.0,102.3,218,1424.0,117.5,140,1388.6,237.8,59,1065.8,392.7,14,Bjorn Phau
102135,1399.0,104.8,112,1067.0,241.4,11,1482.7,121.6,92,1396.0,627.6,4,Emilio Benfele Alvarez
105501,1398.9,276.8,1,1407.7,281.8,1,1500.0,350.0,0,1500.0,350.0,0,Akash Wagh
102650,1398.5,143.3,68,1337.4,357.6,5,1402.7,149.1,62,1500.0,350.0,0,Roberto Carretero
103287,1398.3,278.1,1,1500.0,350.0,0,1413.4,284.9,1,1500.0,350.0,0,Krystian Pfeiffer
101262,1398.0,176.7,7,1312.8,241.7,4,1500.0,350.0,0,1500.0,350.0,0,Rikard Bergh
100917,1397.9,231.3,3,1376.0,319.7,1,1500.0,350.0,0,1500.0,350.0,0,Nelson Aerts
102251,1397.9,155.3,11,1500.0,350.0,0,1409.2,158.8,11,1500.0,350.0,0,Mariano Hood
108354,1397.5,275.0,1,1500.0,350.0,0,1413.0,282.6,1,1500.0,350.0,0,Talito Corrales
102675,1397.5,277.3,1,1414.0,287.1,1,1500.0,350.0,0,1500.0,350.0,0,Timur Ganiev
210012,1397.5,164.2,8,1500.0,350.0,0,1436.5,170.6,8,1500.0,350.0,0,Henrique Rocha
105963,1397.4,158.8,8,1451.9,260.7,2,1393.3,192.0,6,1500.0,350.0,0,Arthur De Greef
102768,1397.1,112.1,30,1329.4,200.9,7,1426.6,149.6,23,1500.0,350.0,0,Federico Browne
102477,1396.5,106.5,84,1468.9,167.9,29,1351.4,149.5,50,1313.9,763.3,1,Gaston Etlis
103663,1396.2,206.8,5,1423.1,218.8,4,1402.9,296.0,1,1500.0,350.0,0,Matias Boeker
103250,1396.0,208.2,9,1380.9,280.1,4,1464.5,353.1,3,1301.0,366.3,1,Rodolphe Cadart
106764,1395.9,274.7,1,1500.0,350.0,0,1500.0,350.0,0,1290.8,318.8,1,Christopher Koderisch
208014,1395.9,78.9,105,1442.1,102.6,73,1085.1,207.8,14,1269.2,278.6,18,Rinky Hijikata
103027,1395.8,274.9,1,1500.0,350.0,0,1500.0,350.0,0,1394.3,295.1,1,Markus Menzler
103503,1395.7,135.5,58,1353.6,181.9,21,1415.9,175.5,23,1270.6,309.2,5,Robin Vik
102284,1395.5,172.1,7,1500.0,350.0,0,1431.6,193.8,6,1500.0,350.0,0,Filippo Messori
103521,1395.5,166.5,11,1502.8,167.6,9,1372.1,360.7,2,1500.0,350.0,0,Andrea Stoppini
101145,1395.3,145.5,18,1389.4,170.1,15,1500.0,350.0,0,1297.5,282.6,1,Jonathan Canter
103033,1395.3,276.2,1,1500.0,350.0,0,1425.3,301.1,1,1500.0,350.0,0,Helder Lopes
103118,1395.3,164.8,15,1500.0,350.0,0,1443.0,168.3,14,1500.0,350.0,0,Ion Moldovan
105325,1395.0,262.1,1,1500.0,350.0,0,1411.8,278.6,1,1500.0,350.0,0,Germain Gigounon
103529,1394.9,130.1,15,1236.8,229.7,4,1500.0,350.0,0,1444.5,180.3,11,Aisam Ul Haq Qureshi
100829,1394.5,108.0,75,1425.3,199.5,16,1406.7,142.6,34,1511.0,324.6,6,Jan Gunnarsson
126128,1394.5,94.1,131,1436.7,118.8,90,1339.9,188.9,24,1352.2,227.7,17,Roman Safiullin
107617,1394.3,255.7,2,1500.0,350.0,0,1429.8,253.5,2,1500.0,350.0,0,Magnus Nilsson
101877,1394.2,281.5,1,1500.0,350.0,0,1423.4,295.6,1,1500.0,350.0,0,Milan Trneny
101912,1394.1,141.3,13,1456.0,223.3,4,1352.9,181.9,7,1500.0,350.0,0,Felipe Rivera
103997,1394.0,108.2,200,1307.1,140.2,94,1406.5,183.9,81,1463.0,209.0,24,Lukasz Kubot
101093,1393.9,184.5,6,1403.7,240.3,3,1500.0,350.0,0,1500.0,350.0,0,Steve Devries
103460,1393.9,274.7,1,1395.8,276.6,1,1500.0,350.0,0,1500.0,350.0,0,Konstantin Don Gruber
103182,1393.6,132.9,133,1336.6,303.7,22,1461.4,140.9,102,1104.1,380.0,7,Markus Hipfl
102897,1393.6,188.0,7,1431.1,196.4,7,1500.0,350.0,0,1500.0,350.0,0,Nir Welgreen
101370,1393.6,203.9,7,1500.0,350.0,0,1459.9,213.8,6,1500.0,350.0,0,Paolo Pambianco
103176,1393.6,78.2,204,1231.3,192.4,44,1470.3,91.3,153,1031.6,433.9,4,David Sanchez
101995,1393.5,267.9,1,1500.0,350.0,0,1500.0,350.0,0,1500.0,350.0,0,Krister Wedenby
106408,1393.4,146.4,10,1372.4,200.1,5,1458.0,201.5,5,1500.0,350.0,0,Mario Vilella Martinez
101934,1393.4,283.0,1,1500.0,350.0,0,1378.1,283.4,1,1500.0,350.0,0,Paul Dogger
104259,1393.3,91.8,831,1297.2,135.7,417,1438.9,163.8,303,1450.6,268.5,100,Philipp Kohlschreiber
102851,1393.3,138.0,26,1359.4,205.0,8,1416.0,243.7,15,1500.0,350.0,0,Giorgio Galimberti
101863,1393.0,275.7,1,1500.0,350.0,0,1403.3,280.7,1,1500.0,350.0,0,Roberto Alvarez
108998,1393.0,277.0,1,1337.5,282.5,1,1500.0,350.0,0,1500.0,350.0,0,Patrick Osnua
102116,1392.8,273.9,1,1394.1,275.4,1,1500.0,350.0,0,1500.0,350.0,0,Sang Hoon Lee
106302,1392.7,209.3,3,1391.9,212.9,3,1500.0,350.0,0,1500.0,350.0,0,Andrew Harris
103626,1392.6,214.3,3,1500.0,350.0,0,1403.9,220.8,3,1500.0,350.0,0,Tomas Tenconi
102375,1392.5,131.0,78,1343.3,265.2,14,1397.1,141.4,57,1413.4,311.1,4,Dinu Pescariu
207681,1392.5,71.4,71,1423.9,112.8,28,1383.3,108.3,38,1461.6,333.8,5,Francisco Comesana
202195,1392.5,93.7,101,1386.6,138.8,66,1092.1,248.4,11,1340.5,194.7,24,Maxime Cressy
200374,1392.3,216.6,3,1471.3,252.1,2,1379.1,310.9,1,1500.0,350.0,0,Nicolas Alvarez Varona
103039,1392.3,273.6,1,1401.8,277.4,1,1500.0,350.0,0,1500.0,350.0,0,Tripp Phillips
105138,1392.2,74.6,714,1382.3,107.8,444,1313.8,135.3,188,1538.3,269.5,82,Roberto Bautista Agut
101138,1392.0,112.7,88,1391.1,154.1,43,1255.8,397.4,6,1301.2,254.2,21,Pat Cash
101096,1392.0,127.5,116,1373.8,135.4,72,1303.7,531.6,3,1505.0,296.2,22,Gary Muller
102881,1392.0,224.4,17,1259.1,359.2,4,1462.5,249.3,13,1500.0,350.0,0,David Skoch
106261,1391.9,126.2,16,1320.7,202.8,8,1500.0,350.0,0,1348.2,178.3,8,Dennis Novikov
105032,1391.8,99.6,94,1359.2,124.2,64,1403.7,315.8,5,1432.2,190.1,25,Sam Groth
105072,1391.7,276.0,1,1411.8,284.6,1,1500.0,350.0,0,1500.0,350.0,0,Sanam Singh
106071,1391.7,157.8,350,1373.7,226.4,226,1236.2,344.5,58,1487.9,244.5,66,Bernard Tomic
207686,1391.6,73.0,132,1440.1,102.0,79,1343.0,129.4,48,1178.9,338.8,5,Alexander Shevchenko
104273,1391.6,94.4,209,1390.2,124.2,120,1257.8,216.4,53,1393.1,208.5,35,Edouard Roger-Vasselin
102226,1391.6,139.7,38,1334.4,238.8,14,1466.8,194.5,10,1489.3,298.1,13,David Witt
104476,1391.6,202.9,6,1408.5,253.3,4,1509.9,246.1,2,1500.0,350.0,0,Louk Sorensen
100713,1391.6,124.8,63,1426.3,187.0,41,1331.2,306.3,1,1286.0,227.5,12,John Fitzgerald
104978,1391.6,131.4,151,1440.5,173.0,79,1305.9,251.2,55,1306.8,305.6,17,Daniel Brands
106053,1391.6,222.4,3,1360.4,291.9,1,1498.0,256.3,2,1500.0,350.0,0,Philip Davydenko
104979,1391.5,92.8,161,1388.9,121.5,98,1364.6,172.1,52,1108.1,518.0,11,Andrey Golubev
102694,1391.4,102.9,239,1395.4,131.0,130,1340.1,251.3,61,1260.9,318.9,26,Lars Burgsmuller
103369,1391.2,142.7,10,1413.6,250.8,3,1428.5,197.7,5,1471.0,244.9,2,Melle Van Gemerden
102557,1391.2,274.9,1,1401.2,280.3,1,1500.0,350.0,0,1500.0,350.0,0,Daniel Willman
105651,1391.1,260.9,1,1500.0,350.0,0,1500.0,350.0,0,1370.9,283.0,1,Daniel Smethurst
102910,1391.1,182.0,11,1500.0,350.0,0,1395.1,193.1,11,1500.0,350.0,0,Salvador Navarro
102117,1391.0,167.7,7,1500.0,350.0,0,1386.4,176.6,7,1500.0,350.0,0,Eduardo Nicolas
103294,1390.8,87.9,322,1322.0,128.4,127,1410.2,167.1,154,1036.1,346.7,25,Christophe Rochus
105806,1390.5,145.1,50,1377.6,210.1,30,1334.0,215.0,14,1200.6,381.7,6,Mirza Basic
209414,1390.4,101.9,67,1402.9,146.0,37,1464.6,145.1,26,1195.3,336.2,4,Luca Van Assche
105181,1390.3,237.5,3,1500.0,350.0,0,1418.4,247.2,3,1500.0,350.0,0,Miljan Zekic
100815,1390.2,137.5,72,1367.3,151.5,43,1277.2,393.7,5,1430.6,282.2,12,David Pate
101059,1390.2,185.2,5,1500.0,350.0,0,1487.4,216.3,4,1256.8,296.5,1,Richard Vogel
126591,1390.1,273.7,1,1392.6,275.9,1,1500.0,350.0,0,1500.0,350.0,0,Jan Zielinski
102817,1390.1,115.8,27,1307.1,147.6,14,1476.5,199.1,8,1160.2,265.2,3,Edwin Kempes
103184,1390.0,155.4,55,1364.0,199.9,35,1268.2,315.6,5,1545.4,240.9,14,Bob Bryan
104037,1389.9,280.4,1,1500.0,350.0,0,1413.3,293.4,1,1500.0,350.0,0,Phillip Harboe
208902,1389.8,259.9,1,1500.0,350.0,0,1500.0,350.0,0,1360.9,277.0,1,Johannus Monday
207985,1389.8,84.9,47,1345.0,115.3,23,1370.8,181.3,14,1445.6,247.3,10,Jacob Fearnley
109640,1389.8,265.1,1,1500.0,350.0,0,1409.0,280.1,1,1500.0,350.0,0,Andrea Basso
103971,1389.5,100.1,170,1369.4,149.3,103,1053.6,364.4,21,1413.5,228.0,31,Karol Beck
101591,1389.1,120.2,47,1405.0,228.4,11,1593.8,262.6,5,1392.8,187.2,22,Danny Sapsford
102985,1388.9,191.9,5,1303.5,324.4,1,1524.1,200.2,4,1500.0,350.0,0,Gustavo Marcaccio
101231,1388.8,258.5,1,1398.6,266.4,1,1500.0,350.0,0,1500.0,350.0,0,Ryan Blake
100951,1388.2,275.0,1,1500.0,350.0,0,1379.0,274.3,1,1500.0,350.0,0,Alessandro De Minicis
101947,1387.6,158.8,44,1424.1,279.6,13,1448.4,177.8,27,1407.4,337.1,3,Vincenzo Santopadre
103248,1387.5,140.8,126,1371.5,159.6,78,1360.3,319.8,28,1377.5,403.5,16,Harel Levy
105051,1387.4,161.6,204,1412.3,191.0,144,957.6,408.0,15,1299.8,298.6,45,Matthew Ebden
126952,1387.4,95.2,118,1408.9,127.8,88,1375.0,192.7,21,1275.4,308.0,9,Soon Woo Kwon
102376,1387.4,273.5,1,1500.0,350.0,0,1384.8,276.8,1,1500.0,350.0,0,Radovan Svetlik
207352,1387.3,82.3,55,1413.7,97.3,46,1173.9,217.1,7,1211.9,294.2,2,Bu Yunchaokete
101316,1387.2,272.6,1,1500.0,350.0,0,1354.2,272.4,1,1500.0,350.0,0,Juan Rios
208300,1387.2,190.7,5,1450.9,200.9,5,1500.0,350.0,0,1500.0,350.0,0,Omni Kumar
102472,1387.1,166.8,34,1345.8,273.1,5,1386.8,179.4,28,1453.2,436.9,1,Marcello Craca
208882,1387.1,101.2,25,1500.0,350.0,0,1414.7,108.7,25,1500.0,350.0,0,Roman Andres Burruchaga
101387,1387.0,82.5,81,1104.5,237.5,11,1461.3,94.7,66,1206.5,343.8,3,Claudio Pistolesi
101561,1386.9,156.4,16,1501.0,345.4,2,1411.5,176.3,14,1500.0,350.0,0,Nicklas Utgren
101826,1386.8,106.0,54,1272.9,273.4,4,1418.0,124.5,49,1286.1,702.3,1,Alex Lopez Moron
102301,1386.3,216.6,4,1449.9,217.3,3,1500.0,350.0,0,1379.8,318.2,1,Sebastien Leblanc
148679,1386.0,275.4,1,1388.3,278.2,1,1500.0,350.0,0,1500.0,350.0,0,Henry Bernet
103457,1385.9,186.4,6,1512.7,249.3,2,1342.6,237.3,3,1500.0,350.0,0,Petr Kralert
102100,1385.8,269.4,2,1500.0,350.0,0,1404.2,286.3,2,1500.0,350.0,0,Bartlomiej Dabrowski
104195,1385.8,165.1,11,1500.0,350.0,0,1384.8,179.4,11,1500.0,350.0,0,Simone Vagnozzi
101857,1385.7,218.5,3,1409.5,222.2,3,1500.0,350.0,0,1500.0,350.0,0,Jason Cask
103059,1385.4,273.5,1,1500.0,350.0,0,1500.0,350.0,0,1500.0,350.0,0,Radovan Chrz
102006,1385.4,126.2,13,1508.7,208.5,4,1241.7,199.9,6,1537.3,300.2,2,Brent Larkham
126149,1385.3,76.9,59,1367.5,105.3,26,1452.4,166.4,31,1473.8,302.1,2,Gianluca Mager
209362,1385.3,272.3,1,1392.9,274.9,1,1500.0,350.0,0,1500.0,350.0,0,Aristotelis Thanos
207130,1385.3,285.3,1,1500.0,350.0,0,1393.3,287.3,1,1500.0,350.0,0,Matias Soto
101133,1384.9,103.7,136,1365.8,197.0,62,1333.9,179.4,27,1315.2,226.2,18,Patrick Baur
101659,1384.6,121.6,110,1440.4,201.6,53,1322.8,195.8,29,1632.7,410.5,11,Jan Apell
105472,1384.5,220.5,3,1377.3,280.0,1,1507.1,266.2,2,1500.0,350.0,0,Nils Langer
104684,1384.5,299.0,1,1376.2,297.5,1,1500.0,350.0,0,1500.0,350.0,0,Navdeep Singh
106078,1384.5,127.4,98,1365.5,138.9,81,1378.0,248.6,13,1479.8,345.0,4,Egor Gerasimov
101437,1384.4,219.3,3,1407.8,225.4,3,1500.0,350.0,0,1500.0,350.0,0,Seung Ho Ji
109734,1384.4,274.3,1,1401.0,281.8,1,1500.0,350.0,0,1500.0,350.0,0,Skander Mansouri
104976,1384.4,96.6,90,1373.0,120.0,66,1449.5,233.0,14,1330.1,233.1,10,Ryan Sweeting
104227,1384.3,218.2,4,1389.2,261.0,1,1435.0,248.6,3,1500.0,350.0,0,Augustin Gensse
104469,1384.2,273.5,1,1500.0,350.0,0,1398.1,281.2,1,1500.0,350.0,0,Erling Tveit
210460,1384.2,92.0,34,1434.4,122.2,25,1310.8,185.1,6,1133.9,300.5,3,Nishesh Basavareddy
103422,1384.2,274.9,1,1500.0,350.0,0,1500.0,350.0,0,1392.9,299.4,1,Sebastian Fitz
105932,1384.1,91.8,333,1278.7,126.7,197,1465.0,170.8,101,1553.4,293.7,35,Nikoloz Basilashvili
104707,1384.1,195.6,4,1403.8,289.3,1,1369.1,272.8,1,1500.0,350.0,0,Denis Matsukevitch
102623,1384.1,207.7,4,1500.0,350.0,0,1521.6,257.3,2,1500.0,350.0,0,Thomas Larsen
102000,1384.0,89.1,69,1270.8,180.3,18,1405.4,138.9,30,1369.4,278.5,5,Aki Rahunen
122669,1383.9,88.9,62,1365.5,158.0,14,1434.6,116.5,47,1304.9,326.6,1,Juan Pablo Varillas
103580,1383.8,136.9,63,1437.4,251.1,21,1387.5,210.9,22,1227.8,224.1,15,Alexander Peya
101026,1383.8,91.8,232,1386.1,104.5,152,1140.1,477.4,12,1248.3,341.4,19,Jim Grabb
101232,1383.8,104.4,58,1371.4,155.8,24,1387.7,207.7,16,1408.2,237.2,10,Nicklas Kroon
101685,1383.8,92.7,57,1338.6,184.3,13,1382.9,125.2,34,1247.3,400.4,4,Markus Naewie
104592,1383.7,152.3,26,1204.7,228.0,9,1422.3,402.8,5,1407.2,255.2,9,Ilija Bozoljac
208013,1383.4,160.6,9,1387.2,165.1,9,1500.0,350.0,0,1500.0,350.0,0,Dane Sweeny
101715,1383.3,157.0,11,1500.0,350.0,0,1433.3,160.9,11,1500.0,350.0,0,Jose Antonio Pepe Conde
102118,1383.1,135.4,59,1436.6,219.3,20,1376.2,172.9,27,1337.8,372.7,3,Radomir Vasek
103408,1383.0,118.5,64,1376.1,132.1,48,1268.7,306.5,6,1368.5,271.0,10,Brian Vahaly
104287,1383.0,274.4,1,1500.0,350.0,0,1426.5,291.8,1,1500.0,350.0,0,Steven Korteling
101968,1382.8,224.7,4,1500.0,350.0,0,1396.4,233.2,4,1500.0,350.0,0,Ola Kristiansson
101660,1382.7,122.1,54,1302.6,253.2,19,1463.0,143.2,26,1310.2,546.0,5,Francisco Montana
100773,1382.6,258.3,1,1500.0,350.0,0,1500.0,350.0,0,1353.9,285.0,1,Brian Joelson
103026,1382.6,272.4,1,1384.8,275.4,1,1500.0,350.0,0,1500.0,350.0,0,Teo Susnjak
104173,1382.5,129.0,15,1373.1,140.7,14,1500.0,350.0,0,1374.2,324.5,1,Sam Warburg
106066,1382.5,273.8,1,1394.1,278.8,1,1500.0,350.0,0,1500.0,350.0,0,Victor Baluda
104317,1382.5,308.0,1,1500.0,350.0,0,1382.5,308.0,1,1500.0,350.0,0,David Luque Velasco
101669,1382.5,257.0,1,1500.0,350.0,0,1500.0,350.0,0,1446.9,306.7,1,Gary Henderson
104812,1382.5,133.4,21,1378.6,182.9,14,1399.5,224.3,5,1522.0,316.1,2,Scoville Jenkins
127157,1382.4,69.7,193,1340.6,107.7,88,1389.6,111.4,87,1340.4,342.3,18,Daniel Altmaier
102855,1382.4,134.7,10,1379.9,175.6,6,1480.4,211.5,3,1296.9,296.8,1,Jack Brasington
104386,1382.4,90.4,499,1340.2,132.5,300,1373.2,172.6,119,1315.1,248.2,72,Janko Tipsarevic
100772,1382.0,122.4,69,1391.5,131.5,51,1296.1,322.5,4,1397.5,331.1,8,Kelly Evernden
104963,1381.8,233.2,3,1367.6,242.6,3,1500.0,350.0,0,1500.0,350.0,0,Yannick Mertens
103847,1381.7,274.8,1,1398.2,280.3,1,1500.0,350.0,0,1500.0,350.0,0,Adrian Bohane
104268,1381.7,113.1,256,1370.9,165.6,159,1377.8,171.7,51,1406.6,214.0,41,Alejandro Falla
102987,1381.5,150.4,136,1381.2,238.1,63,1301.4,198.2,40,1407.2,258.3,26,Andre Sa
102920,1381.4,272.3,1,1500.0,350.0,0,1399.2,280.4,1,1500.0,350.0,0,Diego Hipperdinger
105936,1381.4,76.2,242,1395.7,121.5,156,1348.2,139.0,75,1519.5,387.5,11,Filip Krajinovic
102904,1381.3,194.5,8,1351.7,263.6,4,1553.4,236.8,3,1500.0,350.0,0,Leos Friedl
110596,1381.1,307.5,1,1500.0,350.0,0,1381.1,307.5,1,1500.0,350.0,0,Fred Simonsson
210389,1381.1,256.3,1,1500.0,350.0,0,1365.4,258.5,1,1500.0,350.0,0,Toby Samuel
101067,1381.1,274.7,1,1378.2,278.6,1,1500.0,350.0,0,1500.0,350.0,0,Philip Johnson
101707,1381.1,307.5,1,1381.1,307.5,1,1500.0,350.0,0,1500.0,350.0,0,Yuval Karutzi
101812,1381.0,201.6,6,1395.3,210.7,6,1500.0,350.0,0,1500.0,350.0,0,Raviv Weidenfeld
105336,1380.8,272.6,1,1337.0,276.5,1,1500.0,350.0,0,1500.0,350.0,0,Nicolas Meister
105099,1380.7,141.0,32,1440.6,198.1,14,1351.9,176.2,18,1500.0,350.0,0,Antonio Veic
111797,1380.7,88.1,227,1281.5,159.1,85,1373.3,125.8,118,1526.3,194.1,24,Nicolas Jarry
103092,1380.6,272.7,1,1500.0,350.0,0,1405.9,281.4,1,1500.0,350.0,0,Nuno Matias
104558,1380.4,272.4,1,1369.2,274.6,1,1500.0,350.0,0,1500.0,350.0,0,Mohammed Abdulla
105294,1380.4,307.2,1,1380.4,307.2,1,1500.0,350.0,0,1500.0,350.0,0,Dennis Lajola
102922,1380.2,307.1,1,1500.0,350.0,0,1380.2,307.1,1,1500.0,350.0,0,Tomas Catar
102143,1380.1,136.5,39,1413.4,188.1,19,1162.7,278.0,7,1401.2,388.9,3,Nicolas Thomann
144973,1380.0,257.4,1,1500.0,350.0,0,1361.1,262.6,1,1500.0,350.0,0,Santiago Fa Rodriguez Taverna
126156,1379.8,120.8,19,1281.7,171.6,13,1537.4,236.8,4,1538.4,254.4,2,Antoine Hoang
108277,1379.8,275.7,1,1500.0,350.0,0,1413.6,285.7,1,1500.0,350.0,0,Srdan Muskatirovic
144656,1379.7,252.6,2,1500.0,350.0,0,1404.5,282.0,2,1500.0,350.0,0,Corentin Denolly
208260,1379.6,92.5,41,1320.0,117.6,33,1643.6,155.5,7,1284.5,447.3,1,Zachary Svajda
103102,1379.6,291.1,2,1401.6,304.5,2,1500.0,350.0,0,1500.0,350.0,0,John Hui
103270,1379.4,163.5,8,1376.8,250.1,3,1334.6,285.3,1,1439.6,239.5,4,Kristian Capalik
105657,1379.3,143.0,128,1443.3,150.8,82,1278.7,279.6,31,1297.9,294.5,15,Marius Copil
211776,1379.3,271.0,1,1396.2,276.6,1,1500.0,350.0,0,1500.0,350.0,0,Martin Landaluce
101044,1379.3,295.4,1,1500.0,350.0,0,1369.4,296.1,1,1500.0,350.0,0,Mark Ozer
102615,1379.3,132.0,114,1426.6,166.8,38,1481.3,210.6,44,1251.3,264.2,21,Dennis Van Scheppingen
108263,1379.2,273.2,1,1500.0,350.0,0,1378.1,277.5,1,1500.0,350.0,0,Silvio Moine
102760,1379.2,270.7,1,1500.0,350.0,0,1500.0,350.0,0,1374.9,295.6,1,Rene Nicklisch
101274,1379.2,136.4,73,1331.2,232.4,20,1342.9,189.3,30,1367.7,355.9,3,Udo Riglewski
102831,1379.2,107.2,90,1223.2,156.0,21,1452.0,159.5,67,1352.6,344.7,1,Jacobo Diaz
106426,1379.2,89.6,239,1370.8,177.6,76,1432.2,111.2,142,1451.8,294.2,21,Cristian Garin
101022,1379.2,139.2,60,1418.2,159.3,46,1218.0,543.3,1,1557.3,500.4,5,Kelly Jones
104655,1379.1,85.6,428,1222.8,172.4,145,1454.1,103.1,265,956.9,426.9,18,Pablo Cuevas
101419,1379.1,306.7,1,1379.1,306.7,1,1500.0,350.0,0,1500.0,350.0,0,Frank Dennhardt
101393,1379.0,108.4,33,1428.0,300.2,6,1368.5,139.8,17,1357.9,278.9,3,Jens Woehrmann
105575,1379.0,103.2,249,1418.8,136.8,187,1283.8,192.2,38,1265.8,290.3,24,Ricardas Berankis
106218,1378.9,71.3,291,1388.5,95.3,199,1199.0,175.3,55,1500.8,290.2,37,Marcos Giron
104208,1378.8,306.6,1,1500.0,350.0,0,1378.8,306.6,1,1500.0,350.0,0,Damian Patriarca
102145,1378.8,184.7,7,1500.0,350.0,0,1375.4,196.3,7,1500.0,350.0,0,Francisco Cabello
101249,1378.7,114.3,248,1327.2,175.4,78,1293.1,264.2,45,1366.0,250.9,38,Andrei Olhovskiy
105300,1378.4,205.4,4,1500.0,350.0,0,1472.3,215.2,4,1500.0,350.0,0,Sergio Gutierrez Ferrol
104971,1378.3,306.4,1,1378.3,306.4,1,1500.0,350.0,0,1500.0,350.0,0,Blake Strode
211346,1378.3,199.3,4,1383.6,206.1,4,1500.0,350.0,0,1500.0,350.0,0,Andres Martin
101207,1378.3,306.4,1,1378.3,306.4,1,1500.0,350.0,0,1500.0,350.0,0,Michael Daniel
212225,1378.2,258.0,1,1500.0,350.0,0,1403.5,282.7,1,1500.0,350.0,0,Thomas Faurel
106075,1378.2,116.3,72,1245.3,295.1,23,1426.5,128.1,47,1193.0,569.0,2,Jozef Kovalik
101260,1378.2,256.0,1,1500.0,350.0,0,1500.0,350.0,0,1444.3,306.9,1,Sean Cole
208597,1378.2,273.9,1,1360.5,275.6,1,1500.0,350.0,0,1500.0,350.0,0,Chak Lam Coleman Wong
101681,1378.0,107.8,75,1264.9,245.2,24,1383.2,363.0,4,1434.6,153.6,44,Chris Wilkinson
104292,1378.0,139.1,14,1406.6,166.4,10,1500.0,350.0,0,1405.7,257.0,4,Izak Van Der Merwe
101217,1377.5,256.7,1,1500.0,350.0,0,1500.0,350.0,0,1331.4,287.7,1,Andreas Lesch
211767,1377.5,274.0,1,1365.4,274.7,1,1500.0,350.0,0,1500.0,350.0,0,James Watt
104897,1377.4,142.6,86,1384.7,176.8,47,1344.4,222.8,30,1322.9,398.7,9,Matthias Bachinger
101866,1377.1,130.5,143,1351.0,198.1,45,1409.6,174.1,76,1376.2,326.8,8,David Rikl
102140,1377.0,271.4,1,1500.0,350.0,0,1364.4,281.5,1,1500.0,350.0,0,Bruno Fragoso
105952,1376.9,139.0,55,1202.9,266.7,8,1443.7,155.7,46,1297.1,415.4,1,Renzo Olivo
103339,1376.9,152.6,11,1408.0,195.7,8,1500.0,350.0,0,1513.7,292.6,3,Wesley Whitehouse
105128,1376.9,190.8,6,1280.3,293.2,1,1453.6,231.1,5,1500.0,350.0,0,Guillermo Olaso
101516,1376.8,248.2,3,1381.1,321.6,1,1500.0,350.0,0,1500.0,350.0,0,Joao Zwetsch
111513,1376.8,89.1,313,1228.0,157.5,113,1505.4,141.3,174,1182.0,261.8,26,Laslo Djere
103082,1376.8,132.1,67,1339.6,164.0,27,1427.0,186.4,36,1267.1,404.4,4,Markus Hantschk
144909,1376.7,259.9,1,1500.0,350.0,0,1421.0,283.8,1,1500.0,350.0,0,Francisco Cabral
102243,1376.6,157.2,32,1479.1,475.1,6,1354.8,196.4,24,1340.2,483.5,1,Marcelo Charpentier
101224,1376.5,118.5,48,1346.7,165.6,29,1354.9,292.1,2,1211.2,238.3,8,Kenny Thorne
104021,1376.2,271.5,1,1500.0,350.0,0,1374.1,278.4,1,1500.0,350.0,0,Marco Mirnegg
103988,1376.1,274.2,1,1500.0,350.0,0,1338.8,277.7,1,1500.0,350.0,0,Mariano Albert Ferrando
108429,1376.0,274.7,1,1395.1,281.1,1,1500.0,350.0,0,1500.0,350.0,0,Tony Bujan
102031,1375.9,84.0,58,1143.8,214.5,8,1379.8,103.2,43,1115.1,314.6,2,Sandor Noszaly
105643,1375.8,85.6,356,1156.1,173.4,99,1462.3,109.5,245,886.9,519.3,12,Federico Delbonis
104034,1375.8,269.9,1,1500.0,350.0,0,1406.6,279.3,1,1500.0,350.0,0,Dmitry Vlasov
102811,1375.8,130.8,25,1314.0,248.3,6,1447.4,195.6,13,1442.6,308.2,6,Dusan Vemic
101977,1375.4,158.7,9,1449.0,224.9,4,1149.5,227.2,5,1500.0,350.0,0,Patricio Arnold
200336,1375.4,278.4,1,1392.3,281.9,1,1500.0,350.0,0,1500.0,350.0,0,Trent Bryde
104738,1375.1,221.9,3,1500.0,350.0,0,1419.9,229.2,3,1500.0,350.0,0,Caio Zampieri
103475,1375.1,270.7,1,1390.5,275.9,1,1500.0,350.0,0,1500.0,350.0,0,Thomas Messmer
101299,1375.1,274.0,1,1500.0,350.0,0,1500.0,350.0,0,1500.0,350.0,0,Sven Salumaa
101565,1374.9,260.7,2,1389.4,270.4,2,1500.0,350.0,0,1500.0,350.0,0,Marius Barnard
102469,1374.9,231.3,4,1513.7,275.5,2,1326.8,322.1,2,1500.0,350.0,0,Solon Peppas
101142,1374.8,99.6,367,1416.4,247.6,104,1412.2,110.2,232,900.6,546.0,3,Emilio Sanchez
108229,1374.8,305.0,1,1374.8,305.0,1,1500.0,350.0,0,1500.0,350.0,0,Sebastien Hette
101615,1374.8,305.0,1,1374.8,305.0,1,1500.0,350.0,0,1500.0,350.0,0,Otavio Della
101504,1374.8,161.8,9,1346.7,208.2,6,1437.6,214.5,3,1500.0,350.0,0,Laurent Prades
106281,1374.7,101.8,54,1485.0,158.5,23,1268.8,334.6,4,1286.9,162.6,27,Liam Broady
101004,1374.6,158.4,40,1439.3,182.5,22,1298.9,313.4,7,1332.8,291.7,8,Jim Pugh
205734,1374.6,97.4,91,1358.0,143.6,28,1426.0,121.4,59,1459.9,298.1,4,Thiago Seyboth Wild
105609,1374.5,273.4,1,1377.5,276.9,1,1500.0,350.0,0,1500.0,350.0,0,Ilya Belyaev
103761,1374.3,157.6,12,1308.6,200.9,7,1397.1,344.7,2,1500.0,350.0,0,Tomas Cakl
100606,1374.1,273.7,1,1500.0,350.0,0,1399.9,279.6,1,1500.0,350.0,0,Mike Bauer
101632,1374.0,216.2,4,1378.3,321.3,1,1509.3,257.0,2,1500.0,350.0,0,Per Henricsson
102887,1373.9,137.2,170,1400.6,156.0,106,1436.3,613.6,47,933.4,358.3,11,Ramon Delgado
103763,1373.8,212.8,3,1373.5,215.4,3,1500.0,350.0,0,1500.0,350.0,0,Martin Slanar
104661,1373.8,220.9,4,1354.7,240.1,3,1500.0,350.0,0,1422.7,309.6,1,Pierre Ludovic Duclos
102215,1373.7,195.1,15,1390.0,238.6,6,1344.9,441.8,1,1425.9,380.2,4,Joshua Eagle
102785,1373.5,118.2,38,1380.2,126.0,33,1500.0,350.0,0,1400.8,301.8,5,Glenn Weiner
104755,1373.4,86.3,991,1310.1,131.3,586,1418.6,143.1,275,1263.5,309.3,116,Richard Gasquet
105905,1373.3,182.2,5,1340.4,298.1,1,1511.9,198.2,4,1500.0,350.0,0,Danilo Petrovic
104311,1373.3,242.1,3,1500.0,350.0,0,1409.1,264.5,3,1500.0,350.0,0,Leonardo Tavares
103752,1373.2,86.1,115,1394.8,129.8,51,1377.0,129.3,52,1289.3,258.3,9,Simon Greul
106234,1373.1,83.1,166,1372.8,123.3,109,1434.4,158.5,45,1350.1,285.9,12,Aslan Karatsev
101861,1373.1,168.3,16,1500.0,350.0,0,1384.8,192.3,11,1500.0,350.0,0,Thomas Buchmayer
105874,1373.0,157.1,14,1451.1,192.7,11,1335.2,283.3,1,1239.7,286.6,2,Albano Olivetti
104542,1372.8,96.7,673,1467.0,128.6,456,1222.6,208.1,132,1367.0,318.5,75,Jo-Wilfried Tsonga
101360,1372.7,156.4,11,1402.8,212.8,4,1500.0,350.0,0,1342.9,235.0,5,Mark Keil
104081,1372.6,100.3,72,1429.1,213.7,16,1336.0,120.5,51,1188.0,365.2,3,Boris Pashanski
102233,1372.6,160.4,130,1346.2,178.7,75,1404.6,454.4,5,1525.4,276.7,31,Leander Paes
100997,1372.5,146.1,24,1362.3,159.8,18,1437.1,324.4,3,1500.0,350.0,0,Roger Smith
103371,1372.5,269.5,1,1354.2,273.8,1,1500.0,350.0,0,1500.0,350.0,0,Emin Agaev
105449,1372.5,101.6,397,1334.8,127.4,265,1386.5,219.5,66,1470.1,210.6,66,Steve Johnson
105318,1372.5,184.0,6,1253.0,224.7,4,1555.0,213.8,2,1500.0,350.0,0,Thomas Schoorel
210340,1372.5,202.3,3,1356.6,208.7,3,1500.0,350.0,0,1500.0,350.0,0,Philip Sekulic
100970,1372.2,273.2,1,1500.0,350.0,0,1421.8,290.3,1,1500.0,350.0,0,Stefan Eriksson
108136,1372.2,271.2,1,1500.0,350.0,0,1500.0,350.0,0,1500.0,350.0,0,Roberto Raffa
202168,1372.1,273.2,1,1385.1,276.6,1,1500.0,350.0,0,1500.0,350.0,0,Ye Cong Mo
108214,1371.8,271.3,1,1383.6,274.4,1,1500.0,350.0,0,1500.0,350.0,0,Scott Clark
102556,1371.7,260.1,1,1381.0,264.8,1,1500.0,350.0,0,1500.0,350.0,0,Claude Ngoran
109303,1371.6,148.1,10,1260.9,309.7,1,1427.0,173.7,8,1408.3,301.8,1,Stefano Napolitano
126845,1371.4,72.0,83,1405.0,102.4,53,1324.3,201.7,11,1391.6,193.9,19,Max Purcell
102836,1371.3,165.8,17,1472.0,246.7,7,1414.0,215.3,5,1247.0,379.9,5,Rogier Wassen
101250,1371.1,187.6,6,1498.9,256.2,2,1386.8,278.1,1,1500.0,350.0,0,Jose Daher
101588,1370.9,271.6,1,1394.8,282.6,1,1500.0,350.0,0,1500.0,350.0,0,Jason Netter
105084,1370.7,272.3,1,1300.7,282.4,1,1500.0,350.0,0,1500.0,350.0,0,James Lemke
102669,1370.7,140.5,16,1379.9,146.9,15,1500.0,350.0,0,1500.0,350.0,0,Noam Behr
102413,1370.5,216.7,4,1319.7,281.7,1,1460.0,260.4,3,1500.0,350.0,0,Andy Zingman
100489,1370.4,294.4,1,1365.4,294.3,1,1500.0,350.0,0,1500.0,350.0,0,Larry Stefanki
102524,1370.4,100.5,85,1311.2,163.8,50,1282.9,758.1,2,1495.6,156.7,29,Neville Godwin
106148,1370.2,87.0,294,1360.9,111.5,96,1390.7,140.5,180,1175.7,322.2,18,Roberto Carballes Baena
103403,1370.2,182.9,11,1371.6,188.0,11,1500.0,350.0,0,1500.0,350.0,0,Takahiro Terachi
101719,1370.1,117.6,87,1297.3,575.4,10,1441.4,123.2,70,1315.4,635.6,1,Frederic Fontang
202197,1369.8,258.2,1,1500.0,350.0,0,1280.8,283.5,1,1500.0,350.0,0,Carlos Gimeno Valero
101071,1369.8,134.1,50,1255.0,256.4,13,1373.3,187.8,14,1200.2,462.4,3,Tom Nijssen
101924,1369.8,140.3,255,1421.9,277.9,115,1198.8,281.9,96,1327.0,212.8,15,Stefano Pescosolido
102664,1369.7,276.4,1,1500.0,350.0,0,1367.6,277.3,1,1500.0,350.0,0,Petr Pala
144707,1369.7,123.7,134,1357.9,189.5,90,1330.9,199.3,31,1478.4,225.7,13,Mikael Ymer
104719,1369.6,83.7,449,1247.1,133.2,199,1383.2,197.8,212,1446.1,178.8,38,Marcel Granollers
106158,1369.6,269.8,1,1389.2,274.6,1,1500.0,350.0,0,1500.0,350.0,0,Suk Young Jeong
106214,1369.6,104.3,80,1362.9,148.2,42,1395.0,184.1,21,1444.0,210.3,17,Oscar Otte
104618,1369.5,269.5,1,1374.2,276.4,1,1500.0,350.0,0,1500.0,350.0,0,Devin Mullings
212788,1369.5,270.9,1,1342.9,273.2,1,1500.0,350.0,0,1500.0,350.0,0,Amir Omarkhanov
126107,1369.4,271.2,1,1392.0,279.2,1,1500.0,350.0,0,1500.0,350.0,0,Michael Geerts
100810,1369.4,96.3,38,1392.6,111.8,28,1500.0,350.0,0,1471.2,236.6,4,Paul Chamberlin
102948,1369.3,276.6,1,1361.3,303.4,1,1500.0,350.0,0,1500.0,350.0,0,Oliver Freelove
101849,1369.2,207.5,6,1474.2,250.6,3,1398.0,422.5,1,1500.0,350.0,0,Nicola Bruno
101119,1369.2,126.3,86,1294.6,270.3,16,1389.1,143.5,62,1222.1,434.9,1,Marian Vajda
103381,1369.1,273.6,1,1500.0,350.0,0,1374.0,286.4,1,1500.0,350.0,0,Andy Fahlke
104099,1369.0,251.9,2,1500.0,350.0,0,1383.3,268.5,2,1500.0,350.0,0,Israel Matos Gil
105120,1368.9,281.7,2,1500.0,350.0,0,1395.4,297.7,2,1500.0,350.0,0,Andres Molteni
102168,1368.7,248.4,2,1500.0,350.0,0,1349.8,251.9,2,1500.0,350.0,0,Hector Moretti
101931,1368.6,248.5,3,1378.7,253.7,3,1500.0,350.0,0,1500.0,350.0,0,Marcus Hilpert
103365,1368.5,270.9,1,1500.0,350.0,0,1396.0,277.0,1,1500.0,350.0,0,Javier Garcia Sintes
103594,1368.4,128.0,47,1333.6,221.0,13,1415.7,157.1,30,1299.4,373.1,1,Oliver Marach
102864,1368.4,282.0,2,1376.0,305.5,1,1500.0,350.0,0,1396.9,334.3,1,Frank Moser
102892,1368.4,270.3,1,1352.3,270.9,1,1500.0,350.0,0,1500.0,350.0,0,Susheel Narla
103047,1368.3,144.2,11,1217.6,229.4,4,1321.5,224.5,4,1500.0,350.0,0,Julien Varlet
105173,1368.3,71.3,685,1455.7,97.4,474,902.1,220.5,85,1452.2,303.8,126,Adrian Mannarino
106043,1368.1,96.5,463,1376.7,131.6,227,1350.6,149.9,210,1398.5,310.8,26,Diego Schwartzman
104295,1368.0,273.2,1,1371.7,277.3,1,1500.0,350.0,0,1500.0,350.0,0,Raphael Durek
144645,1368.0,186.2,4,1500.0,350.0,0,1425.0,241.0,3,1361.4,267.5,1,Zdenek Kolar
103753,1367.9,275.3,1,1500.0,350.0,0,1366.5,296.0,1,1500.0,350.0,0,Boris Bachert
101625,1367.5,261.2,1,1385.1,269.3,1,1500.0,350.0,0,1500.0,350.0,0,Steve Herdoiza
101761,1367.4,174.6,146,1331.8,215.6,70,1443.4,228.5,69,1410.9,988.6,4,Jaime Oncins
105782,1367.3,272.6,1,1500.0,350.0,0,1407.3,286.5,1,1500.0,350.0,0,Enrique Lopez Perez
101143,1367.0,202.4,7,1500.0,350.0,0,1454.3,309.3,3,1448.2,230.1,3,Branislav Stankovic
103878,1367.0,269.5,1,1372.5,271.1,1,1500.0,350.0,0,1500.0,350.0,0,Zach Dailey
105550,1366.9,80.2,267,1346.2,146.6,112,1344.6,125.9,128,1366.0,218.4,27,Guido Pella
101448,1366.8,202.4,5,1500.0,350.0,0,1388.5,208.9,5,1500.0,350.0,0,Tasos Bavelas
104890,1366.7,103.8,113,1347.6,181.0,40,1390.5,145.5,59,1240.0,303.4,14,Andreas Haider Maurer
202260,1366.7,178.2,5,1500.0,350.0,0,1488.9,222.8,2,1280.1,287.3,3,Henri Squire
103444,1366.6,143.9,120,1414.5,228.5,58,1266.6,194.0,55,1266.2,545.7,5,Jean Rene Lisnard
101746,1366.5,123.0,436,1347.4,174.6,123,1325.7,191.4,245,1341.9,683.1,9,Renzo Furlan
101732,1366.5,209.3,4,1500.0,350.0,0,1386.7,215.5,4,1500.0,350.0,0,Pietro Pennisi
101629,1366.3,273.0,1,1500.0,350.0,0,1392.8,278.3,1,1500.0,350.0,0,Matt Lucena
102979,1366.3,273.2,1,1500.0,350.0,0,1500.0,350.0,0,1312.2,303.7,1,Jeff Coetzee
105026,1366.2,296.9,1,1372.2,298.4,1,1500.0,350.0,0,1500.0,350.0,0,Takuto Niki
104485,1366.1,270.4,1,1500.0,350.0,0,1404.6,280.3,1,1500.0,350.0,0,Nick Van Der Meer
102285,1366.1,285.3,2,1296.8,287.7,1,1485.2,380.5,1,1500.0,350.0,0,Nasser Ghanim Al Khulaifi
102430,1366.0,257.1,1,1355.9,258.1,1,1500.0,350.0,0,1500.0,350.0,0,Adam Peterson
101994,1365.9,279.9,1,1500.0,350.0,0,1383.6,283.0,1,1500.0,350.0,0,Remus Farcas
103358,1365.8,272.3,1,1500.0,350.0,0,1380.6,278.3,1,1500.0,350.0,0,Nicolas Todero
101422,1365.8,130.6,28,1207.5,194.6,14,1568.5,347.9,7,1431.3,255.6,7,Mark Kaplan
102221,1365.6,274.0,1,1500.0,350.0,0,1404.9,281.9,1,1500.0,350.0,0,Diego Lozano
200572,1365.5,215.9,3,1500.0,350.0,0,1382.2,230.0,3,1500.0,350.0,0,Nick Hardt
122548,1365.1,237.0,3,1379.7,241.4,3,1500.0,350.0,0,1500.0,350.0,0,Edan Leshem
103282,1365.0,273.8,1,1500.0,350.0,0,1345.7,291.5,1,1500.0,350.0,0,Tiago Sousa
106031,1365.0,271.7,1,1364.2,280.3,1,1500.0,350.0,0,1500.0,350.0,0,Raymond Sarmiento
106378,1364.9,105.2,233,1414.1,121.1,153,1289.7,248.3,50,1335.9,537.3,30,Kyle Edmund
126535,1364.8,116.2,47,1273.2,235.8,11,1444.6,133.6,35,1132.7,415.2,1,Carlos Taberner
102400,1364.6,278.4,1,1500.0,350.0,0,1385.2,283.0,1,1500.0,350.0,0,Elia Grossi
103984,1364.5,272.8,1,1500.0,350.0,0,1500.0,350.0,0,1500.0,350.0,0,Julien Mathieu
207494,1364.4,114.3,20,1401.2,125.5,18,1146.9,257.4,2,1500.0,350.0,0,Dalibor Svrcina
210464,1364.3,168.0,7,1370.8,171.4,6,1446.9,347.2,1,1500.0,350.0,0,Darwin Blanch
108247,1364.0,270.6,1,1389.4,286.4,1,1500.0,350.0,0,1500.0,350.0,0,Shai Friedman
100962,1364.0,117.4,91,1324.3,142.9,54,1251.5,477.8,3,1162.6,410.7,5,Thomas Hogstedt
102756,1364.0,268.8,1,1500.0,350.0,0,1283.7,289.7,1,1500.0,350.0,0,Eduardo Rincon
104330,1364.0,97.4,150,1341.5,138.7,104,1322.6,200.1,11,1239.9,200.7,35,Rajeev Ram
106264,1363.8,268.9,1,1500.0,350.0,0,1364.2,274.7,1,1500.0,350.0,0,Karue Sell
104262,1363.8,86.6,101,1413.3,112.8,55,1335.2,163.4,38,1132.5,311.5,8,Flavio Cipolla
103560,1363.8,184.3,4,1308.3,190.5,4,1500.0,350.0,0,1500.0,350.0,0,Kj Hippensteel
102042,1363.8,272.4,1,1383.7,277.1,1,1500.0,350.0,0,1500.0,350.0,0,Brandon Coupe
103677,1363.8,272.7,1,1500.0,350.0,0,1376.6,278.5,1,1500.0,350.0,0,Andreas Fasching
104025,1363.6,140.2,78,1365.0,149.7,63,1242.3,311.1,7,1377.4,337.6,8,Amer Delic
103841,1363.3,273.6,1,1500.0,350.0,0,1385.7,279.1,1,1500.0,350.0,0,Julio Peralta
101868,1363.3,143.4,93,1258.7,283.1,33,1270.9,214.2,20,1417.6,196.4,29,Dick Norman
101860,1363.2,179.9,5,1272.4,209.2,3,1500.0,350.0,0,1487.3,286.5,2,Mark Draper
108999,1363.2,270.6,1,1357.8,277.8,1,1500.0,350.0,0,1500.0,350.0,0,Dan Cantwell
101815,1362.9,264.1,2,1500.0,350.0,0,1333.5,295.1,2,1500.0,350.0,0,Sergio Gomez Barrio
104628,1362.8,147.5,20,1406.6,164.4,17,1318.9,614.2,1,1322.8,323.4,2,Alexander Kudryavtsev
101956,1362.7,132.7,71,1305.4,186.8,36,1374.3,303.2,9,1434.0,274.3,17,Mark Knowles
105080,1362.7,195.6,4,1407.4,237.7,3,1232.7,275.7,1,1500.0,350.0,0,Miloslav Mecir Jr
101814,1362.6,197.4,4,1500.0,350.0,0,1303.4,292.1,1,1284.3,259.6,3,Colin Beecher
200329,1362.5,271.4,1,1368.9,273.4,1,1500.0,350.0,0,1500.0,350.0,0,Remy Bertola
105379,1362.4,84.1,290,1327.9,159.6,131,1452.7,125.6,124,1190.9,269.9,35,Aljaz Bedene
145001,1362.2,273.8,1,1358.4,278.7,1,1500.0,350.0,0,1500.0,350.0,0,Evan Furness
101126,1361.9,90.3,74,1406.5,114.2,49,1416.6,408.5,2,1255.9,313.9,6,Chris Pridham
104460,1361.8,145.2,160,1346.2,212.7,67,1277.1,222.0,52,1423.6,228.3,41,Dustin Brown
101184,1361.6,242.2,3,1500.0,350.0,0,1413.1,246.3,3,1500.0,350.0,0,Damir Buljevic
104327,1361.6,97.0,217,1353.9,127.0,119,1218.4,252.8,62,1408.5,253.8,33,Steve Darcis
103716,1361.6,169.0,7,1473.9,272.7,2,1405.2,326.1,1,1411.3,296.3,1,Uros Vico
103319,1361.5,98.1,90,1357.2,117.1,67,1278.9,243.8,7,1379.1,247.4,16,Jeff Morrison
101543,1361.5,102.4,496,1233.8,137.4,283,1463.8,226.2,106,1347.7,272.5,38,Jeff Tarango
100628,1361.4,83.8,83,1337.1,108.0,44,1520.4,323.6,8,1334.8,246.6,16,Michiel Schapers
104739,1361.4,252.2,1,1500.0,350.0,0,1500.0,350.0,0,1371.2,272.7,1,Guillermo Alcaide
102473,1361.1,191.2,13,1500.0,350.0,0,1385.7,195.6,13,1500.0,350.0,0,Thomas Schiessling
105577,1361.0,141.1,283,1374.3,149.9,221,963.8,633.3,14,1280.2,347.7,48,Vasek Pospisil
105373,1360.9,175.1,272,1385.2,219.2,136,1404.5,201.1,119,1108.0,431.7,17,Martin Klizan
103353,1360.8,271.2,1,1500.0,350.0,0,1350.8,274.4,1,1500.0,350.0,0,Ingo Neumuller
103397,1360.7,101.6,30,1328.5,148.8,15,1410.4,207.2,10,1330.7,222.3,5,Alexandre Simoni
103068,1360.6,271.2,1,1500.0,350.0,0,1380.7,279.1,1,1500.0,350.0,0,Chemseddine Belal
105579,1360.5,246.9,3,1356.0,249.6,3,1500.0,350.0,0,1500.0,350.0,0,Kittipong Wachiramanowong
207220,1360.2,212.8,3,1500.0,350.0,0,1329.5,234.1,3,1500.0,350.0,0,Taha Baadi
102585,1360.1,165.0,15,1505.2,403.9,2,1375.7,179.3,13,1500.0,350.0,0,Sebastian Prieto
100866,1360.0,205.4,5,1307.5,217.3,5,1500.0,350.0,0,1500.0,350.0,0,Shahar Perkiss
144923,1359.9,262.7,3,1500.0,350.0,0,1422.0,325.7,2,1352.4,320.5,1,Louis Wessels
206499,1359.8,73.6,108,1385.8,94.0,79,1358.5,199.7,22,1283.4,338.7,7,Aleksandar Kovacevic
108043,1359.8,222.0,3,1500.0,350.0,0,1500.0,350.0,0,1320.1,295.9,1,Ralph Kok
103726,1359.8,139.5,9,1417.9,184.5,6,1314.3,279.5,2,1365.1,331.6,1,Jean Christophe Faurel
105438,1359.7,94.5,49,1369.3,160.1,13,1373.5,130.3,32,1243.1,436.4,4,Inigo Cervantes Huegun
102153,1359.7,96.6,41,1243.4,221.3,6,1392.8,124.4,33,1349.7,275.1,2,German Puentes
104225,1359.7,94.5,105,1206.4,161.5,45,1450.5,154.4,55,1185.8,445.8,4,Jan Hajek
207729,1359.6,113.8,14,1453.0,130.7,11,1197.8,230.5,3,1500.0,350.0,0,Tristan Boyer
102395,1359.6,156.5,11,1392.2,160.8,8,1358.6,297.6,3,1500.0,350.0,0,Ville Liukko
104211,1359.5,270.4,1,1353.0,273.1,1,1500.0,350.0,0,1500.0,350.0,0,Roman Valent
104735,1359.5,141.7,163,1340.3,164.7,96,1402.8,264.6,43,1445.4,284.4,24,Tobias Kamke
207834,1359.5,210.7,5,1352.6,218.1,5,1500.0,350.0,0,1500.0,350.0,0,Juan Alejandro Hernandez Serrano
120424,1359.2,114.5,26,1348.1,147.7,15,1398.8,210.5,9,1319.8,330.0,2,Yannick Maden
212268,1359.2,273.7,1,1500.0,350.0,0,1389.5,278.5,1,1500.0,350.0,0,Max Schoenhaus
102147,1358.9,132.9,17,1349.1,218.7,5,1436.8,169.5,11,1500.0,350.0,0,Oliver Fernandez
104282,1358.9,270.2,1,1500.0,350.0,0,1312.4,294.5,1,1500.0,350.0,0,Dennis Peschek
103256,1358.9,250.9,2,1500.0,350.0,0,1366.1,254.9,2,1500.0,350.0,0,Ivan Vajda
102824,1358.8,271.3,1,1346.8,276.1,1,1500.0,350.0,0,1500.0,350.0,0,John Roddick
102929,1358.8,259.5,2,1364.9,267.6,2,1500.0,350.0,0,1500.0,350.0,0,Ryan Wolters
104198,1358.7,84.4,650,1341.0,124.6,313,1340.4,150.4,273,1379.6,310.9,60,Guillermo Garcia Lopez
103112,1358.7,273.2,1,1500.0,350.0,0,1389.5,282.2,1,1500.0,350.0,0,Ruben Fernandez
103999,1358.7,147.5,30,1351.6,189.5,15,1279.3,214.5,10,1399.8,328.9,5,Thiago Alves
105053,1358.7,118.8,327,1331.3,182.4,148,1392.8,152.4,148,1361.0,399.0,30,Santiago Giraldo
105028,1358.6,85.8,95,1384.8,124.5,64,1257.7,255.6,7,1365.3,220.1,24,Jesse Levine
102581,1358.4,248.3,2,1500.0,350.0,0,1360.4,254.0,2,1500.0,350.0,0,Goran Oresic
102730,1358.1,104.7,104,1327.3,143.8,63,1194.5,243.7,15,1451.5,291.4,12,Ivo Heuberger
102428,1358.0,275.3,1,1358.7,278.0,1,1500.0,350.0,0,1500.0,350.0,0,Johan Hede
102654,1357.9,191.9,6,1346.7,199.7,6,1500.0,350.0,0,1500.0,350.0,0,Steven Downs
102791,1357.9,191.8,5,1375.9,199.4,5,1500.0,350.0,0,1500.0,350.0,0,Bobby Kokavec
104548,1357.8,105.8,60,1311.8,140.3,41,1448.5,256.0,9,1490.6,232.1,10,Brian Baker
211451,1357.8,214.0,4,1323.4,233.3,4,1500.0,350.0,0,1500.0,350.0,0,Gilles Arnaud Bailly
106906,1357.6,272.2,1,1500.0,350.0,0,1399.1,282.6,1,1500.0,350.0,0,Dusan Prchlik
104470,1357.6,275.1,1,1398.4,284.7,1,1500.0,350.0,0,1500.0,350.0,0,Komlavi Loglo
100901,1357.5,136.0,37,1362.3,184.3,19,1500.0,350.0,0,1395.1,230.6,8,Paul Annacone
104467,1357.4,172.9,16,1301.7,462.1,3,1394.0,187.5,13,1500.0,350.0,0,Lamine Ouahab
102945,1357.3,259.9,2,1347.3,260.1,2,1500.0,350.0,0,1500.0,350.0,0,Luke Bourgeois
101485,1357.3,269.1,1,1500.0,350.0,0,1500.0,350.0,0,1500.0,350.0,0,Tanakorn Srichaphan
101926,1357.2,142.5,15,1450.7,240.2,5,1217.2,232.3,6,1500.0,350.0,0,Andrei Merinov
104676,1357.2,146.4,103,1323.2,229.8,37,1350.7,192.7,52,1497.2,439.6,14,Andreas Beck
101344,1357.1,109.5,28,1418.5,241.5,7,1328.0,145.1,15,1334.1,310.4,1,Bruno Oresar
103429,1357.1,100.6,120,1328.6,149.0,55,1319.1,146.9,57,1497.1,278.9,8,Peter Luczak
105149,1356.9,206.5,9,1349.4,379.2,1,1423.0,227.7,8,1500.0,350.0,0,Reda El Amrani
104926,1356.9,86.4,790,1268.1,184.3,334,1426.9,133.2,404,1318.0,237.8,51,Fabio Fognini
103857,1356.9,91.7,237,1330.6,123.9,149,1297.8,206.0,30,1262.6,223.2,37,Igor Kunitsyn
111456,1356.8,82.6,258,1339.3,100.7,186,1304.4,232.6,34,1400.2,228.3,38,Mackenzie Mcdonald
102454,1356.8,272.3,1,1359.6,273.5,1,1500.0,350.0,0,1500.0,350.0,0,Hyeong Keun Song
103149,1356.7,271.2,1,1500.0,350.0,0,1354.0,275.7,1,1500.0,350.0,0,Mathias Hellstrom
105477,1356.6,103.1,53,1194.5,349.1,10,1416.7,118.2,42,1276.8,607.4,1,Marco Trungelliti
102378,1356.6,141.5,17,1500.0,350.0,0,1394.1,144.0,17,1500.0,350.0,0,Juan Gisbert Jr
126152,1356.3,249.3,1,1370.5,256.4,1,1500.0,350.0,0,1500.0,350.0,0,Ryan Shane
102734,1356.3,251.7,2,1345.0,256.0,2,1500.0,350.0,0,1500.0,350.0,0,Lior Mor
102206,1356.2,271.5,1,1500.0,350.0,0,1388.6,276.0,1,1500.0,350.0,0,Stephane Matheu
103405,1356.1,248.5,1,1374.9,259.5,1,1500.0,350.0,0,1500.0,350.0,0,Rodolfo Rake
100935,1356.1,192.1,5,1502.8,266.2,2,1412.8,273.6,1,1352.1,289.8,1,Michael Robertson
102834,1356.1,80.6,200,1339.9,94.6,148,1383.7,226.7,25,1479.0,304.5,22,Paul Goldstein
103805,1356.1,272.9,1,1500.0,350.0,0,1336.2,279.2,1,1500.0,350.0,0,Catalin Gard
103642,1356.1,266.7,1,1360.4,271.7,1,1500.0,350.0,0,1500.0,350.0,0,Shan Jiang
105551,1356.0,271.8,1,1339.1,276.2,1,1500.0,350.0,0,1500.0,350.0,0,Anil Yuksel
101783,1356.0,116.4,93,1345.4,245.0,39,1439.3,282.7,9,1409.6,155.3,36,Mark Petchey
104465,1356.0,270.0,1,1500.0,350.0,0,1500.0,350.0,0,1375.7,300.2,1,Martin Emmrich
210319,1355.9,77.4,56,1401.5,112.1,33,1240.3,151.5,15,1449.5,310.9,8,Ethan Quinn
102578,1355.9,259.5,2,1374.2,279.0,1,1500.0,350.0,0,1500.0,350.0,0,Fredrik Bergh
206307,1355.7,274.7,1,1500.0,350.0,0,1352.4,282.2,1,1500.0,350.0,0,Joao Lucas Reis Da Silva
103465,1355.7,258.1,2,1500.0,350.0,0,1500.0,350.0,0,1328.5,288.9,2,Paul Logtens
123809,1355.4,201.2,5,1500.0,350.0,0,1353.3,212.4,5,1500.0,350.0,0,Ivan Gakhov
105175,1355.3,271.6,1,1339.8,274.7,1,1500.0,350.0,0,1500.0,350.0,0,Kristijan Mesaros
104527,1355.3,80.0,938,1410.5,110.7,544,1230.7,151.4,313,1494.8,459.6,68,Stan Wawrinka
101256,1355.3,101.0,62,1333.9,129.8,36,1257.1,407.4,1,1501.5,192.0,15,Mark Kratzmann
101202,1355.2,297.4,1,1355.2,297.4,1,1500.0,350.0,0,1500.0,350.0,0,Ian Aler
101512,1355.2,271.9,1,1500.0,350.0,0,1500.0,350.0,0,1358.3,304.2,1,Trevor Kronemann
106311,1355.1,273.9,1,1373.0,276.3,1,1500.0,350.0,0,1500.0,350.0,0,Marko Tepavac
101404,1355.0,205.6,672,1371.2,252.2,182,1492.4,300.9,404,1354.7,630.5,14,Thomas Muster
104160,1355.0,105.8,68,1196.4,167.6,20,1436.6,213.4,33,1361.2,287.7,7,Lukas Dlouhy
100592,1354.9,288.9,1,1500.0,350.0,0,1377.0,305.9,1,1500.0,350.0,0,Robert Vant Hof
104070,1354.7,156.4,11,1373.3,213.4,8,1279.9,291.0,2,1430.3,293.3,1,Jesse Witten
101600,1354.7,168.4,6,1500.0,350.0,0,1345.7,217.2,3,1483.0,271.3,2,Daniel Courcol
104789,1354.7,284.0,1,1396.0,289.1,1,1500.0,350.0,0,1500.0,350.0,0,Sherif Sabry
106288,1354.6,206.6,6,1318.0,291.7,2,1439.1,249.5,4,1500.0,350.0,0,Mathias Bourgue
202398,1354.5,275.0,1,1366.4,281.8,1,1500.0,350.0,0,1500.0,350.0,0,Michael Vrbensky
144984,1354.4,271.9,1,1345.6,274.2,1,1500.0,350.0,0,1500.0,350.0,0,Artem Dubrivnyy
105406,1354.4,168.6,7,1424.5,176.9,6,1257.9,389.2,1,1500.0,350.0,0,Roberto Marcora
104612,1354.4,272.2,1,1347.8,282.0,1,1500.0,350.0,0,1500.0,350.0,0,Daniel Yoo
102332,1354.3,274.4,1,1500.0,350.0,0,1500.0,350.0,0,1500.0,350.0,0,Adolf Musil
105783,1354.1,245.7,2,1374.3,261.2,2,1500.0,350.0,0,1500.0,350.0,0,Chase Buchanan
105999,1354.1,273.8,1,1285.8,289.0,1,1500.0,350.0,0,1500.0,350.0,0,Bowen Ouyang
104161,1354.1,272.0,1,1500.0,350.0,0,1368.3,275.5,1,1500.0,350.0,0,Tomislav Peric
100836,1353.8,132.0,13,1391.0,170.8,8,1500.0,350.0,0,1475.3,242.0,3,Glenn Michibata
105591,1353.8,249.2,1,1500.0,350.0,0,1500.0,350.0,0,1384.6,275.0,1,Matt Reid
102015,1353.4,276.3,1,1500.0,350.0,0,1367.0,277.5,1,1500.0,350.0,0,Tomislav Prpic
208230,1353.4,157.7,11,1358.6,164.3,11,1500.0,350.0,0,1500.0,350.0,0,Alibek Kachmazov
102277,1353.4,173.8,9,1371.5,197.9,6,1244.5,357.0,1,1500.0,350.0,0,Bing Chao Lin
101353,1353.4,163.3,14,1340.4,199.1,8,1274.6,284.4,2,1295.2,317.4,1,Lionel Barthez
108381,1353.4,272.7,1,1500.0,350.0,0,1500.0,350.0,0,1500.0,350.0,0,Thomas Andersen
104314,1353.3,100.9,42,1423.0,140.1,15,1346.4,223.5,20,1293.7,243.5,7,Brian Dabul
102565,1353.3,95.4,91,1223.9,176.1,26,1331.9,140.2,43,1218.0,310.1,15,Alexander Waske
102434,1353.2,98.5,669,1320.8,124.5,402,1273.9,310.6,161,1318.1,196.0,65,Vincent Spadea
103762,1353.2,274.6,1,1329.9,289.6,1,1500.0,350.0,0,1500.0,350.0,0,John Paul Fruttero
104235,1353.2,271.2,1,1500.0,350.0,0,1500.0,350.0,0,1370.2,301.6,1,Matwe Middelkoop
124186,1353.0,75.4,130,1389.1,100.4,69,1371.0,142.7,54,1349.7,332.8,7,Alexandre Muller
131905,1353.0,153.0,13,1360.4,172.4,8,1409.8,301.1,5,1500.0,350.0,0,Manuel Guinard
209326,1353.0,274.0,1,1368.6,279.8,1,1500.0,350.0,0,1500.0,350.0,0,Murphy Cassone
105573,1352.8,226.1,3,1316.5,288.6,1,1500.0,350.0,0,1468.7,277.1,2,Henri Kontinen
103969,1352.7,272.6,1,1351.4,273.7,1,1500.0,350.0,0,1500.0,350.0,0,Roman Borvanov
102957,1352.6,151.1,12,1326.7,165.4,10,1516.5,309.3,2,1500.0,350.0,0,Vadim Kutsenko
101593,1352.4,114.3,49,1350.5,157.3,26,1405.6,191.0,14,1271.9,279.1,2,Chris Garner
111187,1352.3,204.4,4,1356.1,207.7,4,1500.0,350.0,0,1500.0,350.0,0,Kaichi Uchida
127760,1352.3,107.1,26,1359.0,131.9,15,1415.6,202.5,8,1288.2,419.4,3,Lukas Klein
101109,1352.2,111.0,46,1223.1,213.6,11,1403.9,132.7,33,1355.3,384.8,1,Tarik Benhabiles
103964,1352.1,269.5,1,1500.0,350.0,0,1500.0,350.0,0,1377.5,298.1,1,Tobias Klein
102276,1352.1,271.0,1,1364.7,273.3,1,1500.0,350.0,0,1500.0,350.0,0,Sandeep Kirtane
101730,1352.1,194.9,7,1386.0,227.3,5,1356.2,301.3,1,1303.8,322.9,1,Piet Norval
102959,1352.0,279.2,1,1500.0,350.0,0,1401.5,285.9,1,1500.0,350.0,0,Marko Tkalec
102081,1351.9,247.7,1,1338.9,249.7,1,1500.0,350.0,0,1500.0,350.0,0,Brett Hansen Dent
104488,1351.9,280.9,1,1500.0,350.0,0,1380.8,290.7,1,1500.0,350.0,0,Armin Sandbichler
149282,1351.8,128.4,13,1274.9,153.8,8,1513.1,195.1,5,1500.0,350.0,0,Nicolai Budkov Kjaer
207213,1351.7,147.0,12,1322.1,280.6,1,1446.6,166.9,11,1500.0,350.0,0,Duje Ajdukovic
104975,1351.5,267.4,2,1500.0,350.0,0,1500.0,350.0,0,1347.8,308.2,1,Evgeny Kirillov
106718,1351.3,273.1,1,1500.0,350.0,0,1500.0,350.0,0,1500.0,350.0,0,Cheng Fong Chang
101642,1351.3,77.5,95,1297.5,218.1,21,1408.5,99.5,58,1152.9,357.9,2,Bart Wuyts
101500,1351.3,107.1,87,1165.9,178.0,30,1320.5,262.9,17,1492.9,200.6,23,Christian Saceanu
103823,1351.2,109.6,90,1335.4,159.9,50,1491.3,201.0,30,1201.4,244.1,10,Denis Gremelmayr
104385,1351.1,247.1,2,1353.9,249.0,2,1500.0,350.0,0,1500.0,350.0,0,Lars Poerschke
102339,1351.0,107.4,37,1214.8,242.6,6,1393.2,128.7,29,1333.3,291.6,1,Kris Goossens
104760,1350.9,203.5,5,1401.8,222.7,4,1500.0,350.0,0,1365.5,323.2,1,Scott Oudsema
103921,1350.6,287.5,1,1373.2,294.4,1,1500.0,350.0,0,1500.0,350.0,0,Sonchat Ratiwatana
101369,1350.5,200.9,3,1345.0,214.9,3,1500.0,350.0,0,1500.0,350.0,0,Bent Ove Pedersen
103080,1350.5,273.7,1,1305.5,290.7,1,1500.0,350.0,0,1500.0,350.0,0,Paul Hanley
126846,1350.2,78.9,146,1382.9,97.3,101,1177.9,190.5,22,1316.6,272.2,23,Aleksandar Vukic
102755,1350.2,275.6,1,1500.0,350.0,0,1500.0,350.0,0,1378.6,297.9,1,Alex Witt
101961,1350.1,134.6,16,1345.0,246.1,5,1376.1,157.4,11,1500.0,350.0,0,Martin Stringari
104486,1350.0,274.1,1,1359.1,274.5,1,1500.0,350.0,0,1500.0,350.0,0,Horia Tecau
105137,1350.0,124.6,86,1138.6,240.5,21,1427.5,179.5,60,1032.8,385.8,5,Pere Riba
126208,1349.9,274.4,1,1362.4,276.8,1,1500.0,350.0,0,1500.0,350.0,0,Yusuke Takahashi
101237,1349.9,115.4,49,1351.1,129.7,33,1278.9,297.2,3,1264.6,326.1,3,Danilo Marcelino
101616,1349.9,272.4,1,1500.0,350.0,0,1500.0,350.0,0,1500.0,350.0,0,Serge Soulie
210545,1349.8,261.9,2,1395.9,256.2,2,1500.0,350.0,0,1500.0,350.0,0,Luis Carlos Alvarez
100790,1349.8,158.9,11,1358.0,184.5,9,1500.0,350.0,0,1431.3,273.8,2,Bruce Derlin
207182,1349.8,87.7,46,1336.2,120.1,31,1429.0,144.2,14,1369.4,457.4,1,Emilio Nava
117352,1349.6,273.2,1,1356.7,275.0,1,1500.0,350.0,0,1500.0,350.0,0,Oliver Anderson
102574,1349.6,158.9,14,1500.0,350.0,0,1374.2,198.8,11,1272.4,299.6,3,Gabriel Trifu
105590,1349.4,273.3,1,1360.0,278.9,1,1500.0,350.0,0,1500.0,350.0,0,Uladzimir Ignatik
126964,1349.4,166.7,11,1519.5,211.4,7,1190.0,245.7,4,1500.0,350.0,0,Vitaliy Sachko
105041,1349.2,130.3,216,1306.7,153.7,155,1282.6,663.2,16,1400.8,220.3,45,Lukas Lacko
106238,1349.2,289.1,1,1349.4,289.5,1,1500.0,350.0,0,1500.0,350.0,0,Andres Artunedo Martinavarro
101356,1349.1,209.3,5,1414.9,214.0,5,1500.0,350.0,0,1500.0,350.0,0,Buff Farrow
104312,1349.0,91.1,769,1356.1,108.9,401,1275.2,262.0,244,1389.9,243.1,110,Andreas Seppi
106539,1349.0,246.2,1,1355.2,251.4,1,1500.0,350.0,0,1500.0,350.0,0,Andrew Mclean
104919,1349.0,106.0,361,1313.7,155.0,152,1381.9,144.3,174,1373.1,301.8,35,Leonardo Mayer
101895,1349.0,269.2,1,1349.0,269.2,1,1500.0,350.0,0,1500.0,350.0,0,Michael Brown B395
101024,1348.8,288.4,1,1500.0,350.0,0,1366.4,290.3,1,1500.0,350.0,0,Christian Geyer
109686,1348.8,210.6,3,1500.0,350.0,0,1369.3,227.5,3,1500.0,350.0,0,Riccardo Bonadio
102963,1348.7,273.7,1,1401.9,283.6,1,1500.0,350.0,0,1500.0,350.0,0,Robert Lindstedt
106186,1348.6,128.8,61,1306.5,153.1,34,1459.5,207.8,14,1435.1,239.0,13,Jason Kubler
104433,1348.6,126.4,144,1269.0,183.5,93,1130.0,570.2,4,1408.1,187.0,44,Frank Dancevic
102103,1348.5,137.1,22,1388.6,150.8,17,1224.0,329.3,3,1329.1,281.4,2,Michael Sell
200259,1348.4,129.7,13,1381.5,154.0,10,1332.0,237.7,3,1500.0,350.0,0,Ugo Blanchet
101473,1348.3,138.1,14,1500.0,350.0,0,1391.4,157.4,12,1500.0,350.0,0,Jozsef Krocsko
102545,1348.2,272.3,1,1500.0,350.0,0,1391.3,278.9,1,1500.0,350.0,0,Pedro Braga
101902,1348.1,108.0,53,1309.9,168.5,22,1464.7,189.4,19,1332.2,243.0,7,Stephane Huet
104275,1348.1,267.7,1,1500.0,350.0,0,1385.5,272.9,1,1500.0,350.0,0,Josko Topic
103385,1348.0,172.3,10,1334.2,199.3,8,1500.0,350.0,0,1451.7,334.9,2,Paul Baccanello
102087,1347.9,124.3,66,1362.1,159.6,34,1436.1,232.9,15,1223.8,647.1,3,Oleg Ogorodov
104393,1347.9,272.2,1,1297.6,286.0,1,1500.0,350.0,0,1500.0,350.0,0,Gregoire Burquier
103333,1347.8,107.6,698,1328.5,133.3,441,1340.2,314.9,125,1358.2,232.8,118,Ivo Karlovic
207663,1347.8,273.6,1,1500.0,350.0,0,1384.4,277.6,1,1500.0,350.0,0,Nikolas Sanchez Izquierdo
107460,1347.7,276.2,1,1500.0,350.0,0,1328.1,283.2,1,1500.0,350.0,0,Juan Pablo Etchecoin
102868,1347.6,274.6,1,1500.0,350.0,0,1500.0,350.0,0,1500.0,350.0,0,Jonathan Printzlau
102720,1347.6,116.1,135,1319.2,143.8,62,1323.3,232.1,50,1325.1,239.8,16,Tomas Zib
104997,1347.5,90.9,133,1347.4,222.6,78,1334.4,145.7,32,1317.0,235.0,23,Igor Sijsling
104112,1347.4,179.4,11,1442.1,383.7,3,1314.0,198.3,8,1500.0,350.0,0,Benjamin Balleret
103672,1347.2,109.5,139,1339.1,147.7,80,1381.6,160.5,48,1279.7,389.5,9,Ricardo Mello
111190,1347.1,82.4,137,1374.2,107.5,83,1285.6,160.7,40,1447.5,437.1,14,Zhizhen Zhang
103472,1346.9,272.0,1,1340.4,279.6,1,1500.0,350.0,0,1500.0,350.0,0,Karim Maamoun
103454,1346.8,138.9,461,1462.8,236.7,163,1376.8,151.2,264,1154.5,419.7,17,Nicolas Massu
144652,1346.8,274.6,1,1500.0,350.0,0,1500.0,350.0,0,1382.8,285.6,1,William Blumberg
200303,1346.8,84.2,82,1295.3,116.4,45,1473.2,145.1,33,1393.9,298.9,4,Pavel Kotov
106000,1346.7,72.4,301,1246.2,116.2,182,1364.0,113.9,98,828.2,494.2,21,Damir Dzumhur
104154,1346.6,121.1,104,1356.5,176.6,56,1366.8,160.2,39,1169.3,339.9,9,Paul Capdeville
103393,1346.6,126.4,32,1184.3,273.8,7,1472.3,149.0,25,1500.0,350.0,0,Yuri Schukin
101216,1346.6,290.8,1,1500.0,350.0,0,1370.3,303.3,1,1500.0,350.0,0,Olli Rahnasto
105074,1346.5,104.8,72,1336.1,132.5,48,1226.1,322.0,4,1344.5,201.7,20,Ruben Bemelmans
104226,1346.5,214.7,5,1500.0,350.0,0,1399.6,252.1,4,1314.2,280.3,1,Bastian Knittel
105023,1346.5,85.7,696,1249.9,142.5,461,1314.8,238.7,109,1381.9,185.1,124,Sam Querrey
212063,1346.4,222.6,3,1500.0,350.0,0,1393.8,230.6,3,1500.0,350.0,0,Matej Dodig
106290,1346.2,176.2,6,1345.1,207.7,4,1526.5,266.7,2,1500.0,350.0,0,Filip Peliwo
105132,1346.2,110.9,47,1350.6,204.2,21,1403.9,143.8,23,1157.0,510.2,3,Jurgen Zopp
105163,1345.9,197.9,4,1230.7,227.0,2,1510.1,281.6,2,1500.0,350.0,0,Gleb Sakharov
126185,1345.9,257.6,2,1341.8,260.2,2,1500.0,350.0,0,1500.0,350.0,0,Evgenii Tiurnev
103525,1345.9,112.1,20,1274.5,161.0,10,1412.1,211.2,7,1499.7,255.4,3,Ivan Miranda
104082,1345.8,246.0,4,1347.9,252.3,4,1500.0,350.0,0,1500.0,350.0,0,Hiroki Kondo
208316,1345.8,85.1,36,1389.0,105.9,28,1257.1,212.6,6,1370.9,348.3,2,Valentin Royer
103730,1345.7,161.4,12,1412.4,293.8,1,1500.0,350.0,0,1356.5,201.6,11,Jonathan Marray
101108,1345.7,197.3,5,1347.4,257.0,4,1500.0,350.0,0,1380.0,282.6,1,Richard Schmidt
101973,1345.5,272.8,1,1500.0,350.0,0,1296.9,298.9,1,1500.0,350.0,0,Viktor Nagy
103060,1345.5,176.0,36,1175.5,379.3,9,1474.6,188.3,25,1303.6,408.9,2,Alejandro Hernandez
101876,1345.2,202.9,5,1500.0,350.0,0,1335.4,207.5,5,1500.0,350.0,0,Massimo Ardinghi
102715,1345.2,216.8,4,1391.4,286.9,1,1393.6,242.5,3,1500.0,350.0,0,Ignacio Hirigoyen
208233,1345.2,78.4,59,1339.1,107.4,38,1334.2,157.1,14,1446.3,295.7,7,Mattia Bellucci
101893,1345.0,262.9,2,1500.0,350.0,0,1354.9,268.0,2,1500.0,350.0,0,Patrick Mohr
200443,1345.0,79.7,62,1345.0,96.5,46,1350.6,177.0,10,1262.3,330.7,6,Adam Walton
101971,1344.9,119.7,37,1234.8,151.6,20,1428.7,195.9,12,1466.4,337.9,3,Johan Anderson
101105,1344.9,272.8,1,1500.0,350.0,0,1324.6,285.9,1,1500.0,350.0,0,Jose Antonio Fernandez
104014,1344.9,187.2,10,1486.2,397.5,2,1500.0,350.0,0,1132.2,226.3,8,Lee Childs
102119,1344.7,270.9,1,1500.0,350.0,0,1500.0,350.0,0,1500.0,350.0,0,Chih Jung Chen
102668,1344.7,274.8,1,1500.0,350.0,0,1329.0,290.4,1,1500.0,350.0,0,Tapio Nurminen
101874,1344.5,272.4,1,1500.0,350.0,0,1368.0,273.6,1,1500.0,350.0,0,Ciprian Petre Porumb
105827,1344.1,273.0,1,1319.8,280.8,1,1500.0,350.0,0,1500.0,350.0,0,Laurynas Grigelis
106348,1344.1,274.9,1,1305.2,284.2,1,1500.0,350.0,0,1500.0,350.0,0,Evgeny Karlovskiy
103975,1343.9,274.1,1,1340.4,276.0,1,1500.0,350.0,0,1500.0,350.0,0,Eric Nunez
104397,1343.8,142.3,15,1213.2,188.6,8,1367.1,213.3,7,1500.0,350.0,0,Laurent Recouderc
106374,1343.8,273.3,1,1312.0,281.8,1,1500.0,350.0,0,1500.0,350.0,0,Filip Veger
104993,1343.7,273.7,1,1500.0,350.0,0,1267.6,299.4,1,1500.0,350.0,0,Martin Vaisse
103373,1343.4,97.6,87,1211.3,216.3,18,1328.9,122.0,62,1241.8,331.0,6,Sergio Roitman
200589,1343.4,248.1,1,1360.9,253.6,1,1500.0,350.0,0,1500.0,350.0,0,Sam Riffice
105070,1343.3,246.0,2,1500.0,350.0,0,1366.9,263.3,2,1500.0,350.0,0,Hans Podlipnik Castillo
101552,1343.2,103.9,35,1451.7,135.1,18,1336.7,169.6,13,1500.0,350.0,0,Xavier Daufresne
100719,1343.1,291.1,1,1500.0,350.0,0,1380.2,307.1,1,1500.0,350.0,0,Juan Avendano
102772,1343.0,248.0,2,1353.8,276.0,1,1500.0,350.0,0,1500.0,350.0,0,Yu Zhang
102769,1343.0,277.8,1,1500.0,350.0,0,1326.1,314.8,1,1500.0,350.0,0,Andres Schneiter
101469,1342.9,99.0,34,1351.5,120.2,21,1391.0,298.3,1,1184.2,335.6,3,Brian Garrow
103318,1342.6,139.9,34,1328.7,271.2,8,1359.6,160.3,25,1276.7,323.6,1,Zeljko Krajan
104678,1342.4,110.7,539,1329.4,139.9,343,1221.1,299.9,132,1419.5,277.9,64,Viktor Troicki
102316,1342.4,291.9,1,1353.3,292.4,1,1500.0,350.0,0,1500.0,350.0,0,Jong Woong Yoon
202261,1342.4,123.1,22,1272.9,167.2,11,1353.4,202.6,8,1618.6,292.2,3,Otto Virtanen
200266,1342.3,275.0,1,1500.0,350.0,0,1331.4,292.0,1,1500.0,350.0,0,Javier Barranco Cosano
104695,1342.2,222.5,3,1351.5,225.4,3,1500.0,350.0,0,1500.0,350.0,0,Fritz Wolmarans
101617,1342.2,284.6,1,1319.5,301.9,1,1500.0,350.0,0,1500.0,350.0,0,Dennis Schmid
102010,1342.0,194.0,6,1355.7,204.4,6,1500.0,350.0,0,1500.0,350.0,0,Clinton Marsh
209259,1342.0,141.5,8,1346.2,176.3,4,1500.0,350.0,0,1253.3,223.6,4,Arthur Fery
101871,1341.9,230.7,11,1309.1,284.7,6,1376.7,359.3,2,1518.8,527.4,2,Alexander Reichel
104504,1341.9,275.5,1,1332.1,280.8,1,1500.0,350.0,0,1500.0,350.0,0,Ross Hutchins
104508,1341.8,235.4,2,1345.0,240.2,2,1500.0,350.0,0,1500.0,350.0,0,Robert Yim
212478,1341.8,274.0,1,1500.0,350.0,0,1381.9,280.1,1,1500.0,350.0,0,William Rejchtman Vinciguerra
104665,1341.8,94.3,402,1300.2,141.4,149,1374.4,136.5,233,1179.8,348.0,20,Pablo Andujar
144946,1341.7,274.0,1,1331.9,282.5,1,1500.0,350.0,0,1500.0,350.0,0,Rayane Roumane
105154,1341.6,112.7,72,1196.4,290.9,8,1406.1,122.7,63,1262.0,336.3,1,Joao Souza
103675,1341.6,112.5,44,1310.1,249.4,8,1376.5,127.2,35,1357.8,444.5,1,Diego Junqueira
202359,1341.5,278.4,1,1500.0,350.0,0,1355.6,286.6,1,1500.0,350.0,0,Marvin Moeller
106138,1341.4,271.4,1,1319.4,276.6,1,1500.0,350.0,0,1500.0,350.0,0,Yaraslav Shyla
100896,1341.3,130.5,16,1361.2,173.4,10,1372.0,314.0,1,1239.7,273.3,2,Miguel Nido
100837,1341.3,91.6,150,1323.9,153.5,73,917.6,377.7,5,1294.6,200.5,40,Jeremy Bates
106967,1341.2,275.1,1,1500.0,350.0,0,1342.5,280.0,1,1500.0,350.0,0,Ettore Rossetti
106137,1341.2,177.8,9,1377.8,234.0,3,1431.3,238.3,5,1307.6,345.7,1,Tristan Lamasine
106203,1341.0,272.5,1,1500.0,350.0,0,1394.0,279.6,1,1500.0,350.0,0,Pedro Sakamoto
105252,1340.9,269.1,1,1290.4,281.3,1,1500.0,350.0,0,1500.0,350.0,0,Takahiro Ittogi
103179,1340.8,249.0,1,1375.1,257.7,1,1500.0,350.0,0,1500.0,350.0,0,Jurek Stasiak
102996,1340.7,248.6,2,1500.0,350.0,0,1500.0,350.0,0,1237.5,285.8,2,Franz Stauder
106329,1340.7,105.9,206,1150.3,214.6,66,1426.0,130.1,131,1170.1,340.9,9,Thiago Monteiro
101386,1340.7,272.7,1,1368.6,278.2,1,1500.0,350.0,0,1500.0,350.0,0,Glenn Wilson
106380,1340.6,274.8,1,1334.9,279.2,1,1500.0,350.0,0,1500.0,350.0,0,Gonzalo Villanueva
106044,1340.6,151.7,47,1341.9,242.4,12,1344.4,167.0,34,1332.9,402.8,1,Nicolas Kicker
105065,1340.5,103.2,128,1349.0,132.9,98,1238.8,330.9,12,1415.5,243.8,18,Tim Smyczek
103009,1340.5,92.8,60,1324.8,234.7,13,1340.4,126.6,39,1305.7,255.2,5,Razvan Sabau
103202,1340.3,158.1,19,1313.7,367.6,1,1377.3,164.7,18,1500.0,350.0,0,Oscar Serrano
103348,1340.2,270.0,1,1500.0,350.0,0,1352.2,272.0,1,1500.0,350.0,0,Timo Fleischfresser
129814,1340.1,273.6,1,1361.9,278.3,1,1500.0,350.0,0,1500.0,350.0,0,Ivan Ivanov
102187,1340.1,239.2,2,1419.4,288.9,1,1500.0,350.0,0,1376.4,275.1,1,John Laffnie De Jager
101444,1340.1,255.5,2,1379.3,288.4,2,1500.0,350.0,0,1500.0,350.0,0,Bonit Wiryawan
103188,1339.9,95.2,227,1380.3,122.5,147,1224.4,227.7,47,1263.8,224.5,33,Michael Russell
123755,1339.6,93.9,119,1278.7,175.0,48,1357.0,120.8,61,1440.4,306.9,10,Daniel Elahi Galan
105583,1339.5,90.4,461,1380.1,211.5,197,1362.8,110.1,239,916.1,373.2,25,Dusan Lajovic
106331,1339.4,78.4,158,1370.1,92.1,111,1293.7,210.6,34,1190.5,286.9,13,Christopher Oconnell
108997,1339.4,274.0,1,1350.9,274.7,1,1500.0,350.0,0,1500.0,350.0,0,Clint Bowles
104500,1339.4,119.2,119,1387.5,143.8,89,1314.4,232.1,19,1264.3,334.2,11,Somdev Devvarman
103204,1339.3,128.4,43,1462.3,367.5,5,1341.0,138.4,38,1500.0,350.0,0,Hugo Armando
101992,1339.1,272.7,1,1500.0,350.0,0,1331.0,277.0,1,1500.0,350.0,0,Pietro Angelini
102256,1339.1,261.8,1,1500.0,350.0,0,1500.0,350.0,0,1334.2,288.9,1,Nick Weal
101764,1338.9,279.1,1,1500.0,350.0,0,1500.0,350.0,0,1500.0,350.0,0,Yu Hui Lien
101508,1338.9,274.1,1,1345.8,279.3,1,1500.0,350.0,0,1500.0,350.0,0,Magnus Zeile
102318,1338.9,106.7,498,1301.6,167.5,220,1430.9,171.2,183,1257.9,239.4,47,Andrei Pavel
103822,1338.7,282.9,1,1500.0,350.0,0,1500.0,350.0,0,1355.5,288.0,1,Scott Lipsky
101534,1338.5,174.3,24,1380.2,244.3,15,1317.0,231.1,9,1500.0,350.0,0,Libor Nemecek
103506,1338.4,79.1,127,1188.2,129.2,27,1394.9,142.9,93,1300.3,310.0,7,Martin Vassallo Arguello
209284,1338.3,139.9,13,1356.9,271.2,1,1428.9,158.3,11,1278.5,306.5,1,Elmer Moller
102139,1338.3,126.1,43,1366.9,146.5,30,1395.5,307.0,6,1243.8,275.4,3,Eyal Ran
208134,1338.3,93.1,60,1378.0,108.5,39,1270.6,210.2,16,1234.4,316.8,5,Luca Nardi
103470,1338.2,109.7,113,1399.2,133.7,83,1109.2,248.8,12,1151.2,328.3,18,Robert Kendrick
102777,1338.1,298.9,1,1500.0,350.0,0,1342.5,299.6,1,1500.0,350.0,0,Larbi Rharnit
104349,1338.1,137.9,50,1277.3,248.9,11,1371.6,151.1,38,1333.9,352.0,1,Rui Machado
103104,1338.0,160.5,15,1237.4,216.8,8,1407.0,257.2,7,1500.0,350.0,0,Bjorn Rehnquist
108994,1337.9,247.3,1,1351.8,253.4,1,1500.0,350.0,0,1500.0,350.0,0,Andrew Park
101242,1337.8,124.5,68,1324.7,137.8,43,1368.7,337.5,6,1447.5,340.8,11,Brad Pearce
208117,1337.7,271.6,1,1347.6,272.5,1,1500.0,350.0,0,1500.0,350.0,0,Adam Neff
100800,1337.7,113.8,81,1158.7,222.8,16,1373.9,133.4,60,1210.0,514.4,2,Diego Perez
210116,1337.4,162.0,5,1390.3,186.9,4,1342.6,251.5,1,1500.0,350.0,0,Michael Zheng
200384,1337.4,89.6,128,1279.6,138.8,65,1412.8,130.9,56,1241.8,328.7,7,Hugo Gaston
106035,1337.4,275.0,1,1500.0,350.0,0,1351.4,279.9,1,1500.0,350.0,0,Isak Arvidsson
102966,1337.3,107.1,36,1363.5,151.1,22,1247.6,235.0,10,1310.8,259.2,2,Fredrik Jonsson
102323,1337.3,241.9,2,1408.3,285.8,1,1500.0,350.0,0,1500.0,350.0,0,Regis Lavergne
126129,1337.3,103.5,30,1201.1,161.7,13,1350.5,316.9,1,1364.3,175.7,16,Billy Harris
102751,1337.0,248.1,1,1343.6,250.4,1,1500.0,350.0,0,1500.0,350.0,0,Todd Perry
106670,1336.8,302.0,1,1500.0,350.0,0,1500.0,350.0,0,1376.0,305.5,1,Bruce Steel
103782,1336.5,259.1,2,1409.2,323.4,1,1500.0,350.0,0,1344.1,304.1,1,Rameez Junaid
102790,1336.5,271.5,1,1500.0,350.0,0,1500.0,350.0,0,1500.0,350.0,0,Yu Zheng
105529,1336.4,275.0,1,1500.0,350.0,0,1358.3,275.8,1,1500.0,350.0,0,Carlos Gomez Herrera
102467,1336.1,273.9,1,1345.7,278.4,1,1500.0,350.0,0,1500.0,350.0,0,Fazaluddin Syed
100536,1335.8,123.9,21,1212.8,284.4,1,1378.8,139.5,20,1500.0,350.0,0,Fernando Luna
108147,1335.6,295.0,1,1500.0,350.0,0,1500.0,350.0,0,1500.0,350.0,0,Rodrigo Faria
105194,1335.5,158.2,9,1361.1,166.4,8,1355.1,315.1,1,1500.0,350.0,0,Nick Lindahl
106187,1335.5,188.5,4,1270.2,244.5,2,1493.1,239.3,2,1500.0,350.0,0,Denis Yevseyev
103908,1335.2,91.6,570,1237.8,138.7,272,1404.2,158.6,212,1438.2,315.7,53,Paul Henri Mathieu
102567,1335.2,118.7,132,1325.5,126.0,88,1228.8,544.1,14,1166.6,369.6,16,George Bastl
102220,1335.1,106.9,39,1372.2,186.9,12,1339.2,164.5,18,1297.8,298.3,1,Patrik Fredriksson
101418,1335.1,272.3,1,1500.0,350.0,0,1500.0,350.0,0,1500.0,350.0,0,Herve Grenier
126237,1335.0,208.5,4,1260.6,303.0,1,1357.6,248.9,3,1500.0,350.0,0,Gian Marco Moroni
105281,1335.0,274.6,1,1342.4,275.3,1,1500.0,350.0,0,1500.0,350.0,0,Eric Quigley
104999,1335.0,112.4,331,1329.6,141.5,191,1269.2,225.1,79,1375.3,244.8,60,Mischa Zverev
103830,1335.0,217.2,7,1285.7,227.5,7,1500.0,350.0,0,1500.0,350.0,0,Shao Xuan Zeng
103306,1335.0,274.2,1,1500.0,350.0,0,1359.1,275.5,1,1500.0,350.0,0,Florian Allgauer
105751,1334.9,273.7,1,1500.0,350.0,0,1316.1,286.9,1,1500.0,350.0,0,Roberto Ortega Olmedo
103530,1334.9,136.1,24,1328.3,145.3,21,1500.0,350.0,0,1411.3,342.1,3,Zack Fleishman
200008,1334.9,181.4,5,1310.4,183.5,5,1500.0,350.0,0,1500.0,350.0,0,Alexis Galarneau
104098,1334.8,109.7,434,1395.1,150.4,281,1296.4,217.3,72,1140.0,259.5,65,Dmitry Tursunov
103609,1334.6,272.5,1,1300.2,285.7,1,1500.0,350.0,0,1500.0,350.0,0,Matthew Behrmann
126533,1334.4,272.0,1,1500.0,350.0,0,1331.8,280.2,1,1500.0,350.0,0,Alvaro Lopez San Martin
103053,1334.4,273.6,1,1500.0,350.0,0,1375.8,275.7,1,1500.0,350.0,0,Nikos Rovas
207531,1334.3,270.1,1,1352.4,271.0,1,1500.0,350.0,0,1500.0,350.0,0,Caleb Chakravarthi
103021,1334.2,275.6,1,1500.0,350.0,0,1359.8,282.4,1,1500.0,350.0,0,Ricardo Schlachter
102005,1334.1,240.5,2,1382.2,279.2,1,1500.0,350.0,0,1500.0,350.0,0,Johan De Beer
102821,1334.0,161.9,143,1331.1,179.2,110,1354.6,324.7,14,1220.2,351.2,17,Cecil Mamiit
106216,1334.0,145.7,62,1342.3,171.0,40,1398.9,240.1,16,1362.2,455.8,6,Bjorn Fratangelo
105512,1334.0,220.0,6,1338.4,219.8,6,1500.0,350.0,0,1500.0,350.0,0,Alexander Sarkissian
100982,1334.0,276.8,1,1340.7,277.6,1,1500.0,350.0,0,1500.0,350.0,0,Charlton Eagle
104857,1333.8,174.3,9,1163.3,248.4,3,1586.5,210.5,6,1500.0,350.0,0,Robert Farah
106397,1333.7,270.1,1,1366.5,272.3,1,1500.0,350.0,0,1500.0,350.0,0,Wishaya Trongcharoenchaikul
100919,1333.5,288.3,1,1500.0,350.0,0,1378.8,306.6,1,1500.0,350.0,0,Khalid Outaleb
103821,1333.5,144.7,70,1311.8,160.2,50,1236.8,469.1,4,1346.6,311.1,16,Danai Udomchoke
102595,1333.5,278.2,1,1351.3,280.3,1,1500.0,350.0,0,1500.0,350.0,0,Helge Koll
102416,1333.5,306.0,1,1332.9,306.2,1,1500.0,350.0,0,1500.0,350.0,0,Reed Cordish
101608,1333.4,177.0,9,1500.0,350.0,0,1422.5,240.7,4,1302.3,303.5,3,Tom Kempers
106109,1333.4,133.4,52,1309.4,243.8,35,1481.9,260.1,2,1190.0,202.1,15,Alex Bolt
104059,1333.3,278.0,1,1306.2,286.4,1,1500.0,350.0,0,1500.0,350.0,0,Rasmus Norby
101365,1333.2,97.6,35,1412.1,130.8,21,1277.2,273.7,3,1168.7,260.0,3,Paul Wekesa
106430,1333.1,275.0,1,1500.0,350.0,0,1293.8,300.5,1,1500.0,350.0,0,Patrick Ciorcila
102512,1333.1,132.6,21,1351.3,160.1,16,1500.0,350.0,0,1267.8,247.9,5,Joseph Sirianni
101682,1333.1,131.2,30,1290.0,175.7,14,1257.0,288.6,3,1535.5,261.0,7,David Adams
103621,1333.0,299.3,1,1328.6,300.8,1,1500.0,350.0,0,1500.0,350.0,0,Igor Levine
105487,1333.0,113.1,133,1335.7,189.2,30,1380.5,133.3,98,885.3,489.3,5,Facundo Bagnis
101284,1332.9,121.5,53,1386.5,142.7,36,1220.3,249.6,9,1322.5,626.3,1,Lars Anders Wahlgren
200418,1332.9,273.1,1,1343.5,276.5,1,1500.0,350.0,0,1500.0,350.0,0,Karl Friberg
102872,1332.5,119.3,22,1402.7,134.0,17,1209.4,304.5,4,1369.0,288.6,1,James Sekulov
101154,1332.3,101.1,95,1389.5,207.1,60,1097.0,310.1,8,1307.6,213.1,20,Simon Youl
102047,1332.2,215.2,6,1377.8,236.2,4,1500.0,350.0,0,1500.0,350.0,0,Pier Gauthier
101430,1332.1,139.3,27,1442.9,299.7,8,1353.1,159.7,19,1500.0,350.0,0,Sergio Cortes
101080,1332.1,111.4,32,1332.9,199.4,7,1452.4,136.9,20,1333.9,310.9,1,Lawson Duncan
126206,1331.9,274.8,1,1338.8,275.4,1,1500.0,350.0,0,1500.0,350.0,0,Alex Rybakov
103230,1331.8,208.8,4,1293.5,218.9,4,1500.0,350.0,0,1500.0,350.0,0,Tasuku Iwami
107221,1331.8,287.9,1,1331.8,287.9,1,1500.0,350.0,0,1500.0,350.0,0,Ian Peter Budge
202290,1331.7,273.4,1,1249.2,297.4,1,1500.0,350.0,0,1500.0,350.0,0,Dhakshineswar Suresh
103967,1331.7,151.7,22,1463.1,185.1,13,1252.5,239.5,8,1500.0,350.0,0,Michael Lammer
207680,1331.7,106.9,52,1354.1,176.1,16,1370.2,135.1,35,1285.3,339.8,1,Facundo Diaz Acosta
102455,1331.6,118.2,36,1426.6,158.1,17,1325.8,273.4,5,1340.7,225.2,9,Lorenzo Manta
105376,1331.6,81.8,171,1343.0,111.8,121,1147.8,255.6,24,1455.3,220.2,26,Peter Gojowczyk
104445,1331.6,226.1,3,1500.0,350.0,0,1300.5,235.5,3,1500.0,350.0,0,Jose Antonio Sanchez De Luna
105161,1331.5,202.9,7,1500.0,350.0,0,1358.7,209.4,7,1500.0,350.0,0,Yann Marti
104667,1331.4,220.6,4,1339.3,274.4,1,1359.9,263.3,3,1500.0,350.0,0,Philipp Oswald
101314,1331.1,285.5,1,1341.0,285.6,1,1500.0,350.0,0,1500.0,350.0,0,Woody Hunt
103109,1331.1,263.8,2,1500.0,350.0,0,1351.8,264.6,2,1500.0,350.0,0,Talal Ouahabi
102173,1331.1,298.4,1,1500.0,350.0,0,1331.5,299.7,1,1500.0,350.0,0,Rainer Falenti
106425,1331.0,248.3,2,1318.2,249.5,2,1500.0,350.0,0,1500.0,350.0,0,Blake Mott
105064,1330.9,165.9,382,1270.5,242.5,155,1428.4,206.9,209,1253.0,391.5,18,Thomaz Bellucci
103201,1330.9,136.8,34,1253.5,214.0,13,1387.0,228.6,19,1287.5,299.4,2,Adrian Garcia
105877,1330.9,120.2,26,1344.9,139.3,21,1321.7,274.7,5,1500.0,350.0,0,Emilio Gomez
102198,1330.8,165.0,29,1333.2,197.3,18,1394.8,631.4,1,1342.7,280.6,6,Paul Kilderry
102478,1330.8,274.8,1,1500.0,350.0,0,1359.5,274.9,1,1500.0,350.0,0,Jorg Schors
103497,1330.7,249.5,2,1500.0,350.0,0,1500.0,350.0,0,1419.8,291.1,1,Artem Derepasko
105454,1330.5,149.8,13,1338.3,250.6,7,1500.0,350.0,0,1378.4,228.4,6,Brydan Klein
105830,1330.5,275.6,1,1500.0,350.0,0,1391.9,288.6,1,1500.0,350.0,0,Hicham Khaddari
105116,1330.5,244.8,1,1309.6,250.6,1,1500.0,350.0,0,1500.0,350.0,0,Dusan Lojda
106250,1330.3,271.6,1,1311.5,276.3,1,1500.0,350.0,0,1500.0,350.0,0,Luis Patino
101029,1330.3,224.0,3,1500.0,350.0,0,1421.5,256.0,2,1500.0,350.0,0,Ricki Osterthun
200574,1330.2,275.5,1,1316.6,282.0,1,1500.0,350.0,0,1500.0,350.0,0,Alexander Donski
102263,1330.1,157.6,14,1319.4,173.4,13,1500.0,350.0,0,1398.8,288.4,1,Yong Il Yoon
104639,1330.0,121.0,99,1280.7,172.2,61,1511.7,239.0,33,1085.9,338.6,5,Wayne Odesnik
104234,1329.9,292.7,1,1500.0,350.0,0,1340.5,301.5,1,1500.0,350.0,0,Predrag Rusevski
102161,1329.9,232.2,2,1500.0,350.0,0,1349.3,261.6,1,1500.0,350.0,0,Robert Kroll
104830,1329.8,276.3,1,1500.0,350.0,0,1373.1,281.0,1,1500.0,350.0,0,Matteo Marrai
102231,1329.7,104.0,176,1253.8,181.4,53,1335.6,135.4,113,1180.9,380.2,7,Alex Calatrava
105015,1329.6,137.1,27,1378.1,189.2,10,1341.2,223.3,14,1115.9,287.1,3,Franko Skugor
102107,1329.6,164.9,10,1148.8,291.6,3,1432.3,193.4,7,1500.0,350.0,0,Jan Frode Andersen
105572,1329.4,118.6,36,1336.5,135.0,29,1271.1,309.5,2,1329.0,253.1,5,Austin Krajicek
103573,1329.3,126.5,57,1305.9,139.5,46,1500.0,350.0,0,1326.5,276.1,11,Rik De Voest
102019,1329.2,148.4,21,1437.7,200.8,5,1370.9,206.6,12,1271.0,480.5,2,Dirk Dier
101050,1329.1,105.7,36,1197.7,143.8,23,1500.0,350.0,0,1470.2,231.0,5,Martin Laurendeau
144817,1328.9,128.1,74,1377.2,174.8,39,1300.0,182.3,27,1306.4,267.1,8,Marc Andrea Huesler
105100,1328.8,276.5,1,1500.0,350.0,0,1500.0,350.0,0,1332.5,306.6,1,Edward Corrie
103794,1328.7,88.4,368,1282.3,127.2,255,1196.8,200.8,44,1350.3,209.3,66,Benjamin Becker
103995,1328.6,271.1,1,1500.0,350.0,0,1357.3,273.6,1,1500.0,350.0,0,Pedro Leao
102984,1328.6,255.5,2,1500.0,350.0,0,1324.5,325.7,1,1406.2,290.1,1,Martin Garcia
110685,1328.6,249.9,2,1261.3,256.6,2,1500.0,350.0,0,1500.0,350.0,0,G D Jones
211415,1328.5,276.1,1,1308.0,287.1,1,1500.0,350.0,0,1500.0,350.0,0,Cole Gromley
103114,1328.5,139.5,64,1248.1,282.4,16,1315.3,307.3,9,1345.2,184.6,38,Martin Lee
102965,1328.2,137.2,41,1267.4,323.4,15,1302.5,523.9,2,1322.4,170.2,24,Jamie Delgado
111761,1328.1,272.9,1,1333.7,277.6,1,1500.0,350.0,0,1500.0,350.0,0,Benjamin Lock
103722,1328.1,125.9,293,1281.6,149.9,156,1305.5,207.2,104,1292.7,295.8,26,Florent Serra
105586,1328.0,271.7,1,1307.9,276.8,1,1500.0,350.0,0,1500.0,350.0,0,Alexandar Lazov
103775,1328.0,256.9,2,1500.0,350.0,0,1363.3,274.5,2,1500.0,350.0,0,Felipe Parada
101809,1328.0,87.2,142,1345.4,126.1,71,1275.2,174.2,34,1379.3,215.5,25,Nicolas Pereira
106296,1327.9,96.2,102,1278.8,137.4,61,1336.3,159.7,28,1419.7,294.8,13,Gregoire Barrere
106045,1327.8,101.7,203,1282.5,114.4,127,1174.3,327.1,24,1473.8,298.2,52,Denis Kudla
108235,1327.6,297.1,1,1500.0,350.0,0,1500.0,350.0,0,1500.0,350.0,0,Sergej Skakun
122279,1327.6,270.9,1,1307.1,276.7,1,1500.0,350.0,0,1500.0,350.0,0,Romain Bogaerts
200265,1327.4,250.1,1,1293.4,254.4,1,1500.0,350.0,0,1500.0,350.0,0,Ulises Blanch
101675,1327.4,105.9,56,1205.5,221.4,14,1352.2,126.0,41,1344.9,368.7,1,Martin Rodriguez
101490,1327.4,157.8,45,1181.7,322.6,7,1407.8,167.9,34,1218.2,440.0,3,Daniel Orsanic
101823,1327.3,184.1,10,1500.0,350.0,0,1382.9,202.0,8,1500.0,350.0,0,Gerald Mandl
101243,1327.3,87.8,97,1199.4,312.0,9,1366.7,98.8,83,1323.9,342.1,2,Roberto Azar
103990,1327.2,164.6,877,1443.2,226.0,406,1268.6,184.2,388,1461.0,546.7,54,Tommy Robredo
102999,1327.0,148.4,52,1245.1,242.0,16,1333.7,196.6,27,1317.8,289.4,7,Stefano Galvani
104593,1326.8,122.8,270,1237.1,220.3,67,1385.2,136.8,184,925.6,422.1,19,Daniel Gimeno Traver
126409,1326.8,133.1,26,1295.5,150.0,16,1311.0,243.9,8,1428.5,418.9,2,Hugo Grenier
106065,1326.7,76.4,204,1141.3,194.5,53,1412.6,95.7,140,1008.7,360.7,11,Marco Cecchinato
104188,1326.7,269.4,1,1254.1,289.8,1,1500.0,350.0,0,1500.0,350.0,0,Diego Camacho
208364,1326.7,251.1,2,1327.8,252.9,2,1500.0,350.0,0,1500.0,350.0,0,Franco Roncadelli
105692,1326.6,275.9,1,1362.1,276.6,1,1500.0,350.0,0,1500.0,350.0,0,Alessandro Bega
212886,1326.6,274.4,1,1500.0,350.0,0,1347.4,285.3,1,1500.0,350.0,0,Radu David Turcanu
104392,1326.5,185.2,6,1353.0,377.9,1,1435.2,198.8,5,1500.0,350.0,0,Franco Ferreiro
202262,1326.3,223.1,3,1500.0,350.0,0,1384.9,235.2,3,1500.0,350.0,0,Filip Cristian Jianu
100728,1326.3,141.4,13,1364.6,188.9,8,1500.0,350.0,0,1380.3,249.5,4,Todd Nelson
105413,1326.3,104.5,54,1082.2,242.5,9,1439.1,119.1,45,1500.0,350.0,0,Andrej Martin
101779,1326.3,244.6,2,1500.0,350.0,0,1366.3,273.1,1,1500.0,350.0,0,Pavel Vizner
104822,1326.3,273.8,1,1267.6,294.0,1,1500.0,350.0,0,1500.0,350.0,0,N Vijay Sundar Prashanth
104250,1326.3,153.3,35,1260.7,208.7,21,1500.0,350.0,0,1468.8,246.3,13,Prakash Amritraj
102842,1326.2,227.0,2,1324.4,232.4,2,1500.0,350.0,0,1500.0,350.0,0,Toby Mitchell
109699,1326.1,237.1,2,1402.2,280.3,1,1422.7,290.5,1,1500.0,350.0,0,Julian Lenz
106207,1326.0,188.1,12,1318.8,317.4,2,1355.3,284.6,5,1500.5,266.1,5,Mate Pavic
108297,1325.9,286.4,1,1403.4,299.1,1,1500.0,350.0,0,1500.0,350.0,0,Stephane Andriolo
103185,1325.8,196.9,15,1328.9,249.8,10,1355.9,285.3,1,1300.6,328.9,4,Mike Bryan
208279,1325.6,196.3,4,1331.4,278.2,1,1502.1,254.1,2,1282.7,289.1,1,Alejandro Moro Canas
127108,1325.5,284.7,1,1500.0,350.0,0,1349.3,284.0,1,1500.0,350.0,0,Igor Ribeiro Marcondes
101636,1325.5,135.4,27,1342.3,196.6,13,1484.3,278.4,10,1172.0,276.1,4,Wade Mcguire
105723,1325.3,158.1,172,1327.3,207.9,83,1374.0,224.1,69,1418.4,419.4,20,Andrey Kuznetsov
104003,1325.2,142.3,41,1307.3,275.2,9,1370.3,154.2,29,1224.8,410.0,3,Victor Crivoi
106034,1325.1,147.9,36,1365.6,157.0,31,1283.2,283.1,2,1129.2,354.0,3,Yasutaka Uchiyama
103363,1324.9,282.2,1,1278.4,319.3,1,1500.0,350.0,0,1500.0,350.0,0,Diego Ayala
103516,1324.9,130.5,19,1336.7,156.5,16,1413.0,313.5,1,1437.8,265.3,2,Nathan Healey
104113,1324.8,274.5,1,1311.7,283.5,1,1500.0,350.0,0,1500.0,350.0,0,Carlos Salamanca
104660,1324.7,117.6,341,1295.7,149.4,206,1263.5,234.2,75,1414.2,240.7,52,Sergiy Stakhovsky
103035,1324.7,146.4,52,1408.6,238.8,4,1298.8,156.9,45,1300.2,369.4,3,Alessio Di Mauro
106493,1324.6,274.1,1,1500.0,350.0,0,1345.8,273.0,1,1500.0,350.0,0,Alexander Windisch
117365,1324.6,273.9,1,1342.0,280.0,1,1500.0,350.0,0,1500.0,350.0,0,Petros Chrysochos
101687,1324.5,141.3,24,1304.9,203.7,13,1500.0,350.0,0,1372.5,218.0,6,David Dilucia
105634,1324.5,176.2,7,1500.0,350.0,0,1412.3,221.4,5,1259.0,286.4,2,Viktor Galovic
102997,1324.5,173.8,8,1394.2,255.5,3,1335.6,212.4,5,1500.0,350.0,0,Hermes Gamonal
101969,1324.5,95.6,62,1336.1,178.1,19,1296.0,123.1,34,1256.1,314.8,6,Orlin Stanoytchev
105967,1324.4,89.0,100,1295.7,126.8,53,1407.7,152.0,45,1105.6,460.6,2,Henri Laaksonen
105270,1324.4,198.4,6,1306.7,279.9,2,1375.2,231.9,4,1500.0,350.0,0,Maxime Teixeira
101672,1324.4,194.2,9,1476.3,260.6,3,1294.6,252.4,6,1500.0,350.0,0,Michael Geserer
110751,1324.3,270.0,1,1500.0,350.0,0,1315.2,281.6,1,1500.0,350.0,0,Sebastian Fanselow
105815,1324.3,130.8,123,1324.5,145.3,77,1254.2,259.5,30,1411.6,285.6,16,Tennys Sandgren
106269,1324.3,274.9,1,1352.4,276.9,1,1500.0,350.0,0,1500.0,350.0,0,Austin Smith
101308,1324.0,214.6,5,1214.7,281.1,3,1500.0,350.0,0,1500.8,297.9,2,Neil Broad
101970,1323.4,277.0,2,1500.0,350.0,0,1345.7,280.9,2,1500.0,350.0,0,Iztok Bozic
102967,1323.1,121.0,205,1411.0,154.9,102,1224.0,216.1,59,1136.6,254.6,26,Marc Gicquel
211533,1323.0,259.0,1,1500.0,350.0,0,1361.3,262.8,1,1500.0,350.0,0,Gianluca Cadenasso 
104022,1322.9,78.1,889,1362.7,113.4,477,1101.5,200.6,254,1246.0,204.5,107,Mikhail Youzhny
200666,1322.8,273.9,1,1308.8,292.3,1,1500.0,350.0,0,1500.0,350.0,0,Jie Cui
101016,1322.8,95.6,112,1094.0,271.2,17,1355.4,116.0,84,1345.8,484.7,4,Marcos Aurelio Gorriz
104477,1322.8,230.7,6,1500.0,350.0,0,1380.1,228.3,6,1500.0,350.0,0,Jorge Aguilar
100904,1322.6,278.7,1,1500.0,350.0,0,1336.5,285.8,1,1500.0,350.0,0,George Bezecny
101066,1322.5,118.1,40,1238.5,176.9,20,1263.3,636.7,2,1482.9,216.6,11,Richard Matuszewski
102652,1322.3,120.9,65,1371.8,186.1,29,1292.1,194.3,19,1405.9,282.9,13,Christian Vinck
104559,1322.3,101.8,305,1287.9,147.0,169,1350.1,152.1,104,1134.7,283.4,22,Teymuraz Gabashvili
102359,1322.2,126.5,18,1368.6,222.6,4,1500.0,350.0,0,1312.4,207.5,10,Andrew Richardson
102293,1322.2,293.2,1,1500.0,350.0,0,1319.7,295.3,1,1500.0,350.0,0,Xavier Avila
105245,1322.1,285.3,1,1500.0,350.0,0,1341.7,303.8,1,1500.0,350.0,0,Fabiano De Paula
101484,1322.0,183.3,8,1306.3,287.7,2,1386.2,206.4,6,1500.0,350.0,0,Vladimir Gabrichidze
102886,1321.9,176.4,24,1112.3,277.0,3,1467.6,260.3,19,1457.2,472.4,2,Frantisek Cermak
102417,1321.8,276.0,1,1330.4,289.2,1,1500.0,350.0,0,1500.0,350.0,0,Steven Baldas
101892,1321.4,211.1,5,1356.3,210.5,5,1500.0,350.0,0,1500.0,350.0,0,Axel Finnberg
144760,1321.4,202.4,4,1500.0,350.0,0,1341.6,222.8,4,1500.0,350.0,0,Amine Ahouda
101728,1321.1,276.2,1,1500.0,350.0,0,1361.3,274.7,1,1500.0,350.0,0,Laszlo Markovits
102457,1320.9,192.0,12,1285.5,292.3,1,1341.9,289.7,4,1315.2,276.6,7,Miles Maclagan
101499,1320.8,239.3,2,1382.7,274.7,1,1500.0,350.0,0,1500.0,350.0,0,Eduardo Furusho
104519,1320.8,273.0,1,1500.0,350.0,0,1331.1,278.3,1,1500.0,350.0,0,Roman Vogeli
103623,1320.8,247.2,1,1333.0,250.2,1,1500.0,350.0,0,1500.0,350.0,0,Jacob Adaktusson
108520,1320.7,303.8,1,1500.0,350.0,0,1500.0,350.0,0,1500.0,350.0,0,William Kyriakos
101281,1320.6,265.3,2,1319.0,282.9,2,1500.0,350.0,0,1500.0,350.0,0,Shelby Cannon
208653,1320.5,276.8,1,1326.4,278.1,1,1500.0,350.0,0,1500.0,350.0,0,Isaac Becroft
103693,1320.4,127.7,75,1312.7,182.3,34,1251.7,197.3,29,1208.8,485.0,4,Thierry Ascione
104192,1320.2,238.0,3,1350.2,254.5,2,1421.2,300.9,1,1500.0,350.0,0,Marco Crugnola
103290,1320.1,257.6,2,1346.3,312.2,1,1331.0,323.3,1,1500.0,350.0,0,Radim Zitko
101398,1320.0,106.1,71,1356.5,130.1,52,1255.1,507.2,2,1372.5,229.7,11,Neil Borwick
102028,1319.8,187.2,12,1500.0,350.0,0,1337.7,198.1,11,1500.0,350.0,0,Massimo Valeri
111153,1319.8,87.9,111,1308.5,121.1,73,1257.7,204.8,12,1404.4,211.3,26,Christopher Eubanks
210494,1319.7,274.7,1,1257.6,291.1,1,1500.0,350.0,0,1500.0,350.0,0,Theo Papamalamis
101576,1319.6,164.6,11,1179.4,240.1,5,1500.0,350.0,0,1500.0,350.0,0,Ryuso Tsujino
104898,1319.5,147.9,460,1390.8,186.7,242,1219.6,258.4,162,1355.9,288.6,56,Robin Haase
103748,1319.4,235.5,2,1323.2,245.2,2,1500.0,350.0,0,1500.0,350.0,0,Jan Minar
101165,1319.4,209.4,4,1498.0,281.9,2,1186.0,249.2,2,1500.0,350.0,0,Mario Tabares
100930,1319.3,141.4,18,1293.3,240.6,6,1374.3,198.4,7,1500.0,350.0,0,Paul Vojtischek
127339,1319.2,115.5,32,1409.1,145.7,23,1199.8,201.7,7,1143.8,360.9,2,Borna Gojo
126523,1319.1,76.9,95,1203.6,128.1,30,1424.0,127.5,59,994.6,322.1,6,Bernabe Zapata Miralles
106398,1319.0,83.3,71,1237.3,154.5,20,1395.9,107.3,49,1344.2,391.4,2,Pedro Cachin
105226,1319.0,139.9,34,1132.5,274.8,5,1447.8,169.8,28,1398.5,295.6,1,Attila Balazs
208108,1319.0,276.4,1,1319.6,277.8,1,1500.0,350.0,0,1500.0,350.0,0,Brian Shi
103435,1319.0,224.4,6,1292.7,310.6,2,1337.2,284.9,2,1519.5,278.1,2,Massimo Dellacqua
106277,1318.9,276.5,1,1329.8,279.1,1,1500.0,350.0,0,1500.0,350.0,0,Ariez Elyaas Deen Heshaam
103582,1318.8,96.5,231,1372.4,136.1,159,1130.4,188.6,46,1201.8,307.0,24,Michael Berrer
101701,1318.8,162.2,10,1503.1,226.5,5,1500.0,350.0,0,1500.0,350.0,0,Bing Pan
206904,1318.7,250.7,1,1323.9,253.1,1,1500.0,350.0,0,1500.0,350.0,0,Gauthier Onclin
123768,1318.6,261.7,2,1300.6,263.8,2,1500.0,350.0,0,1500.0,350.0,0,Collin Altamirano
101009,1318.4,190.6,5,1325.4,271.6,3,1332.9,282.1,1,1500.0,350.0,0,John Sobel
105671,1318.4,98.9,69,1280.6,217.7,18,1349.1,128.5,48,1135.7,356.5,3,Gastao Elias
101745,1318.3,133.4,29,1302.2,179.0,11,1375.5,219.0,16,1500.0,350.0,0,Roberto Jabali
104156,1318.3,281.2,1,1292.1,295.0,1,1500.0,350.0,0,1500.0,350.0,0,Sunil Kumar
105730,1318.1,256.5,3,1258.3,269.5,3,1500.0,350.0,0,1500.0,350.0,0,Devin Britton
104355,1318.0,276.2,1,1312.1,281.2,1,1500.0,350.0,0,1500.0,350.0,0,Lester Cook
102406,1317.9,284.9,1,1341.4,290.4,1,1500.0,350.0,0,1500.0,350.0,0,Thomas Dupre
103169,1317.7,78.5,190,1104.0,151.1,37,1393.6,102.8,143,1080.8,317.2,10,Oscar Hernandez
105385,1317.5,132.8,311,1332.8,142.3,240,1183.8,325.3,32,1265.2,294.5,39,Donald Young
101957,1317.5,147.6,10,1228.1,220.9,3,1432.9,195.8,6,1500.0,350.0,0,Milen Velev
105430,1317.5,109.0,232,1364.7,146.4,149,1322.8,211.2,59,991.8,273.0,24,Radu Albot
100946,1317.4,134.7,23,1420.0,163.6,14,1286.7,339.8,1,1262.0,273.5,3,Slobodan Zivojinovic
103535,1317.4,127.4,79,1214.4,258.9,19,1409.0,139.6,53,1449.9,420.6,6,Olivier Patience
105711,1317.3,240.3,2,1314.8,241.5,2,1500.0,350.0,0,1500.0,350.0,0,Dino Marcan
102832,1317.1,278.5,1,1262.7,303.0,1,1500.0,350.0,0,1500.0,350.0,0,Andrian Raturandang
103240,1317.0,107.2,141,1330.5,138.1,104,1292.1,321.1,15,1184.7,244.3,18,Kevin Kim
102903,1316.9,169.9,12,1367.4,217.8,8,1500.0,350.0,0,1219.3,299.6,3,Eyal Erlich
101354,1316.7,127.7,70,1364.0,147.6,44,1148.2,262.8,13,1432.3,398.1,1,Andrew Sznajder
103682,1316.5,279.7,1,1329.9,278.6,1,1500.0,350.0,0,1500.0,350.0,0,Kyu Tae Im
100652,1316.3,125.3,47,1428.2,158.1,21,1234.2,198.1,20,1314.1,447.0,1,Cassio Motta
105302,1316.2,146.0,13,1234.5,223.4,5,1287.4,268.7,2,1458.0,225.2,6,Ante Pavic
104283,1315.8,276.5,1,1500.0,350.0,0,1500.0,350.0,0,1500.0,350.0,0,Minh Quan Do
106324,1315.8,213.1,2,1303.0,222.0,2,1500.0,350.0,0,1500.0,350.0,0,Vaclav Safranek
106099,1315.5,89.2,63,1307.4,124.1,32,1328.3,147.8,27,1156.7,417.7,4,Salvatore Caruso
202297,1315.3,254.7,1,1307.7,262.6,1,1500.0,350.0,0,1500.0,350.0,0,Dan Martin
101731,1315.2,139.0,101,1420.1,395.0,25,1334.2,166.8,58,1048.4,336.9,8,Nuno Marques
104646,1315.0,277.2,1,1283.7,307.4,1,1500.0,350.0,0,1500.0,350.0,0,Purav Raja
103700,1314.9,117.1,23,1270.1,277.9,3,1285.4,142.3,18,1162.3,373.0,2,Juan Pablo Guzman
105960,1314.8,202.2,5,1317.4,199.3,5,1500.0,350.0,0,1500.0,350.0,0,Evan King
106292,1314.5,282.7,1,1500.0,350.0,0,1341.6,303.7,1,1500.0,350.0,0,Hernan Casanova
102464,1314.2,158.5,17,1282.4,214.8,10,1326.3,284.3,4,1373.7,329.9,3,Todd Larkham
104252,1314.0,83.5,485,1194.2,173.8,227,1302.6,142.5,187,1439.7,186.7,64,Florian Mayer
101483,1314.0,285.4,1,1500.0,350.0,0,1500.0,350.0,0,1500.0,350.0,0,Ricardo Camargo
105402,1313.9,271.5,2,1327.7,277.6,2,1500.0,350.0,0,1500.0,350.0,0,Peerakiat Siriluethaiwattana
102548,1313.9,113.3,194,1029.9,347.8,25,1348.9,119.1,161,1058.4,928.6,5,Juan Antonio Marin
126573,1313.9,279.5,1,1247.5,302.6,1,1500.0,350.0,0,1500.0,350.0,0,Thomas Fancutt
102368,1313.8,140.3,16,1269.4,187.1,10,1406.3,230.2,6,1500.0,350.0,0,Brian Dunn
106335,1313.8,278.6,1,1346.5,279.2,1,1500.0,350.0,0,1500.0,350.0,0,Alexios Halebian
102062,1313.7,232.9,2,1500.0,350.0,0,1316.1,243.1,2,1500.0,350.0,0,Guillaume Marx
105011,1313.6,148.8,132,1355.5,159.7,98,1291.6,565.3,13,1088.0,311.0,21,Illya Marchenko
102961,1313.4,225.7,3,1500.0,350.0,0,1330.4,232.2,3,1500.0,350.0,0,Nicklas Timfjord
103958,1313.3,255.5,1,1341.1,262.7,1,1500.0,350.0,0,1500.0,350.0,0,Philip Gubenco
101602,1313.3,233.7,3,1403.7,282.8,1,1435.7,296.6,1,1500.0,350.0,0,Jack Waite
104001,1313.3,180.4,5,1341.7,190.9,4,1500.0,350.0,0,1374.8,337.7,1,Brian Wilson
103737,1313.1,120.4,24,1403.1,204.2,5,1351.0,140.1,18,1337.4,551.4,1,Edgardo Massa
102224,1312.7,247.6,1,1500.0,350.0,0,1221.1,275.1,1,1500.0,350.0,0,Miguel Pastura
102865,1312.7,277.0,1,1232.8,306.3,1,1500.0,350.0,0,1500.0,350.0,0,Doug Bohaboy
104714,1312.5,117.4,48,1106.3,320.8,6,1424.4,139.1,32,1420.4,239.2,9,Julian Reister
200218,1312.3,195.7,4,1308.6,207.7,3,1381.5,383.4,1,1500.0,350.0,0,Mate Valkusz
104820,1312.3,232.2,2,1405.1,285.5,1,1421.1,299.6,1,1500.0,350.0,0,Erik Chvojka
210338,1312.2,153.6,8,1424.7,187.8,6,1145.5,273.0,2,1500.0,350.0,0,Arthur Gea
102273,1312.0,285.9,1,1500.0,350.0,0,1346.7,283.0,1,1500.0,350.0,0,David Salvador Estepa
103690,1312.0,249.8,2,1500.0,350.0,0,1344.9,256.2,2,1500.0,350.0,0,Marcin Matkowski
101389,1311.9,235.4,5,1284.1,302.8,3,1434.7,318.5,1,1409.2,302.3,1,Oren Motevassel
106026,1311.9,141.3,40,1308.7,152.7,36,1261.3,394.2,1,1254.2,341.3,3,Yuki Bhambri
107093,1311.9,250.7,3,1342.1,252.0,3,1500.0,350.0,0,1500.0,350.0,0,Gil Kovalski
103543,1311.8,164.6,9,1500.0,350.0,0,1336.7,169.3,9,1500.0,350.0,0,David Marrero
105440,1311.3,285.5,1,1500.0,350.0,0,1324.4,290.3,1,1500.0,350.0,0,Arsenije Zlatanovic
101172,1311.3,303.8,1,1357.4,304.0,1,1500.0,350.0,0,1500.0,350.0,0,Royce Deppe
101590,1311.2,173.7,10,1325.5,180.5,9,1392.3,338.6,1,1500.0,350.0,0,Eui Jong Chang
102983,1311.2,283.5,2,1500.0,350.0,0,1314.6,298.2,2,1500.0,350.0,0,Henrik Andersson
105601,1310.9,279.1,1,1500.0,350.0,0,1329.0,280.4,1,1500.0,350.0,0,Cristobal Saavedra Corvalan
101531,1310.9,164.2,8,1500.0,350.0,0,1331.0,167.7,8,1500.0,350.0,0,Mario Visconti
105062,1310.7,118.2,367,1318.7,135.2,241,1148.2,261.0,87,1156.1,387.0,38,Mikhail Kukushkin
100939,1310.7,106.2,37,1286.8,147.8,20,1295.5,278.5,3,1387.9,193.8,9,Joey Rive
105781,1310.7,279.7,1,1330.5,280.0,1,1500.0,350.0,0,1500.0,350.0,0,Andrei Vasilevski
103510,1310.5,260.1,1,1325.5,262.5,1,1500.0,350.0,0,1500.0,350.0,0,Rob Steckley
103297,1310.5,112.7,34,1321.0,132.1,27,1203.0,276.0,4,1343.9,285.2,3,Alex Kim
104882,1310.2,113.9,120,1294.1,141.4,56,1277.7,323.4,49,1260.6,357.2,15,Blaz Kavcic
104284,1310.0,273.4,1,1500.0,350.0,0,1268.2,307.1,1,1500.0,350.0,0,Frank Condor
105231,1310.0,235.9,3,1500.0,350.0,0,1297.8,246.0,3,1500.0,350.0,0,Luka Belic
102629,1309.9,153.6,21,1305.7,269.2,11,1340.3,275.1,2,1391.2,233.7,7,Oscar Burrieza
100570,1309.9,264.8,2,1367.8,291.9,1,1500.0,350.0,0,1500.0,350.0,0,Marty Davis
102950,1309.7,133.5,370,1269.7,287.7,103,1361.5,159.3,239,1227.8,261.8,17,Fernando Vicente
105098,1309.6,193.7,13,1394.8,221.2,6,1306.2,330.1,7,1500.0,350.0,0,Alexandre Sidorenko
104797,1309.4,124.5,444,1259.1,159.9,266,1383.6,213.6,107,1321.8,326.6,70,Denis Istomin
101937,1309.1,208.9,14,1319.2,235.0,10,1500.0,350.0,0,1488.9,304.4,3,Robbie Koenig
100864,1309.1,107.4,43,1299.9,158.6,17,1262.1,184.9,15,1439.8,248.8,4,Martin Wostenholme
212275,1309.0,278.2,1,1316.9,278.5,1,1500.0,350.0,0,1500.0,350.0,0,Thijs Boogaard
100949,1309.0,219.9,4,1315.7,273.1,2,1500.0,350.0,0,1500.0,350.0,0,Mauro Menezes
126555,1309.0,194.5,6,1307.7,202.2,6,1500.0,350.0,0,1500.0,350.0,0,Tung Lin Wu
200514,1309.0,139.6,37,1460.0,183.7,13,1264.8,196.8,16,1300.4,411.0,8,Jurij Rodionov
111505,1308.9,153.9,11,1309.8,226.9,5,1374.5,288.3,4,1207.0,275.3,2,Enzo Couacaud
102090,1308.7,211.3,5,1297.5,209.0,5,1500.0,350.0,0,1500.0,350.0,0,Ofer Sela
105613,1308.6,143.4,69,1227.0,194.3,39,1430.9,169.1,25,1008.6,427.5,5,Norbert Gombos
106741,1308.5,298.1,1,1500.0,350.0,0,1500.0,350.0,0,1500.0,350.0,0,Christian Camradt
105286,1308.5,195.4,7,1305.9,221.3,6,1500.0,350.0,0,1387.2,310.0,1,Greg Jones
105902,1308.5,86.3,204,1313.6,106.6,152,1247.3,266.4,19,1317.3,266.3,33,James Duckworth
212256,1308.2,143.6,10,1313.0,172.1,6,1459.4,231.2,4,1500.0,350.0,0,Colton Smith
101844,1308.1,184.0,6,1289.0,193.7,6,1500.0,350.0,0,1500.0,350.0,0,Heath Denman
200273,1308.0,163.2,7,1313.0,167.5,6,1463.6,350.7,1,1500.0,350.0,0,Hady Habib
100282,1307.9,239.9,2,1500.0,350.0,0,1301.2,248.0,2,1500.0,350.0,0,Guillermo Vilas
101248,1307.8,269.4,2,1307.2,269.6,2,1500.0,350.0,0,1500.0,350.0,0,Pat Crow
105732,1307.8,111.6,240,1329.9,161.5,159,1247.6,165.1,49,1094.2,360.4,32,Pierre Hugues Herbert
105066,1307.6,276.4,1,1500.0,350.0,0,1308.5,281.9,1,1500.0,350.0,0,Grzegorz Panfil
105948,1307.4,110.5,133,1097.0,206.7,32,1430.7,127.9,97,1011.0,340.2,4,Federico Coria
104816,1307.2,229.3,5,1304.2,221.7,5,1500.0,350.0,0,1500.0,350.0,0,Karan Rastogi
101255,1307.2,296.0,1,1500.0,350.0,0,1500.0,350.0,0,1500.0,350.0,0,Greg Van Emburgh
101007,1307.2,302.4,1,1307.2,302.4,1,1500.0,350.0,0,1500.0,350.0,0,Guillermo Rivas
200484,1307.0,160.4,18,1343.0,412.7,1,1341.7,190.2,12,1281.4,343.2,5,Rudolf Molleker
103544,1306.9,184.7,9,1308.0,202.8,7,1500.0,350.0,0,1322.3,307.3,1,Andy Ram
103015,1306.9,241.7,3,1380.9,314.9,1,1260.2,307.9,2,1500.0,350.0,0,Daniel Melo
104253,1306.8,259.9,2,1500.0,350.0,0,1291.1,263.0,2,1500.0,350.0,0,Juan Martin Aranguren
103052,1306.5,249.5,1,1500.0,350.0,0,1310.3,255.8,1,1500.0,350.0,0,Mariano Delfino
101710,1306.3,156.7,9,1336.2,197.1,6,1235.0,214.5,3,1500.0,350.0,0,Martin Blackman
105655,1306.2,202.7,14,1330.5,209.0,13,1500.0,350.0,0,1402.1,411.7,1,Hiroki Moriya
200307,1306.1,276.1,1,1304.3,283.2,1,1500.0,350.0,0,1500.0,350.0,0,Tao Mu
104036,1306.1,237.7,2,1294.4,239.3,2,1500.0,350.0,0,1500.0,350.0,0,Simon Rea
102180,1305.9,176.4,7,1500.0,350.0,0,1285.3,191.7,7,1500.0,350.0,0,Charles Auffray
102077,1305.9,263.5,3,1303.8,272.5,2,1500.0,350.0,0,1500.0,350.0,0,Alexander Shvec
101787,1305.7,273.7,1,1305.7,273.7,1,1500.0,350.0,0,1500.0,350.0,0,Darren Patten
101574,1305.6,218.2,5,1503.6,341.4,2,1265.9,240.9,3,1500.0,350.0,0,Alejandro Aramburu
101086,1305.6,109.3,265,1285.6,168.5,75,1337.5,150.3,132,1137.2,368.9,6,Ronald Agenor
102572,1305.3,234.2,3,1500.0,350.0,0,1359.8,274.7,2,1280.9,295.4,1,Igor Gaudi
207969,1305.3,206.0,3,1329.3,208.5,3,1500.0,350.0,0,1500.0,350.0,0,Stefan Dostanic
102269,1305.3,117.7,57,1287.3,134.3,44,1431.5,310.2,4,1249.4,298.3,9,Jeff Salzenstein
101513,1305.2,199.4,4,1392.9,227.0,3,1500.0,350.0,0,1500.0,350.0,0,John Stimpson
101865,1305.2,144.2,23,1304.8,189.7,13,1500.0,350.0,0,1207.1,273.7,2,Albert Chang
103553,1305.1,148.0,12,1284.2,149.9,12,1500.0,350.0,0,1500.0,350.0,0,Alun Jones
100618,1305.0,101.8,26,1312.3,144.3,15,1398.7,229.5,3,1267.3,231.1,4,Leif Shiras
104516,1305.0,235.8,4,1423.9,209.1,3,1350.5,316.2,1,1500.0,350.0,0,Arnau Brugues Davi
101321,1305.0,189.2,8,1500.0,350.0,0,1318.1,196.8,7,1500.0,350.0,0,Juan Carlos Baguena
102912,1304.7,279.5,1,1500.0,350.0,0,1500.0,350.0,0,1500.0,350.0,0,Igor Tchelychev
102735,1304.5,226.2,3,1242.8,274.0,1,1325.9,260.9,1,1426.9,326.2,1,Cedric Kauffmann
103164,1304.5,259.7,2,1500.0,350.0,0,1500.0,350.0,0,1500.0,350.0,0,Artemi Tchernenko
124079,1304.5,79.7,208,1280.1,118.9,81,1328.7,125.3,112,1323.6,300.5,15,Pedro Martinez
104415,1304.4,262.2,2,1500.0,350.0,0,1500.0,350.0,0,1260.0,316.1,2,Colin Fleming
106393,1304.4,196.8,7,1259.7,253.1,2,1310.2,285.5,5,1500.0,350.0,0,Frederico Ferreira Silva
106310,1304.0,158.4,11,1427.2,260.3,3,1353.2,188.4,7,1422.2,354.1,1,Alexander Ritschard
104732,1304.0,270.6,3,1302.1,264.6,3,1500.0,350.0,0,1500.0,350.0,0,Phillip Simmonds
103948,1303.9,164.8,9,1284.3,217.2,5,1449.2,213.1,3,1435.1,321.3,1,Maximilian Abel
209262,1303.9,99.9,24,1313.3,106.0,22,1346.0,295.0,1,1408.4,427.6,1,Tristan Schoolkate
103711,1303.8,280.7,1,1500.0,350.0,0,1255.6,301.2,1,1500.0,350.0,0,Jaroslav Levinsky
104692,1303.7,259.5,2,1500.0,350.0,0,1500.0,350.0,0,1220.4,294.2,2,Alexander Slabinsky
103863,1303.7,201.5,11,1325.0,218.9,9,1500.0,350.0,0,1500.0,350.0,0,Mikhail Elgin
101479,1303.6,205.4,7,1256.3,302.4,2,1390.3,413.7,1,1500.0,350.0,0,Tj Middleton
102194,1303.4,277.2,1,1311.4,278.2,1,1500.0,350.0,0,1500.0,350.0,0,Min Kyu Han
101424,1303.3,283.5,1,1318.5,287.5,1,1500.0,350.0,0,1500.0,350.0,0,Brent Haygarth
210740,1303.1,282.6,1,1316.9,283.2,1,1500.0,350.0,0,1500.0,350.0,0,Liam Krall
105882,1303.0,115.5,85,1327.7,163.1,48,1326.8,180.1,31,1236.1,370.5,6,Stefano Travaglia
104149,1302.6,227.0,3,1500.0,350.0,0,1348.7,233.5,3,1500.0,350.0,0,Adrian Cruciat
100926,1302.6,179.8,15,1305.2,216.0,10,1500.0,350.0,0,1306.1,287.1,3,Ken Flach
101514,1302.5,304.6,1,1313.5,303.3,1,1500.0,350.0,0,1500.0,350.0,0,Mike Briggs
106121,1302.5,94.2,231,1304.5,115.9,134,1274.3,201.4,87,843.9,422.5,10,Taro Daniel
206703,1302.5,158.2,9,1500.0,350.0,0,1500.0,350.0,0,1212.0,192.5,9,Paul Jubb
101699,1302.5,261.5,1,1500.0,350.0,0,1256.5,278.4,1,1500.0,350.0,0,Alois Beust
105819,1302.4,159.4,40,1349.3,221.3,14,1369.1,200.1,22,1077.5,391.2,4,Guido Andreozzi
103817,1302.1,214.1,6,1302.5,218.3,6,1500.0,350.0,0,1500.0,350.0,0,Yu Jr Wang
110636,1302.0,276.6,1,1500.0,350.0,0,1500.0,350.0,0,1327.9,292.9,1,Clay Thompson
101076,1301.8,306.9,1,1500.0,350.0,0,1500.0,350.0,0,1500.0,350.0,0,Cesar Kist
103281,1301.7,241.2,2,1358.3,280.3,1,1369.3,275.4,1,1500.0,350.0,0,Ladislav Svarc
101295,1301.6,243.2,3,1297.0,239.1,3,1500.0,350.0,0,1500.0,350.0,0,Toshihisa Tsuchihashi
103600,1301.5,224.2,8,1330.5,235.6,7,1424.4,363.3,1,1500.0,350.0,0,Mohammad Ghareeb
105104,1301.4,260.0,2,1500.0,350.0,0,1340.8,268.7,2,1500.0,350.0,0,Robin Roshardt
210053,1301.1,288.1,1,1500.0,350.0,0,1303.1,288.6,1,1500.0,350.0,0,Luka Mikrut
209863,1300.9,172.1,9,1252.9,204.6,6,1414.0,253.9,3,1500.0,350.0,0,Leo Borg
102885,1300.9,278.2,1,1308.2,290.8,1,1500.0,350.0,0,1500.0,350.0,0,Vishal Uppal
103834,1300.8,242.3,2,1336.5,253.3,1,1346.7,322.0,1,1500.0,350.0,0,Levar Harper Griffith
104693,1300.8,254.5,2,1283.4,243.4,2,1500.0,350.0,0,1500.0,350.0,0,Dominic Inglot
101726,1300.7,298.9,1,1365.5,297.0,1,1500.0,350.0,0,1500.0,350.0,0,Boaz Merenstein
103505,1300.7,221.8,5,1392.6,298.1,2,1342.6,261.1,3,1500.0,350.0,0,Vasilis Mazarakis
104627,1300.5,278.2,1,1500.0,350.0,0,1304.6,284.2,1,1500.0,350.0,0,Boy Westerhof
200095,1300.4,161.7,12,1364.0,251.7,6,1401.8,265.1,4,1282.7,254.1,2,Nicola Kuhn
209246,1300.4,280.5,1,1352.5,278.0,1,1500.0,350.0,0,1500.0,350.0,0,Alan Magadan
103455,1300.3,164.4,15,1500.0,350.0,0,1337.6,207.0,8,1376.8,281.1,6,Michal Mertinak
102630,1300.2,212.1,5,1263.3,341.0,1,1459.7,225.7,4,1500.0,350.0,0,Slimane Saoudi
104803,1300.1,301.2,1,1500.0,350.0,0,1337.6,301.0,1,1500.0,350.0,0,Younes Rachidi
111156,1299.8,279.9,1,1305.4,282.0,1,1500.0,350.0,0,1500.0,350.0,0,Nathan Pasha
100551,1299.8,209.1,4,1305.6,214.1,4,1500.0,350.0,0,1500.0,350.0,0,Brad Drewett
100631,1299.7,158.3,21,1164.5,242.7,6,1430.5,232.5,6,1382.3,281.2,3,Tim Wilkison
103162,1299.7,158.4,8,1280.5,203.6,4,1500.0,350.0,0,1332.0,226.5,4,Dejan Petrovic
102219,1299.6,172.8,7,1500.0,350.0,0,1299.7,185.9,7,1500.0,350.0,0,Juan Garat
105917,1299.5,236.8,5,1500.0,350.0,0,1299.0,235.1,5,1500.0,350.0,0,Gianni Mina
105220,1299.5,280.9,1,1335.7,277.9,1,1500.0,350.0,0,1500.0,350.0,0,Jun Chao Xu
104007,1299.3,204.9,7,1500.0,350.0,0,1307.0,223.9,7,1500.0,350.0,0,Andre Ghem
208852,1299.3,184.5,7,1262.2,219.4,5,1484.8,263.9,2,1500.0,350.0,0,Stefanos Sakellaridis
103546,1299.1,280.1,1,1500.0,350.0,0,1353.0,280.8,1,1500.0,350.0,0,Patricio Arquez
104473,1299.1,281.7,1,1500.0,350.0,0,1274.6,294.8,1,1500.0,350.0,0,Walter Trusendi
108992,1299.0,281.3,1,1500.0,350.0,0,1500.0,350.0,0,1500.0,350.0,0,Alexei Belov
101819,1299.0,171.8,12,1315.1,219.9,5,1330.0,242.7,6,1500.0,350.0,0,Frederic Vitoux
208210,1298.8,251.8,1,1500.0,350.0,0,1500.0,350.0,0,1289.9,290.5,1,Chris Rodesch
103350,1298.6,212.6,5,1404.8,284.3,1,1500.0,350.0,0,1149.8,339.8,1,Denis Golovanov
105871,1298.4,283.2,1,1350.3,283.1,1,1500.0,350.0,0,1500.0,350.0,0,Sekou Bangoura
101337,1298.4,93.0,70,1217.9,237.5,9,1341.9,110.6,49,1235.2,336.8,3,Martin Strelba
105471,1298.3,252.1,3,1500.0,350.0,0,1337.2,262.8,3,1500.0,350.0,0,Cesar Ramirez
104372,1298.3,151.7,39,1258.5,344.1,7,1500.0,350.0,0,1268.9,171.7,32,Alex Bogdanovic
208859,1298.1,105.7,35,1198.8,193.7,12,1378.8,131.2,23,1500.0,350.0,0,Francesco Passaro
103485,1298.1,312.0,1,1500.0,350.0,0,1299.7,313.9,1,1500.0,350.0,0,Ivan Beros
200188,1298.0,239.6,2,1355.7,281.2,1,1500.0,350.0,0,1376.0,300.5,1,Matteo Martineau
104907,1297.9,209.2,9,1233.5,226.2,9,1500.0,350.0,0,1500.0,350.0,0,Jose Rubin Statham
102208,1297.4,240.3,2,1329.5,250.9,2,1500.0,350.0,0,1500.0,350.0,0,Rob Givone
210178,1297.1,253.2,1,1500.0,350.0,0,1267.3,267.5,1,1500.0,350.0,0,Juan Carlos Prado Angelo
208223,1297.1,279.3,1,1500.0,350.0,0,1292.1,286.9,1,1500.0,350.0,0,Alvaro Guillen Meza
101110,1296.8,249.9,3,1500.0,350.0,0,1320.8,270.9,3,1500.0,350.0,0,David De Miguel
212733,1296.7,248.5,1,1280.7,256.0,1,1500.0,350.0,0,1500.0,350.0,0,Matthew Forbes
103586,1296.3,234.6,3,1500.0,350.0,0,1321.4,244.8,3,1500.0,350.0,0,Mariusz Fyrstenberg
103133,1296.1,92.9,65,1258.0,169.3,17,1334.3,130.0,41,1375.5,388.7,5,Olivier Mutis
104781,1295.8,284.9,1,1305.8,287.6,1,1500.0,350.0,0,1500.0,350.0,0,Yuichi Ito
102365,1295.8,279.4,1,1297.1,288.1,1,1500.0,350.0,0,1500.0,350.0,0,Donny Susetyo
104960,1295.7,242.3,2,1360.2,273.3,1,1382.8,289.1,1,1500.0,350.0,0,Miguel Angel Reyes Varela
103305,1295.7,136.0,35,1261.3,239.3,7,1375.7,153.7,27,1342.9,494.1,1,Daniel Elsner
105626,1295.7,283.1,1,1263.2,295.0,1,1500.0,350.0,0,1500.0,350.0,0,Takanyi Garanganga
103565,1295.7,131.6,113,1221.8,170.6,59,1325.1,230.0,42,1383.7,277.1,12,Stephane Robert
103849,1295.6,194.0,9,1500.0,350.0,0,1331.5,204.7,8,1500.0,350.0,0,Francesco Aldi
126627,1295.5,228.1,4,1500.0,350.0,0,1228.3,248.1,4,1500.0,350.0,0,Johan Nikles
202090,1295.3,168.7,8,1307.5,172.7,8,1500.0,350.0,0,1500.0,350.0,0,Adrian Andreev
108814,1295.1,278.9,1,1500.0,350.0,0,1377.3,281.2,1,1500.0,350.0,0,Konstantinos Effraimoglou
107172,1295.1,282.0,1,1500.0,350.0,0,1500.0,350.0,0,1500.0,350.0,0,Harald Mair
104216,1295.0,121.4,90,1232.8,286.7,16,1324.2,136.4,70,1041.8,697.1,4,Maximo Gonzalez
106228,1294.5,97.5,83,1281.5,239.7,19,1420.8,112.2,60,1165.4,379.2,4,Juan Ignacio Londero
105077,1294.5,104.9,605,1210.5,182.2,208,1367.2,124.7,372,701.2,459.2,25,Albert Ramos
103986,1294.4,251.8,1,1197.9,278.9,1,1500.0,350.0,0,1500.0,350.0,0,Radoslav Lukaev
105938,1294.3,283.3,1,1296.7,285.9,1,1500.0,350.0,0,1500.0,350.0,0,Antoine Escoffier
104914,1294.3,194.4,10,1253.2,273.3,4,1455.6,234.7,6,1500.0,350.0,0,Ervin Eleskovic
102443,1294.2,136.4,25,1305.7,202.8,8,1266.3,509.9,1,1258.0,186.6,16,Barry Cowan
104334,1294.0,281.5,1,1500.0,350.0,0,1311.4,279.7,1,1500.0,350.0,0,Alberto Brizzi
104672,1293.9,130.3,30,1321.7,135.1,26,1218.4,696.9,3,1288.6,414.1,1,Vincent Millot
210730,1293.9,283.7,1,1500.0,350.0,0,1305.6,304.6,1,1500.0,350.0,0,Reda Bennani
104122,1293.9,106.8,314,1280.5,218.7,84,1339.1,127.9,206,1105.5,373.4,24,Carlos Berlocq
202320,1293.8,147.7,11,1305.0,170.1,10,1500.0,350.0,0,1308.1,270.6,1,Beibit Zhukayev
104297,1293.7,101.5,84,1267.7,164.5,25,1306.8,125.9,54,957.6,418.0,5,Rogerio Dutra Silva
100922,1293.7,207.0,5,1380.7,317.9,1,1240.3,266.8,2,1500.0,350.0,0,Roberto Arguello
103216,1293.4,205.5,8,1500.0,350.0,0,1335.4,207.7,7,1500.0,350.0,0,Clemens Trimmel
104035,1293.3,113.7,101,1283.7,141.5,75,1377.7,282.0,9,1292.2,273.4,17,Bobby Reynolds
101570,1293.3,247.5,2,1500.0,350.0,0,1329.3,257.4,2,1500.0,350.0,0,Vicente Solves
102655,1293.2,182.5,11,1170.2,253.4,5,1455.1,231.8,6,1500.0,350.0,0,Jimy Szymanski
104261,1293.2,206.2,6,1306.3,205.8,6,1500.0,350.0,0,1500.0,350.0,0,Peng Sun
105091,1293.0,273.7,2,1500.0,350.0,0,1269.5,283.2,2,1500.0,350.0,0,Peter Torebko
101416,1293.0,101.8,81,1345.6,213.9,26,1236.2,132.0,45,1420.2,319.2,3,Joao Cunha Silva
101031,1292.9,124.8,24,1352.7,308.2,1,1316.8,134.7,22,1352.0,320.9,1,Massimo Cierro
103174,1292.8,159.0,63,1322.0,180.4,49,1494.8,414.5,4,1020.5,344.5,7,Noam Okun
104823,1292.5,288.1,1,1500.0,350.0,0,1322.0,289.4,1,1500.0,350.0,0,Bruno Rodriguez
106368,1292.3,159.2,41,1239.8,171.4,31,1500.0,350.0,0,1561.2,411.9,10,Ramkumar Ramanathan
102203,1292.1,261.2,1,1308.3,260.8,1,1500.0,350.0,0,1500.0,350.0,0,Jonathan Leach
101472,1292.0,283.5,1,1500.0,350.0,0,1500.0,350.0,0,1500.0,350.0,0,Tino Anda
100844,1291.8,120.8,22,1419.6,268.7,4,1339.3,137.7,14,1500.0,350.0,0,Jerome Potier
202065,1291.8,245.9,2,1376.8,305.9,1,1324.1,262.5,1,1500.0,350.0,0,Petros Tsitsipas
210748,1291.4,127.7,11,1364.7,248.3,3,1276.6,156.6,8,1500.0,350.0,0,Federico Cina
105216,1291.4,102.0,131,1286.1,132.5,86,1211.3,334.5,14,1355.4,237.5,31,Yuichi Sugita
144870,1291.3,165.9,8,1329.6,225.5,4,1311.6,220.7,4,1500.0,350.0,0,Federico Agustin Gomez
102076,1291.3,138.7,15,1342.9,173.1,10,1258.9,249.2,4,1344.9,297.6,1,Mark Merklein
104439,1291.3,257.2,2,1340.7,298.0,1,1500.0,350.0,0,1500.0,350.0,0,Vadim Davletshin
104635,1291.1,169.3,9,1297.1,186.0,8,1380.5,268.7,1,1500.0,350.0,0,Robert Smeets
101328,1291.1,257.0,2,1500.0,350.0,0,1296.9,260.4,2,1500.0,350.0,0,Mihnea Ion Nastase
101750,1291.1,143.9,184,1248.2,191.5,113,1231.8,601.8,24,1158.9,284.7,14,Cristiano Caratti
108831,1291.0,244.4,2,1247.9,264.4,2,1500.0,350.0,0,1500.0,350.0,0,Michael Walker
102026,1291.0,185.3,6,1347.2,304.0,1,1382.7,208.4,4,1500.0,350.0,0,Jan Kodes Jr
105679,1291.0,258.5,2,1267.6,267.2,2,1500.0,350.0,0,1500.0,350.0,0,Eduardo Struvay
202127,1290.8,179.2,6,1484.3,251.9,3,1261.2,242.0,3,1500.0,350.0,0,Clement Tabur
101352,1290.8,247.4,3,1277.1,249.3,3,1500.0,350.0,0,1500.0,350.0,0,Jae Sik Kim
106420,1290.8,164.9,5,1263.4,187.6,3,1497.2,250.9,2,1500.0,350.0,0,Gianluigi Quinzi
104783,1290.7,200.2,17,1389.0,278.5,8,1310.9,285.4,1,1244.3,304.0,5,Mikhail Ledovskikh
105189,1290.7,284.4,1,1500.0,350.0,0,1500.0,350.0,0,1500.0,350.0,0,Pavel Chekhov
125842,1290.6,285.8,1,1500.0,350.0,0,1320.5,292.5,1,1500.0,350.0,0,Adam Moundir
105888,1290.5,235.1,2,1382.3,281.5,1,1360.9,274.9,1,1500.0,350.0,0,Toni Androic
104115,1290.4,215.6,3,1258.4,224.0,3,1500.0,350.0,0,1500.0,350.0,0,Marc Kimmich
104228,1290.3,258.6,2,1500.0,350.0,0,1299.2,284.2,2,1500.0,350.0,0,Guillem Burniol
101802,1290.3,232.7,2,1288.4,237.0,2,1500.0,350.0,0,1500.0,350.0,0,Ramayah Ramachandran
101851,1290.2,185.0,8,1394.2,212.0,5,1500.0,350.0,0,1380.5,326.3,1,Alexis Hombrecher
111578,1290.1,120.9,35,1236.5,156.5,21,1384.3,540.7,1,1271.6,294.5,13,Stefan Kozlov
105941,1290.0,281.7,1,1500.0,350.0,0,1349.6,281.2,1,1500.0,350.0,0,Felipe Rios
105359,1289.8,138.3,32,1294.4,157.9,22,1319.0,333.8,1,1393.8,274.5,9,Jason Jung
102902,1289.7,177.9,7,1370.0,232.7,3,1406.5,335.6,1,1327.0,285.2,3,Thomas Blake
104106,1289.6,286.4,1,1500.0,350.0,0,1500.0,350.0,0,1330.1,327.0,1,Ludovic Walter
101502,1289.5,228.7,3,1500.0,350.0,0,1305.5,238.1,3,1500.0,350.0,0,Torben Theine
103607,1289.4,94.2,111,1164.4,156.9,46,1440.4,139.3,48,1101.2,261.7,17,Victor Estrella
104932,1289.4,123.7,87,1303.8,150.5,41,1240.5,203.9,26,1409.7,381.8,20,Kenny De Schepper
105331,1289.4,245.7,2,1373.3,274.2,1,1325.5,277.9,1,1500.0,350.0,0,Petru Alexandru Luncanu
208361,1289.2,162.7,10,1500.0,350.0,0,1312.5,169.3,10,1500.0,350.0,0,Gustavo Heide
103746,1289.1,226.7,4,1500.0,350.0,0,1326.5,241.5,4,1500.0,350.0,0,Miguel Gallardo Valles
106283,1288.7,120.2,36,1333.3,131.2,28,1360.7,329.1,3,1315.0,450.2,5,Mitchell Krueger
105987,1288.6,257.3,2,1289.5,261.0,2,1500.0,350.0,0,1500.0,350.0,0,Mikhail Biryukov
105048,1288.6,291.2,1,1319.0,287.9,1,1500.0,350.0,0,1500.0,350.0,0,Alex Clayton
105539,1288.5,109.4,165,1299.9,123.1,120,1245.0,455.7,29,1199.1,347.0,16,Evgeny Donskoy
103037,1288.4,292.0,1,1292.1,302.5,1,1500.0,350.0,0,1500.0,350.0,0,Andrew Carlson
105029,1287.8,285.8,1,1270.0,300.5,1,1500.0,350.0,0,1500.0,350.0,0,Sergey Betov
105515,1287.8,258.2,2,1500.0,350.0,0,1286.1,261.7,2,1500.0,350.0,0,Jordi Samper Montana
110778,1287.8,248.4,2,1376.7,279.3,1,1359.7,283.4,1,1500.0,350.0,0,Joao Menezes
102250,1287.7,197.4,15,1471.0,366.0,2,1285.5,209.9,13,1500.0,350.0,0,Emanuel Couto
101597,1287.5,134.4,24,1329.9,174.6,11,1441.9,290.4,3,1296.1,235.1,7,Louis Gloria
103337,1287.5,190.3,6,1290.5,200.8,6,1500.0,350.0,0,1500.0,350.0,0,Ben Qiang Zhu
108378,1287.3,284.1,1,1500.0,350.0,0,1311.5,280.5,1,1500.0,350.0,0,Thierry Van Den Daele
102528,1287.0,289.8,1,1500.0,350.0,0,1303.4,288.7,1,1500.0,350.0,0,Carlos Drada
200335,1287.0,131.3,16,1423.9,249.1,7,1290.6,184.9,8,1199.1,328.4,1,Felipe Meligeni Alves
105641,1286.9,178.2,27,1270.7,254.0,10,1387.0,218.8,12,1143.2,341.5,5,Blaz Rola
105585,1286.8,155.6,28,1269.2,164.6,26,1500.0,350.0,0,1499.2,665.2,2,Ze Zhang
103925,1286.7,283.2,2,1500.0,350.0,0,1324.4,289.4,2,1500.0,350.0,0,Gabriel Moraru
103792,1286.6,257.5,2,1301.9,263.6,2,1500.0,350.0,0,1500.0,350.0,0,Joji Miyao
103520,1286.4,222.2,4,1263.5,275.2,3,1500.0,350.0,0,1402.1,284.0,1,Pavel Snobel
101375,1286.1,149.8,11,1208.1,231.8,4,1394.1,200.2,5,1352.7,288.0,1,Brian Devening
212044,1286.1,156.5,10,1278.4,162.3,10,1500.0,350.0,0,1500.0,350.0,0,Yi Zhou
108008,1286.0,216.6,2,1245.2,228.2,2,1500.0,350.0,0,1500.0,350.0,0,Phillip Williamson
103167,1285.9,225.5,3,1300.7,238.3,3,1500.0,350.0,0,1500.0,350.0,0,Jocelyn Robichaud
208389,1285.8,238.1,2,1281.9,235.1,2,1500.0,350.0,0,1500.0,350.0,0,James Trotter
208353,1285.7,165.5,6,1380.1,203.1,4,1227.9,237.7,2,1500.0,350.0,0,Francesco Maestrelli
103924,1285.6,285.1,1,1500.0,350.0,0,1292.8,285.4,1,1500.0,350.0,0,Marc Fornell Mestres
200452,1285.4,293.3,1,1500.0,350.0,0,1307.9,289.6,1,1500.0,350.0,0,Patrick Zahraj
144985,1285.4,256.4,2,1381.7,274.7,1,1500.0,350.0,0,1302.3,320.5,1,Ergi Kirkin
101331,1285.3,285.2,1,1500.0,350.0,0,1500.0,350.0,0,1325.0,306.9,1,Alex Nizet
202146,1285.3,231.5,2,1362.0,277.2,1,1352.9,254.2,1,1500.0,350.0,0,Luka Pavlovic
108996,1285.2,291.0,1,1327.9,289.8,1,1500.0,350.0,0,1500.0,350.0,0,Mahmoud Nader Al Baloushi
103395,1285.1,182.9,11,1226.3,296.1,3,1325.3,229.1,8,1500.0,350.0,0,Julio Silva
111200,1285.0,114.4,96,1291.5,150.5,49,1294.1,192.7,44,1216.9,486.6,3,Elias Ymer
103893,1284.9,118.3,286,1347.2,142.8,122,1250.5,208.6,138,1088.3,323.8,26,Paolo Lorenzi
104839,1284.7,260.0,2,1500.0,350.0,0,1258.3,283.4,2,1500.0,350.0,0,Yassine Idmbarek
126197,1284.7,283.7,1,1500.0,350.0,0,1324.5,283.3,1,1500.0,350.0,0,Orlando Luz
101780,1284.4,120.7,26,1443.1,486.5,4,1204.0,144.8,22,1500.0,350.0,0,Alejo Mancisidor
103976,1284.3,150.5,24,1244.1,267.8,2,1313.7,169.4,21,1500.0,350.0,0,Juan Pablo Brzezicki
200647,1284.2,133.1,15,1282.9,138.5,14,1500.0,350.0,0,1370.0,390.3,1,Sho Shimabukuro
102113,1284.1,156.6,13,1354.5,235.7,4,1322.2,193.9,8,1500.0,350.0,0,Daniele Musa
106527,1284.1,280.3,1,1500.0,350.0,0,1310.5,276.6,1,1500.0,350.0,0,Andreas Fikas
102036,1283.7,284.1,1,1500.0,350.0,0,1375.4,282.5,1,1500.0,350.0,0,Marco Osorio
106321,1283.7,286.8,1,1333.7,282.7,1,1500.0,350.0,0,1500.0,350.0,0,Xin Gao
101612,1283.6,167.4,8,1446.5,220.1,3,1313.4,235.8,4,1500.0,350.0,0,Roland Burtscher
101174,1283.3,108.9,46,1328.5,131.8,32,1242.1,231.5,5,1171.3,298.2,4,Fernando Roese
103061,1283.0,244.1,2,1310.4,278.9,1,1500.0,350.0,0,1283.4,311.7,1,Jan Boruszewski
208004,1282.9,109.9,25,1335.8,136.9,15,1291.0,224.8,7,1365.2,292.6,3,Harold Mayot
209903,1282.9,209.9,4,1500.0,350.0,0,1315.1,215.6,4,1500.0,350.0,0,Lukas Neumayer
102347,1282.7,231.1,5,1290.5,236.7,5,1500.0,350.0,0,1500.0,350.0,0,Dmitri Tomashevich
104027,1282.7,288.8,1,1500.0,350.0,0,1303.8,295.3,1,1500.0,350.0,0,Pablo Gonzalez
106167,1282.6,250.9,2,1336.6,294.1,1,1354.4,279.8,1,1500.0,350.0,0,Joris De Loore
105031,1282.3,223.8,2,1244.9,238.7,2,1500.0,350.0,0,1500.0,350.0,0,Saketh Myneni
103564,1282.3,244.0,2,1500.0,350.0,0,1270.9,245.2,2,1500.0,350.0,0,Jakub Herm Zahlava
101492,1282.2,151.3,12,1282.1,226.7,4,1500.0,350.0,0,1309.7,265.0,5,Sander Groen
105894,1282.0,153.9,13,1390.7,314.9,2,1216.5,181.6,9,1400.7,342.6,2,Javier Marti
200368,1281.9,302.7,1,1279.5,305.0,1,1500.0,350.0,0,1500.0,350.0,0,Jack Mingjie Lin
104494,1281.9,134.8,34,1131.4,300.3,5,1361.2,154.3,25,1160.3,334.2,4,Adrian Ungur
117357,1281.8,203.4,6,1260.0,210.4,6,1500.0,350.0,0,1500.0,350.0,0,Omar Jasika
101821,1281.8,154.4,21,1293.9,190.1,12,1215.1,388.7,3,1243.1,268.1,6,Peter Tramacchi
106220,1281.6,150.5,18,1259.9,164.0,16,1484.8,286.0,2,1500.0,350.0,0,Dimitar Kuzmanov
101751,1281.2,200.8,5,1500.0,350.0,0,1500.0,350.0,0,1317.0,229.5,5,Ross Matheson
104010,1281.1,178.8,12,1342.6,233.8,5,1280.9,244.2,7,1500.0,350.0,0,Dieter Kindlmann
103735,1280.9,188.8,13,1411.5,237.3,6,1223.4,296.3,7,1500.0,350.0,0,Lovro Zovko
200385,1280.9,297.5,1,1334.1,297.8,1,1500.0,350.0,0,1500.0,350.0,0,Dan Added
101575,1280.7,300.5,1,1378.1,306.3,1,1500.0,350.0,0,1500.0,350.0,0,Sulistyo Wibowo
105707,1280.6,289.1,1,1259.7,296.8,1,1500.0,350.0,0,1500.0,350.0,0,Nicolaas Scholtz
104272,1280.4,236.7,2,1500.0,350.0,0,1306.8,244.4,2,1500.0,350.0,0,Torsten Popp
104953,1280.3,281.1,1,1272.0,288.1,1,1500.0,350.0,0,1500.0,350.0,0,Nikolai Fidirko
104424,1280.1,146.9,113,1291.7,149.1,85,1185.3,473.4,11,1245.8,485.3,16,Go Soeda
101435,1280.0,276.0,1,1281.1,292.1,1,1500.0,350.0,0,1500.0,350.0,0,Brian Gyetko
101670,1280.0,257.2,2,1500.0,350.0,0,1250.7,269.4,2,1500.0,350.0,0,Martin Schaffl
103708,1279.9,194.0,8,1393.0,260.9,3,1204.3,295.2,3,1293.6,300.2,2,Jaroslav Pospisil
144751,1279.5,262.0,1,1185.7,290.2,1,1500.0,350.0,0,1500.0,350.0,0,Rigele Te
104182,1279.4,182.5,7,1500.0,350.0,0,1287.5,199.2,6,1500.0,350.0,0,Sasa Tuksar
200390,1279.4,199.7,6,1346.5,224.8,5,1261.7,324.4,1,1500.0,350.0,0,Kacper Zuk
104717,1279.4,128.5,21,1207.3,171.2,14,1500.0,350.0,0,1521.9,197.6,7,Brendan Evans
103852,1279.2,98.2,979,1240.3,158.5,546,1192.2,210.2,271,1347.5,193.3,140,Feliciano Lopez
105292,1279.2,112.2,46,1334.6,137.9,26,1213.0,183.8,18,1244.3,368.4,2,Alejandro Gonzalez
110754,1279.2,280.4,1,1500.0,350.0,0,1289.1,283.6,1,1500.0,350.0,0,David Vega Hernandez
101581,1279.2,207.9,4,1500.0,350.0,0,1286.5,212.8,4,1500.0,350.0,0,Jose Luis Aparisi
103963,1279.1,252.9,2,1500.0,350.0,0,1263.3,252.5,2,1500.0,350.0,0,Filip Urban
111192,1279.0,239.0,3,1303.6,265.3,2,1374.3,287.7,1,1500.0,350.0,0,Lucas Miedler
102743,1278.9,182.8,18,1271.3,210.2,14,1500.0,350.0,0,1312.2,280.5,4,Ben Ellwood
105014,1278.7,286.8,1,1265.5,301.6,1,1500.0,350.0,0,1500.0,350.0,0,Antal Van Der Duim
102577,1278.7,237.5,2,1500.0,350.0,0,1304.7,293.1,1,1368.4,292.1,1,Steven Randjelovic
105311,1278.7,108.5,440,1278.7,158.1,224,1357.3,140.3,177,990.1,336.8,39,Joao Sousa
101800,1278.6,236.8,4,1500.0,350.0,0,1266.4,243.9,4,1500.0,350.0,0,Daniele Balducci
101048,1278.4,231.4,3,1500.0,350.0,0,1268.6,224.1,3,1500.0,350.0,0,Francisco Maciel
105589,1278.2,176.3,46,1188.7,263.7,9,1359.5,185.1,37,1500.0,350.0,0,Gerald Melzer
107022,1278.1,245.2,2,1500.0,350.0,0,1253.9,267.3,2,1500.0,350.0,0,Francesco Michelotti
102538,1278.1,144.8,39,1331.9,194.8,22,1354.1,504.3,5,1230.6,339.7,6,Tuomas Ketola
124014,1277.7,129.1,59,1278.5,132.4,43,1308.9,540.7,10,1325.1,635.9,6,Ernesto Escobedo
105899,1277.6,292.0,1,1288.9,290.3,1,1500.0,350.0,0,1500.0,350.0,0,Martin Cuevas
101881,1277.4,250.7,2,1500.0,350.0,0,1327.6,263.7,2,1500.0,350.0,0,Oliver Fuchs
105147,1277.1,132.8,88,1286.6,147.5,60,1281.4,513.6,8,1316.0,316.8,20,Tatsuma Ito
104729,1276.9,236.7,2,1224.8,254.9,2,1500.0,350.0,0,1500.0,350.0,0,Ivan Nedelko
104181,1276.9,226.4,3,1500.0,350.0,0,1288.5,232.0,3,1500.0,350.0,0,Victor Ionita
104117,1276.8,178.6,28,1357.1,364.9,16,1283.5,244.5,9,1348.4,486.3,3,Giovanni Lapentti
110686,1276.7,240.0,2,1279.9,240.2,2,1500.0,350.0,0,1500.0,350.0,0,Finn Tearney
104456,1276.3,252.5,1,1297.4,258.2,1,1500.0,350.0,0,1500.0,350.0,0,Colin Ebelthite
101696,1276.3,198.6,9,1500.0,350.0,0,1294.3,217.1,9,1500.0,350.0,0,Federico Mordegan
101536,1275.9,217.0,5,1322.0,295.5,3,1314.3,308.2,1,1383.8,307.2,1,Murphy Jensen
101097,1275.8,144.7,25,1413.3,187.8,9,1278.5,379.8,2,1278.3,344.4,4,Rick Leach
102165,1275.8,309.6,1,1300.1,305.6,1,1500.0,350.0,0,1500.0,350.0,0,Srinath Prahlad
102778,1275.7,299.6,1,1329.1,301.2,1,1500.0,350.0,0,1500.0,350.0,0,Abdul Hamid Makhkamov
104850,1275.5,179.2,6,1244.5,248.9,2,1298.8,239.0,4,1500.0,350.0,0,Jonathan Dasnieres De Veigy
111453,1275.4,193.4,4,1309.7,193.5,4,1500.0,350.0,0,1500.0,350.0,0,Mikael Torpegaard
108571,1275.4,292.7,1,1315.7,290.1,1,1500.0,350.0,0,1500.0,350.0,0,Yuval Hirsch
104644,1275.3,227.6,3,1372.9,294.9,1,1500.0,350.0,0,1266.9,308.3,2,Riccardo Ghedin
102687,1275.2,178.1,18,1381.1,377.0,3,1287.0,193.4,15,1500.0,350.0,0,Herbert Wiltschnig
106246,1275.1,237.2,3,1500.0,350.0,0,1302.5,241.3,3,1500.0,350.0,0,Robin Kern
105401,1274.9,288.5,1,1500.0,350.0,0,1312.5,284.3,1,1500.0,350.0,0,Matteo Trevisan
102131,1274.9,195.8,6,1264.7,221.6,5,1401.1,346.8,1,1500.0,350.0,0,Alistair Hunt
102780,1274.8,175.5,25,1248.7,186.8,22,1500.0,350.0,0,1348.3,498.7,3,Frederic Niemeyer
105001,1274.8,231.4,4,1290.0,236.6,4,1500.0,350.0,0,1500.0,350.0,0,Mao Xin Gong
103427,1274.7,310.6,1,1280.1,311.3,1,1500.0,350.0,0,1500.0,350.0,0,Yew Ming Si
212309,1274.6,193.3,5,1500.0,350.0,0,1270.1,212.3,5,1500.0,350.0,0,Diego Dedura Palomero
101740,1274.6,239.9,2,1318.5,298.7,1,1340.3,285.8,1,1500.0,350.0,0,Sascha Nensel
202400,1274.4,214.4,4,1500.0,350.0,0,1500.0,350.0,0,1313.7,247.6,4,Alastair Gray
101662,1274.3,291.8,1,1500.0,350.0,0,1500.0,350.0,0,1500.0,350.0,0,Selvam Veerasingam
104325,1274.2,259.3,2,1500.0,350.0,0,1308.8,264.3,2,1500.0,350.0,0,Johannes Ager
103154,1274.1,183.0,9,1281.6,183.1,9,1500.0,350.0,0,1500.0,350.0,0,Jaymon Crabb
103590,1274.0,299.3,1,1315.2,305.2,1,1500.0,350.0,0,1500.0,350.0,0,Michael Quintero
103165,1273.8,215.4,9,1374.2,319.1,1,1285.4,231.1,8,1500.0,350.0,0,Gorka Fraile
100532,1273.7,150.5,12,1094.8,232.4,4,1500.0,350.0,0,1362.7,246.2,4,Johan Kriek
101668,1273.6,222.0,10,1370.8,234.7,6,1500.0,350.0,0,1348.2,380.6,2,Peter Nyborg
101364,1273.3,131.9,16,1252.3,151.5,11,1500.0,350.0,0,1387.4,357.2,3,Bret Garnett
100595,1273.3,233.2,2,1500.0,350.0,0,1375.3,299.4,1,1327.8,277.8,1,Ronnie Bathman
103684,1273.2,218.9,3,1314.2,258.8,2,1500.0,350.0,0,1338.3,308.2,1,Benedikt Dorsch
110602,1273.1,120.5,63,1278.2,174.3,36,1273.8,245.1,19,1329.9,256.1,8,Dennis Novak
101869,1272.9,231.7,12,1319.6,265.7,4,1264.6,329.7,5,1500.0,350.0,0,Juan Luis Tati Rascon
105427,1272.6,287.9,1,1271.8,303.1,1,1500.0,350.0,0,1500.0,350.0,0,Milos Sekulic
202130,1272.6,280.6,1,1315.9,278.6,1,1500.0,350.0,0,1500.0,350.0,0,Emil Reinberg
101982,1272.5,203.6,4,1500.0,350.0,0,1293.0,222.8,4,1500.0,350.0,0,Jordi Mas
105341,1272.3,127.0,90,1277.2,158.5,50,1136.8,208.5,26,1507.9,277.4,14,Thomas Fabbiano
102069,1272.2,224.8,4,1500.0,350.0,0,1285.7,231.5,3,1500.0,350.0,0,Andrei Rybalko
103851,1272.1,227.3,3,1486.2,337.1,1,1368.9,332.1,1,1294.8,278.8,1,Conor Niland
105853,1271.9,217.5,3,1281.1,220.1,3,1500.0,350.0,0,1500.0,350.0,0,Tigre Hank
103238,1271.9,211.9,6,1335.7,227.0,3,1500.0,350.0,0,1238.5,356.4,2,Jean Claude Scherrer
110536,1271.4,205.6,7,1277.3,221.0,6,1500.0,350.0,0,1395.4,325.1,1,Kevin King
104778,1271.2,265.3,2,1273.7,275.1,2,1500.0,350.0,0,1500.0,350.0,0,Andrey Kumantsov
208021,1271.1,153.9,7,1368.2,186.5,5,1226.4,223.1,2,1500.0,350.0,0,Kyrian Jacquet
102596,1271.0,280.2,1,1280.2,283.7,1,1500.0,350.0,0,1500.0,350.0,0,Christian Hill
208278,1271.0,110.2,32,1246.5,124.3,26,1406.6,375.7,1,1305.0,248.0,5,Shintaro Mochizuki
104503,1270.8,251.3,3,1500.0,350.0,0,1314.6,258.1,3,1500.0,350.0,0,Guillermo Hormazabal
210510,1270.7,284.7,1,1500.0,350.0,0,1309.2,285.4,1,1500.0,350.0,0,Lautaro Midon
104171,1270.5,166.3,16,1336.5,334.0,2,1500.0,350.0,0,1311.7,200.7,14,Richard Bloomfield
101341,1270.4,200.7,10,1327.6,280.5,5,1318.4,247.9,4,1500.0,350.0,0,Pablo Albano
103978,1270.4,283.3,2,1500.0,350.0,0,1320.4,282.2,2,1500.0,350.0,0,Rabie Chaki
101771,1270.3,227.0,2,1253.1,237.0,2,1500.0,350.0,0,1500.0,350.0,0,Ashley Naumann
101641,1269.8,235.1,2,1364.5,276.7,1,1368.0,276.4,1,1500.0,350.0,0,Jose Luis Noriega
103754,1269.8,224.8,5,1500.0,350.0,0,1500.0,350.0,0,1027.5,251.2,5,Mark Hilton
102410,1269.4,172.6,11,1254.3,174.8,11,1500.0,350.0,0,1500.0,350.0,0,David Caldwell
104986,1269.2,233.7,3,1234.2,308.6,2,1500.0,350.0,0,1231.8,329.6,1,Vishnu Vardhan
105528,1269.1,216.7,4,1500.0,350.0,0,1424.1,374.2,1,1158.4,235.3,3,Alexander Ward
101417,1268.7,184.2,10,1267.4,356.1,2,1344.1,194.5,8,1500.0,350.0,0,Mario Rincon
102458,1268.2,222.3,3,1257.2,253.5,2,1500.0,350.0,0,1444.1,323.6,1,Jim Thomas
108993,1267.9,225.0,3,1265.1,231.1,3,1500.0,350.0,0,1500.0,350.0,0,Abdulla Hajji
108443,1267.7,241.5,2,1375.9,282.2,1,1500.0,350.0,0,1500.0,350.0,0,Toshitsugu Mori
102348,1267.7,178.8,12,1366.2,191.4,9,1500.0,350.0,0,1500.0,350.0,0,Hideki Kaneko
101938,1267.6,197.3,16,1500.0,350.0,0,1253.8,204.1,16,1500.0,350.0,0,Bernardo Mota
105497,1267.6,238.3,2,1500.0,350.0,0,1311.5,251.6,2,1500.0,350.0,0,Jose Hernandez
101477,1267.3,138.4,18,1387.6,241.8,4,1500.0,350.0,0,1268.3,175.8,13,Chris Bailey
105063,1267.3,170.6,14,1328.6,278.2,1,1337.0,225.8,12,1291.1,292.8,1,Andrea Arnaboldi
210536,1267.2,178.6,6,1281.0,185.1,6,1500.0,350.0,0,1500.0,350.0,0,Rei Sakamoto
200075,1267.1,253.0,2,1281.3,254.0,2,1500.0,350.0,0,1500.0,350.0,0,Yshai Oliel
104947,1267.0,171.7,74,1223.5,235.7,42,1283.2,230.8,21,1405.2,316.7,11,Marsel Ilhan
108995,1266.9,282.4,2,1500.0,350.0,0,1500.0,350.0,0,1500.0,350.0,0,Otakar Jurecka
134457,1266.9,126.4,18,1248.5,209.5,6,1342.2,149.7,12,1500.0,350.0,0,Nicolas Moreno De Alboran
101841,1266.8,289.4,2,1417.8,287.8,1,1500.0,350.0,0,1320.0,330.2,1,Aleksandar Kitinov
101180,1266.6,255.3,2,1500.0,350.0,0,1325.2,271.3,2,1500.0,350.0,0,Jose Clavet
105985,1266.4,202.6,13,1286.9,206.7,13,1500.0,350.0,0,1500.0,350.0,0,Darian King
101945,1266.3,135.9,59,1358.7,201.4,19,1230.0,196.9,34,1500.0,350.0,0,Thierry Guardiola
102843,1266.2,223.3,4,1264.4,223.8,4,1500.0,350.0,0,1500.0,350.0,0,Suwandi Suwandi
101847,1265.9,301.7,1,1338.3,301.5,1,1500.0,350.0,0,1500.0,350.0,0,Bret Richardson
106243,1265.7,163.6,10,1347.8,260.5,2,1282.8,188.4,8,1500.0,350.0,0,Mate Delic
102111,1265.7,305.7,1,1500.0,350.0,0,1278.4,302.8,1,1500.0,350.0,0,Diego Del Rio
102178,1265.4,243.7,2,1329.6,293.8,1,1320.4,276.8,1,1500.0,350.0,0,Scott Gessner
104251,1265.2,247.4,3,1276.3,249.4,3,1500.0,350.0,0,1500.0,350.0,0,Ti Chen
101283,1265.0,250.4,2,1500.0,350.0,0,1275.4,249.0,2,1500.0,350.0,0,Dirk Leppen
104951,1264.6,237.9,2,1500.0,350.0,0,1416.9,287.9,1,1500.0,350.0,0,Aljoscha Thron
210025,1264.3,285.6,1,1273.0,285.8,1,1500.0,350.0,0,1500.0,350.0,0,Branko Djuric
105271,1264.3,256.6,2,1500.0,350.0,0,1284.9,260.5,2,1500.0,350.0,0,Gonzalo Escobar
109739,1264.3,101.7,116,1250.5,160.0,52,1322.6,156.7,50,1218.1,268.7,14,Maximilian Marterer
104291,1264.2,132.1,220,1251.2,149.3,143,1335.6,253.7,50,1055.1,431.0,27,Malek Jaziri
105733,1264.1,127.5,25,1265.8,153.1,17,1365.4,234.8,6,1298.8,300.7,2,Rhyne Williams
102805,1263.9,257.3,1,1268.2,257.6,1,1500.0,350.0,0,1500.0,350.0,0,Matthew Breen
105059,1263.9,287.4,1,1269.3,288.1,1,1500.0,350.0,0,1500.0,350.0,0,Kento Takeuchi
104586,1263.7,149.2,259,1256.3,200.5,148,1359.9,288.3,90,1266.2,312.8,21,Lukas Rosol
101983,1263.5,237.2,2,1270.3,259.2,2,1500.0,350.0,0,1500.0,350.0,0,Andrew Kratzmann
104004,1263.4,170.6,12,1380.3,217.8,5,1218.2,236.5,7,1500.0,350.0,0,Filip Prpic
102085,1263.4,142.5,21,1390.2,239.8,3,1288.8,188.5,15,1500.0,350.0,0,Sasa Hirszon
101585,1263.2,256.8,2,1332.1,286.2,1,1500.0,350.0,0,1500.0,350.0,0,Fabio Silberberg
101584,1262.9,202.5,9,1347.1,204.2,8,1500.0,350.0,0,1416.2,398.0,1,Keith Evans
102083,1262.6,230.4,4,1500.0,350.0,0,1437.1,297.4,1,1227.7,279.5,3,Nick Gould
212082,1262.1,235.6,3,1432.3,300.2,1,1302.8,254.4,2,1500.0,350.0,0,Joel Schwaerzler
202122,1262.1,303.9,1,1275.4,302.0,1,1500.0,350.0,0,1500.0,350.0,0,Yuta Shimizu
108701,1262.1,253.3,2,1292.5,292.9,1,1295.6,317.6,1,1500.0,350.0,0,Juan Sebastian Cabal
102190,1261.8,294.9,1,1500.0,350.0,0,1291.7,295.1,1,1500.0,350.0,0,Philippe Moggio
108390,1261.3,253.4,2,1500.0,350.0,0,1500.0,350.0,0,1500.0,350.0,0,Thomas Prerovsky
200096,1261.2,239.3,2,1314.6,288.8,1,1357.8,282.8,1,1500.0,350.0,0,Dragos Nicolae Madaras
103837,1260.8,195.5,7,1500.0,350.0,0,1268.7,203.9,7,1500.0,350.0,0,Didac Perez
209874,1260.8,254.5,1,1220.1,275.1,1,1500.0,350.0,0,1500.0,350.0,0,Maks Kasnikowski
100711,1260.7,121.3,17,1253.8,292.1,3,1263.5,157.3,10,1237.8,299.8,1,Pedro Rebolledo
103076,1260.4,292.8,1,1269.5,295.1,1,1500.0,350.0,0,1500.0,350.0,0,Justin Oneal
105738,1260.3,232.9,4,1255.1,229.2,4,1500.0,350.0,0,1500.0,350.0,0,Tsung Hua Yang
104807,1260.1,220.2,5,1500.0,350.0,0,1270.1,232.0,5,1500.0,350.0,0,Mehdi Ziadi
102554,1259.5,239.4,3,1500.0,350.0,0,1120.7,274.0,3,1500.0,350.0,0,Diego Moyano
100950,1259.4,193.0,6,1308.5,313.1,1,1388.8,238.1,3,1500.0,350.0,0,Libor Pimek
105166,1259.2,122.3,50,1293.7,132.1,41,1107.0,355.7,7,1261.0,403.8,2,Peter Polansky
102536,1259.0,209.3,7,1248.7,204.3,7,1500.0,350.0,0,1500.0,350.0,0,James Greenhalgh
200277,1258.5,223.4,2,1500.0,350.0,0,1500.0,350.0,0,1290.5,259.5,2,Charles Broom
101460,1258.3,107.2,88,1007.1,295.4,15,1353.0,125.4,61,1065.7,300.9,5,Jose Francisco Altur
105561,1258.3,155.1,35,1292.3,377.9,7,1327.4,166.9,28,1500.0,350.0,0,Alessandro Giannessi
105906,1258.0,244.5,5,1500.0,350.0,0,1198.2,349.7,3,1419.7,293.2,2,Kevin Krawietz
104681,1257.9,243.3,4,1435.3,250.0,2,1215.9,314.2,2,1500.0,350.0,0,Sebastian Rieschick
104219,1257.6,169.9,21,1209.2,214.1,12,1314.1,277.4,6,1381.9,307.8,1,Stephane Bohli
104308,1257.6,123.0,78,1249.6,149.5,44,1224.8,277.7,22,1207.1,253.5,12,Michal Przysiezny
111511,1257.4,149.2,29,1290.7,168.5,22,1320.3,277.5,5,1135.2,367.7,2,Noah Rubin
106110,1257.1,177.1,8,1362.1,339.2,1,1374.1,204.0,6,1371.0,374.7,1,Filip Horansky
102520,1257.1,224.0,3,1500.0,350.0,0,1255.8,233.5,3,1500.0,350.0,0,Olivier Malcor
100553,1257.0,169.0,11,1360.8,209.7,7,1500.0,350.0,0,1379.3,360.7,1,Nduka Odizor
126762,1256.9,287.8,1,1245.6,294.5,1,1500.0,350.0,0,1500.0,350.0,0,Aleksandre Bakshi
104179,1256.4,204.6,4,1372.7,276.2,1,1317.0,235.6,3,1500.0,350.0,0,Bruno Echagaray
105262,1256.2,291.7,1,1500.0,350.0,0,1317.6,283.5,1,1500.0,350.0,0,Fernando Romboli
126177,1255.9,240.3,2,1298.8,243.6,2,1500.0,350.0,0,1500.0,350.0,0,Strong Kirchheimer
102171,1255.5,252.8,2,1500.0,350.0,0,1341.0,281.9,1,1500.0,350.0,0,Reinhard Wawra
102018,1254.8,143.2,13,1300.7,212.8,6,1349.3,199.7,6,1500.0,350.0,0,Tamer El Sawy
106223,1254.8,186.3,6,1222.0,194.7,6,1500.0,350.0,0,1500.0,350.0,0,Aleksandre Metreveli
126283,1254.7,240.5,2,1319.2,287.6,1,1500.0,350.0,0,1367.2,290.5,1,Yunseong Chung
206589,1254.7,300.8,1,1500.0,350.0,0,1300.4,294.4,1,1500.0,350.0,0,Gabi Adrian Boitan
100714,1254.6,136.5,22,1339.9,153.5,14,1334.0,403.2,1,1301.8,272.3,5,Broderick Dyke
101083,1254.6,227.6,4,1324.4,265.1,2,1379.8,360.5,1,1392.5,315.2,1,Tom Mercer
211514,1254.6,124.9,15,1178.5,197.7,5,1244.3,190.7,6,1459.9,256.5,4,Justin Engel
105720,1254.0,208.6,3,1337.3,276.6,1,1347.5,248.1,2,1500.0,350.0,0,Stanislav Vovk
211768,1253.5,295.2,1,1281.7,296.6,1,1500.0,350.0,0,1500.0,350.0,0,Manas Dhamne
106353,1253.0,226.4,5,1316.0,367.4,2,1381.4,259.8,3,1500.0,350.0,0,Pedja Krstin
104269,1252.8,94.0,992,1225.3,126.4,493,1295.5,183.9,389,1252.7,344.6,95,Fernando Verdasco
101167,1252.4,293.8,2,1500.0,350.0,0,1314.7,297.3,2,1500.0,350.0,0,Jaime Cortes
101339,1251.9,219.9,4,1329.9,295.2,1,1377.1,250.5,3,1500.0,350.0,0,Agustin Moreno
102067,1251.6,225.4,6,1500.0,350.0,0,1267.1,233.8,6,1500.0,350.0,0,Emanuel Rasberger
105821,1251.4,295.0,1,1500.0,350.0,0,1226.7,306.4,1,1500.0,350.0,0,Riccardo Bellotti
104677,1251.2,280.3,2,1248.4,278.9,2,1500.0,350.0,0,1500.0,350.0,0,Artem Sitak
104864,1250.6,141.3,39,1243.3,189.3,28,1381.8,433.8,3,1339.6,230.5,8,Alex Kuznetsov
102862,1250.6,192.9,5,1273.8,210.7,5,1500.0,350.0,0,1500.0,350.0,0,Allen Belobrajdic
106005,1250.3,97.8,61,1280.1,126.8,47,984.6,361.9,7,1091.6,245.6,7,Constant Lestienne
103228,1250.2,109.6,84,1070.4,192.2,24,1343.9,168.9,53,1188.7,300.1,7,Marcos Daniel
106874,1250.1,234.2,2,1239.0,229.3,2,1500.0,350.0,0,1500.0,350.0,0,Dick Bosse
123828,1250.1,148.6,14,1152.9,223.5,4,1346.2,280.4,4,1268.0,289.7,6,Jan Choinski
102381,1250.1,101.2,54,1064.9,212.9,14,1284.9,135.8,36,1353.4,438.0,3,Werner Eschauer
105688,1250.0,301.5,2,1342.6,309.8,1,1305.3,342.5,1,1500.0,350.0,0,Manuel Sanchez
102497,1250.0,202.9,12,1262.5,208.4,12,1500.0,350.0,0,1500.0,350.0,0,Mashiska Washington
104229,1249.8,118.5,368,1334.3,150.5,280,1067.6,378.0,24,1140.7,322.3,63,Yen Hsun Lu
103209,1249.7,217.9,3,1500.0,350.0,0,1249.1,223.7,3,1500.0,350.0,0,Leonardo Azzaro
104736,1249.6,219.6,7,1367.0,285.0,1,1295.2,348.4,4,1297.7,274.0,2,Farrukh Dustov
105254,1249.5,175.1,9,1215.9,293.9,4,1419.6,201.6,5,1500.0,350.0,0,Nikola Mektic
100701,1249.4,299.4,1,1500.0,350.0,0,1222.4,314.9,1,1500.0,350.0,0,Marko Ostoja
207794,1248.6,252.2,2,1500.0,350.0,0,1278.2,278.6,2,1500.0,350.0,0,Younes Lalami Laaroussi
104847,1248.6,252.5,2,1500.0,350.0,0,1500.0,350.0,0,1326.4,272.1,2,Adrien Bossel
200031,1248.2,210.9,4,1500.0,350.0,0,1258.7,216.7,4,1500.0,350.0,0,Lucas Catarina
101596,1248.0,223.2,3,1500.0,350.0,0,1260.2,229.1,3,1500.0,350.0,0,Mohamed Ridaoui
101155,1247.7,269.2,1,1500.0,350.0,0,1500.0,350.0,0,1284.5,285.3,1,James Turner
100965,1247.6,226.3,4,1499.1,282.5,2,1307.5,290.0,1,1500.0,350.0,0,Peter Ballauff
101886,1247.5,251.3,2,1265.2,259.8,2,1500.0,350.0,0,1500.0,350.0,0,Ohad Weinberg
103523,1246.6,174.8,21,1269.3,224.5,13,1500.0,350.0,0,1318.0,270.2,8,Rohan Bopanna
101567,1246.0,131.2,33,1400.8,195.7,11,1296.7,267.9,8,1281.9,261.0,6,Hendrik Jan Davids
102050,1245.8,161.4,14,1407.7,343.5,2,1242.5,183.4,12,1500.0,350.0,0,Marco Meneschincheri
206748,1245.5,120.1,27,1265.6,178.5,9,1280.4,183.7,17,1187.7,301.0,1,Giulio Zeppieri
100865,1245.5,176.5,12,1500.0,350.0,0,1323.8,187.1,11,1500.0,350.0,0,Marcelo Ingaramo
103653,1244.0,305.1,1,1254.6,304.2,1,1500.0,350.0,0,1500.0,350.0,0,Jasper Smit
105831,1243.5,209.7,4,1325.5,264.7,2,1236.3,276.7,2,1500.0,350.0,0,Marko Djokovic
105614,1243.4,154.7,56,1263.7,167.2,43,1072.9,368.8,4,1290.7,303.9,9,Bradley Klahn
111574,1243.3,207.3,4,1317.9,256.2,2,1500.0,350.0,0,1188.7,299.9,2,Jc Aragone
101014,1243.2,185.7,6,1262.1,203.5,5,1377.0,320.1,1,1500.0,350.0,0,John Ross
101131,1243.1,119.3,35,1209.4,154.8,16,1236.4,186.4,13,1280.0,318.1,2,Jimmy Brown
105332,1243.0,109.6,539,1351.2,149.5,299,1152.6,170.5,188,1263.1,335.0,52,Benoit Paire
100744,1242.9,215.7,4,1245.1,217.4,4,1500.0,350.0,0,1500.0,350.0,0,Peter Doohan
111790,1242.6,142.2,20,1254.8,171.7,17,1500.0,350.0,0,1146.6,258.5,3,Brayden Schnur
104056,1242.6,106.9,49,1267.4,135.7,28,1191.7,266.1,9,1321.6,239.3,10,Roko Karanusic
101989,1242.5,230.7,4,1500.0,350.0,0,1329.5,354.1,1,1500.0,350.0,0,Patrik Langvardt
105841,1242.4,199.8,8,1299.0,257.5,2,1291.3,240.7,6,1500.0,350.0,0,Lorenzo Giustino
106006,1242.4,230.4,4,1500.0,350.0,0,1241.3,253.1,4,1500.0,350.0,0,Agustin Velotti
100924,1241.6,220.1,7,1229.0,292.9,2,1332.8,297.0,2,1500.0,350.0,0,Jorge Lozano
109054,1241.4,202.6,6,1326.0,330.4,1,1396.4,258.6,4,1340.4,280.4,1,Daniel Masur
104802,1241.4,257.1,2,1265.8,304.3,1,1500.0,350.0,0,1381.5,305.8,1,Fabrice Martin
100876,1241.2,193.2,9,1233.0,261.4,4,1500.0,350.0,0,1500.0,350.0,0,Bong Soo Kim
107201,1241.0,222.1,3,1242.1,261.9,2,1500.0,350.0,0,1500.0,350.0,0,Hidehiko Tanizawa
103097,1240.9,297.1,1,1248.6,297.0,1,1500.0,350.0,0,1500.0,350.0,0,Trevor Spracklin
100894,1240.8,159.0,10,1297.6,324.6,1,1243.3,164.7,9,1500.0,350.0,0,Francesco Cancellotti
104851,1240.3,179.5,14,1500.0,350.0,0,1237.3,187.6,14,1500.0,350.0,0,Gianluca Naso
105633,1240.3,171.3,15,1244.3,187.0,11,1271.9,352.4,2,1480.9,401.5,2,Mohamed Safwat
102210,1239.6,290.4,2,1500.0,350.0,0,1279.7,357.8,1,1500.0,350.0,0,Rene Hanak
100286,1239.6,279.5,1,1243.3,283.5,1,1500.0,350.0,0,1500.0,350.0,0,Harold Solomon
200610,1239.5,259.2,1,1500.0,350.0,0,1500.0,350.0,0,1216.4,290.3,1,Oliver Crawford
101661,1239.4,249.5,2,1343.8,284.8,1,1361.1,294.5,1,1500.0,350.0,0,Nicolas Becerra
104140,1239.4,220.0,3,1500.0,350.0,0,1330.5,247.8,2,1369.5,275.0,1,Dawid Olejniczak
101925,1239.0,308.8,1,1500.0,350.0,0,1268.1,303.2,1,1500.0,350.0,0,Massimo Boscatto
103715,1238.1,218.3,4,1345.2,278.1,1,1500.0,350.0,0,1297.4,296.3,2,Kirill Ivanov Smolensky
104629,1235.5,131.2,24,1297.9,163.0,14,1275.5,235.7,6,1238.1,362.7,4,Adrian Menendez Maceiras
102055,1235.0,258.7,3,1339.3,307.7,1,1328.6,280.0,1,1500.0,350.0,0,Bertrand Madsen
103843,1234.2,124.4,129,1239.8,180.7,89,1149.4,281.9,22,1309.2,231.5,15,Marco Chiudinelli
100431,1234.0,189.1,7,1316.3,249.8,4,1187.1,251.7,3,1500.0,350.0,0,Mansour Bahrami
101263,1233.9,157.1,38,1232.8,186.3,19,1266.9,255.2,10,1419.8,359.3,3,Luke Jensen
105656,1233.6,267.5,2,1299.7,316.9,1,1387.3,276.9,1,1500.0,350.0,0,Marcelo Arevalo
105842,1233.6,159.3,24,1196.5,163.9,24,1500.0,350.0,0,1500.0,350.0,0,Di Wu
102373,1233.5,314.5,1,1258.7,311.7,1,1500.0,350.0,0,1500.0,350.0,0,Toshiaki Sakai
124013,1232.5,231.3,2,1299.6,305.5,1,1320.5,249.7,1,1500.0,350.0,0,Eduardo Nava
101452,1232.5,297.7,1,1255.5,301.6,1,1500.0,350.0,0,1500.0,350.0,0,Greg Failla
101302,1232.1,265.2,2,1500.0,350.0,0,1373.5,304.5,1,1500.0,350.0,0,Ola Jonsson J092
106227,1232.0,237.3,3,1231.2,237.4,3,1500.0,350.0,0,1500.0,350.0,0,Ji Sung Nam
106291,1231.8,223.9,10,1136.6,269.9,4,1500.0,350.0,0,1375.5,331.3,6,Luke Saville
100826,1231.7,298.9,1,1500.0,350.0,0,1272.7,295.2,1,1500.0,350.0,0,Juan Antonio Rodriguez
100857,1231.4,185.2,14,1126.5,247.9,4,1251.0,243.0,7,1500.0,350.0,0,Sergio Casal
207608,1231.2,150.3,16,1225.3,209.1,10,1355.2,195.4,6,1500.0,350.0,0,Timofey Skatov
102600,1231.2,235.1,5,1500.0,350.0,0,1191.0,242.2,5,1500.0,350.0,0,David Miketa
104368,1230.1,221.6,6,1177.6,229.5,6,1500.0,350.0,0,1500.0,350.0,0,Daniel King Turner
104121,1230.1,170.4,9,1348.3,279.8,2,1249.1,194.1,6,1420.4,335.9,1,Tobias Summerer
117360,1230.0,146.7,23,1243.2,170.8,15,1428.4,318.4,5,1365.0,296.4,3,Marc Polmans
200436,1229.6,201.7,5,1249.6,235.7,2,1280.1,288.4,3,1500.0,350.0,0,Zsombor Piros
104873,1229.0,130.7,24,1280.1,187.6,12,1301.0,183.3,9,1280.0,275.7,3,Aleksandr Nedovyesov
200587,1228.9,120.3,18,1241.2,141.1,14,1380.5,320.6,1,1348.9,236.8,3,Brandon Holt
111576,1228.1,125.8,44,1191.9,167.2,22,1342.1,176.1,21,1245.2,319.6,1,Sumit Nagal
105229,1227.5,256.6,5,1262.2,257.2,5,1500.0,350.0,0,1500.0,350.0,0,Philip Bester
208485,1227.3,211.7,3,1205.8,217.5,3,1500.0,350.0,0,1500.0,350.0,0,Kiranpal Pannu
103676,1227.3,152.4,17,1173.9,219.8,9,1136.8,266.9,3,1419.8,257.2,5,Michael Yani
209406,1227.0,139.9,15,1259.7,163.1,9,1282.3,245.3,4,1285.5,309.2,2,Abedallah Shelbayh
102207,1226.9,291.2,2,1296.6,365.5,1,1362.5,281.8,1,1500.0,350.0,0,Jan Weinzierl
108593,1226.5,255.2,2,1233.5,264.9,2,1500.0,350.0,0,1500.0,350.0,0,Wing Luen Wong
104126,1225.9,245.4,3,1344.4,257.7,2,1500.0,350.0,0,1273.2,323.8,1,Adam Kennedy
102667,1225.7,169.3,20,1216.2,177.1,18,1500.0,350.0,0,1500.0,350.0,0,Satoshi Iwabuchi
105060,1225.5,240.0,3,1326.3,281.4,1,1303.4,281.2,2,1500.0,350.0,0,Aldin Setkic
106072,1225.3,194.6,9,1209.5,251.3,3,1332.8,269.0,6,1500.0,350.0,0,Alexey Vatutin
111806,1225.3,246.9,2,1191.8,259.0,2,1500.0,350.0,0,1500.0,350.0,0,Fajing Sun
102501,1224.6,223.1,3,1500.0,350.0,0,1318.2,290.9,1,1377.5,306.1,1,Johan Landsberg
102982,1224.5,217.3,4,1226.1,219.0,4,1500.0,350.0,0,1500.0,350.0,0,Yaoki Ishii
102382,1223.8,217.9,42,1238.3,242.0,16,1203.9,322.1,14,1359.2,310.8,12,Julian Knowle
104753,1223.7,169.1,8,1323.3,198.6,6,1357.6,284.5,1,1277.5,312.6,1,Woong Sun Jun
106198,1223.5,111.6,90,980.3,281.7,14,1291.0,131.6,72,980.2,409.5,4,Hugo Dellien
102529,1223.4,240.1,5,1265.0,284.4,4,1500.0,350.0,0,1337.4,309.9,1,Thomas Shimada
104563,1222.8,152.2,23,1192.8,191.7,10,1319.7,237.1,12,1156.2,403.7,1,Luca Vanni
103437,1222.7,266.6,2,1500.0,350.0,0,1174.2,303.2,2,1500.0,350.0,0,Francesco Piccari
104944,1222.6,212.2,3,1301.6,260.8,1,1371.7,311.2,1,1263.0,307.9,1,Niels Desein
100942,1222.2,130.9,22,1214.7,292.6,2,1274.8,144.5,20,1500.0,350.0,0,Thierry Tulasne
103131,1222.0,221.0,4,1223.6,225.4,4,1500.0,350.0,0,1500.0,350.0,0,Michihisa Onoda
212219,1222.0,243.1,2,1230.2,242.0,2,1500.0,350.0,0,1500.0,350.0,0,Mees Rottgering
144826,1222.0,195.9,4,1229.3,209.8,3,1401.9,312.3,1,1500.0,350.0,0,Aziz Dougaz
103105,1221.9,111.7,201,1258.8,220.1,36,1240.3,138.3,155,829.1,401.1,8,Ruben Ramirez Hidalgo
209875,1221.1,245.1,2,1500.0,350.0,0,1258.3,247.2,2,1500.0,350.0,0,Alex Barrena
101392,1221.0,247.5,2,1323.4,284.0,1,1379.8,309.4,1,1500.0,350.0,0,Dan Goldberg
209405,1220.9,215.7,3,1500.0,350.0,0,1260.7,233.9,3,1500.0,350.0,0,Daniel Rincon
102617,1220.9,249.4,4,1500.0,350.0,0,1193.6,250.6,4,1500.0,350.0,0,Kim Tiilikainen
107345,1220.5,307.1,1,1214.9,314.3,1,1500.0,350.0,0,1500.0,350.0,0,Jin So Lee
103657,1220.2,206.0,8,1264.1,272.7,5,1232.8,278.7,3,1500.0,350.0,0,Ivo Klec
107375,1219.9,275.7,1,1274.2,271.9,1,1500.0,350.0,0,1500.0,350.0,0,John Arbanas
200611,1219.8,182.7,10,1196.6,363.8,2,1260.5,204.2,8,1500.0,350.0,0,Elliot Benchetrit
144642,1219.0,118.0,31,1297.5,242.8,6,1274.6,140.4,22,1400.5,430.3,3,Tomas Barrios Vera
103894,1218.7,184.8,11,1206.3,190.7,11,1500.0,350.0,0,1500.0,350.0,0,Phillip King
210202,1218.7,178.1,9,1199.2,183.0,9,1500.0,350.0,0,1500.0,350.0,0,Rodrigo Pacheco Mendez
104136,1218.1,212.1,9,1307.4,437.8,1,1335.1,233.2,7,1176.1,337.4,1,Santiago Gonzalez
104501,1216.7,242.1,3,1220.8,246.7,3,1500.0,350.0,0,1500.0,350.0,0,Xin Yuan Yu
102239,1216.5,213.1,5,1343.0,262.8,2,1266.7,259.2,3,1500.0,350.0,0,Francisco Costa
103077,1215.3,159.0,14,1226.5,196.7,8,1441.9,219.2,3,1249.4,371.5,3,Konstantinos Economidis
104970,1215.2,189.8,17,1246.9,245.3,12,1188.8,343.3,3,1299.3,310.7,2,Matteo Viola
105233,1215.1,312.5,1,1215.4,323.7,1,1500.0,350.0,0,1500.0,350.0,0,Jeevan Nedunchezhiyan
102956,1215.0,220.4,9,1139.3,231.4,9,1500.0,350.0,0,1500.0,350.0,0,Sultan Khalfan
102502,1215.0,247.0,3,1230.8,244.0,3,1500.0,350.0,0,1500.0,350.0,0,Paul Harsanyi
105943,1214.6,151.8,18,1179.3,199.9,8,1338.5,220.3,10,1500.0,350.0,0,Federico Gaio
117356,1214.4,180.1,20,1283.0,185.4,13,1207.5,432.1,4,1272.2,399.1,3,Cem Ilkel
101020,1214.4,216.1,3,1500.0,350.0,0,1206.4,231.5,3,1500.0,350.0,0,Hans Schwaier
105432,1214.2,136.9,28,1158.2,153.9,21,1296.6,327.8,1,1331.4,302.6,6,Prajnesh Gunneswaran
101654,1213.8,263.8,2,1500.0,350.0,0,1345.1,328.4,1,1392.6,328.2,1,Michael Shyjan
102300,1212.1,148.9,39,1229.0,159.2,33,1500.0,350.0,0,1325.2,428.8,4,Gouichi Motomura
122078,1211.4,239.8,3,1222.8,243.1,3,1500.0,350.0,0,1500.0,350.0,0,Dmitry Popko
101650,1210.7,244.5,2,1190.4,250.8,2,1500.0,350.0,0,1500.0,350.0,0,Shane Barr
133975,1210.5,165.3,8,1198.4,230.1,4,1303.0,209.6,4,1500.0,350.0,0,Benjamin Hassan
104478,1210.5,249.0,2,1211.7,254.4,2,1500.0,350.0,0,1500.0,350.0,0,Hyun Woo Nam
206889,1209.9,260.9,2,1216.1,263.7,2,1500.0,350.0,0,1500.0,350.0,0,Clement Chidekh
122570,1209.7,246.3,5,1201.1,248.5,5,1500.0,350.0,0,1500.0,350.0,0,Mubarak Shannan Zayid
104505,1209.3,114.4,32,1011.0,157.1,21,1544.7,222.1,4,1237.4,315.3,5,Konstantin Kravchuk
104779,1209.1,159.1,19,1284.0,290.2,2,1500.0,350.0,0,1186.7,204.8,17,Jamie Baker
106105,1208.5,174.5,12,1210.7,301.0,1,1278.2,198.1,11,1500.0,350.0,0,Guilherme Clezar
200247,1208.5,206.2,7,1180.3,208.4,7,1500.0,350.0,0,1500.0,350.0,0,Alexandar Lazarov
208071,1207.5,200.5,3,1263.3,229.3,2,1359.3,286.4,1,1500.0,350.0,0,Oleksii Krutykh
207415,1207.1,215.0,3,1220.6,216.7,3,1500.0,350.0,0,1500.0,350.0,0,Daniel Michalski
103820,1206.8,175.8,11,1248.4,265.9,1,1336.9,269.1,2,1086.4,252.4,6,Alan Mackin
101953,1206.7,250.2,6,1213.5,265.9,5,1500.0,350.0,0,1500.0,350.0,0,Kentaro Masuda
105872,1206.2,168.4,13,1325.7,315.1,1,1211.5,186.7,12,1500.0,350.0,0,Christian Lindell
126652,1206.1,177.3,14,1301.7,322.6,1,1500.0,350.0,0,1152.5,214.2,13,Jay Clarke
124154,1205.9,251.8,3,1240.7,275.2,2,1500.0,350.0,0,1374.8,305.0,1,Sasi Kumar Mukund
111795,1205.7,212.7,3,1500.0,350.0,0,1241.7,223.6,3,1500.0,350.0,0,Filippo Baldi
106090,1205.7,242.0,2,1500.0,350.0,0,1350.3,288.0,1,1329.2,292.3,1,Daniel Berta
126204,1205.7,211.4,4,1188.5,213.7,4,1500.0,350.0,0,1500.0,350.0,0,Gerardo Lopez Villasenor
105180,1205.7,340.8,2,1500.0,350.0,0,1222.2,340.6,2,1500.0,350.0,0,Daniel Dutra Da Silva
100819,1205.6,307.8,1,1235.5,308.0,1,1500.0,350.0,0,1500.0,350.0,0,Daniel Montes De Oca
105131,1204.9,254.9,2,1500.0,350.0,0,1214.6,256.6,2,1500.0,350.0,0,Tim Goransson
105911,1204.5,272.2,2,1500.0,350.0,0,1240.4,271.6,2,1500.0,350.0,0,Andrea Collarini
202358,1204.3,108.1,42,1211.6,150.7,26,1298.1,159.6,13,997.7,310.9,3,Chun Hsin Tseng
111506,1204.2,229.6,3,1500.0,350.0,0,1181.7,241.7,3,1500.0,350.0,0,Maxime Hamou
103029,1203.8,210.1,11,1500.0,350.0,0,1194.8,221.9,11,1500.0,350.0,0,Mehdi Tahiri
134840,1203.1,267.0,2,1500.0,350.0,0,1213.2,271.5,2,1500.0,350.0,0,Raul Brancaccio
132482,1203.0,178.0,4,1199.9,182.6,4,1500.0,350.0,0,1500.0,350.0,0,Liam Caruana
103835,1202.9,131.5,385,933.4,281.9,67,1234.7,149.2,293,982.9,480.1,13,Filippo Volandri
105426,1201.3,255.4,2,1500.0,350.0,0,1229.4,265.7,2,1500.0,350.0,0,Michael Linzer
209890,1200.6,239.3,3,1500.0,350.0,0,1238.5,242.4,3,1500.0,350.0,0,Mili Poljicak
102818,1200.1,245.0,2,1500.0,350.0,0,1345.5,282.0,1,1246.7,283.3,1,Sergi Duran
102354,1200.0,246.0,5,1500.0,350.0,0,1245.5,305.9,2,1500.0,350.0,0,Jerome Hanquez
103007,1198.7,212.0,10,1500.0,350.0,0,1248.7,215.5,10,1500.0,350.0,0,Mounir El Aarej
126120,1198.6,196.0,9,1320.0,252.7,3,1240.6,231.9,6,1500.0,350.0,0,Nino Serdarusic
101573,1196.6,208.4,5,1302.3,238.5,3,1500.0,350.0,0,1500.0,350.0,0,Carl Chang
102405,1196.5,178.3,16,1260.2,208.7,12,1500.0,350.0,0,1080.8,290.5,3,Mahesh Bhupathi
104804,1196.2,205.6,6,1187.7,232.5,5,1500.0,350.0,0,1324.0,322.1,1,Amir Weintraub
101280,1196.1,208.6,8,1230.1,370.4,1,1500.0,350.0,0,1316.4,335.7,1,Mikael Stadling
105731,1195.6,197.3,12,1241.2,277.4,5,1115.9,245.1,7,1500.0,350.0,0,Steven Diez
104619,1195.6,149.0,30,1211.8,184.6,17,1234.2,335.7,5,1353.3,295.3,8,Jesse Huta Galung
144972,1195.4,188.0,6,1200.8,226.2,5,1338.3,282.5,1,1500.0,350.0,0,Geoffrey Blancaneaux
105283,1193.2,214.9,4,1500.0,350.0,0,1253.9,224.1,4,1500.0,350.0,0,Gerard Granollers
102304,1192.4,167.1,30,1257.4,195.4,22,1201.4,280.8,3,1215.2,411.0,4,Grant Doyle
104233,1192.0,196.3,11,1204.1,243.0,7,1398.3,327.9,1,1260.1,345.7,3,Frederik Nielsen
102214,1191.8,174.0,10,1313.4,222.9,4,1316.0,261.8,3,1350.7,318.6,1,Oscar Ortiz
123921,1191.7,213.2,12,1151.2,262.9,4,1312.7,292.3,8,1500.0,350.0,0,Calvin Hemery
104444,1190.1,272.9,1,1195.3,282.0,1,1500.0,350.0,0,1500.0,350.0,0,Ryan Henry
208819,1189.2,214.5,4,1500.0,350.0,0,1191.4,223.6,4,1500.0,350.0,0,Max Hans Rehberg
106412,1188.7,201.5,6,1131.9,210.8,6,1500.0,350.0,0,1500.0,350.0,0,Lucas Gomez
101765,1188.3,188.8,12,1232.2,267.5,7,1181.2,258.8,5,1500.0,350.0,0,Tomas Anzari
106174,1188.0,250.4,4,1378.3,306.4,1,1263.5,278.2,3,1500.0,350.0,0,Gonzalo Lama
103926,1186.2,107.9,37,1330.7,178.9,10,1111.3,144.5,27,1500.0,350.0,0,Daniel Munoz de la Nava
101383,1184.8,194.2,6,1580.9,302.4,2,1173.1,311.1,2,1500.0,350.0,0,Stephane Sansoni
100920,1184.7,191.6,7,1279.3,205.9,5,1500.0,350.0,0,1500.0,350.0,0,Robert Seguso
102921,1184.1,151.0,15,1169.2,183.5,10,1234.0,280.6,2,1360.7,264.5,3,Ota Fukarek
103914,1183.7,254.3,10,1193.1,257.5,10,1500.0,350.0,0,1500.0,350.0,0,Omar Awadhy
104770,1183.2,175.0,21,1247.1,304.0,6,1178.9,225.6,11,1427.8,304.2,4,Martin Fischer
102132,1183.1,192.1,11,1160.9,302.8,5,1285.6,215.3,6,1500.0,350.0,0,Ivan Baron
104095,1181.8,185.8,18,1185.1,206.3,14,1275.7,362.4,3,1500.0,350.0,0,David Guez
126125,1181.5,213.3,6,1316.3,338.8,1,1297.9,264.6,4,1304.1,270.5,1,Maxime Janvier
104893,1181.4,219.5,2,1149.8,221.8,2,1500.0,350.0,0,1500.0,350.0,0,Maxime Authom
104550,1180.9,202.3,5,1388.9,271.8,1,1198.1,232.4,4,1500.0,350.0,0,Ricardo Hocevar
133018,1180.7,163.7,10,1158.6,166.3,10,1500.0,350.0,0,1500.0,350.0,0,Michail Pervolarakis
106244,1179.7,228.6,3,1500.0,350.0,0,1500.0,350.0,0,1175.8,241.9,3,Oliver Golding
103468,1178.5,239.8,3,1226.5,263.7,2,1500.0,350.0,0,1356.8,299.2,1,Harsh Mankad
102023,1178.3,180.5,21,1124.1,231.0,12,1300.0,448.3,2,1326.3,273.9,2,Petr Luxa
211902,1177.2,198.0,3,1500.0,350.0,0,1500.0,350.0,0,1232.1,232.0,3,Henry Searle
106057,1176.2,317.7,1,1231.8,318.3,1,1500.0,350.0,0,1500.0,350.0,0,Facundo Mena
117361,1176.0,161.2,9,1219.2,204.4,5,1195.2,305.0,2,1468.8,279.3,2,Akira Santillan
106325,1175.9,243.0,4,1201.1,247.0,4,1500.0,350.0,0,1500.0,350.0,0,Jabor Al Mutawa
100978,1175.3,161.6,13,1321.1,250.7,5,1445.8,302.2,1,1129.8,215.4,7,Andrew Castle
103799,1174.9,159.3,20,1232.9,211.4,3,1209.4,183.3,17,1500.0,350.0,0,Eric Prodon
102883,1174.7,290.5,1,1500.0,350.0,0,1500.0,350.0,0,1223.1,291.8,1,Tom Spinks
104868,1171.4,169.5,65,1220.6,389.7,20,1216.2,513.1,3,1096.4,193.4,42,James Ward
104831,1171.1,183.4,6,1202.8,275.8,2,1227.6,218.2,4,1500.0,350.0,0,Bartolome Salva Vidal
102282,1170.2,273.2,3,1179.6,300.3,2,1500.0,350.0,0,1500.0,350.0,0,Tetsuya Chaen
212216,1166.4,265.1,2,1139.3,276.0,2,1500.0,350.0,0,1500.0,350.0,0,Trevor Svajda
101577,1166.3,202.9,8,1350.9,321.3,2,1500.0,350.0,0,1500.0,350.0,0,Jia Ping Xia
101329,1166.2,201.0,6,1171.7,250.2,3,1239.1,265.7,3,1500.0,350.0,0,Christer Allgardh
106293,1166.0,194.5,14,1269.5,230.1,8,1129.4,372.1,4,1332.6,382.3,2,Kimmer Coppejans
105030,1165.3,211.6,11,1172.4,226.5,10,1317.4,371.1,1,1500.0,350.0,0,Michael Venus
101366,1164.6,233.1,4,1198.9,243.9,3,1500.0,350.0,0,1500.0,350.0,0,David Macpherson
210317,1164.5,162.2,8,1207.5,202.5,6,1500.0,350.0,0,1209.4,261.0,2,James Mccabe
207785,1162.2,206.9,4,1500.0,350.0,0,1500.0,350.0,0,1116.5,230.4,4,George Loffhagen
101238,1161.8,161.1,12,1198.9,328.7,2,1264.4,161.2,10,1500.0,350.0,0,Andres Vysand
100321,1160.7,227.3,4,1237.3,262.6,3,1500.0,350.0,0,1299.0,300.1,1,Vijay Amritraj
104535,1160.3,268.9,4,1408.5,282.5,1,1222.1,284.5,3,1500.0,350.0,0,Daniel Garza
111459,1159.8,219.6,4,1102.1,230.3,4,1500.0,350.0,0,1500.0,350.0,0,Arjun Kadhe
100727,1154.7,184.8,7,1299.3,287.8,1,1183.9,204.1,6,1500.0,350.0,0,Raul Antonio Viver
101327,1154.7,212.1,10,1265.4,293.2,3,1312.7,275.3,4,1279.9,298.5,2,Cyril Suk
105436,1154.6,216.5,4,1248.0,330.5,1,1268.3,233.6,3,1500.0,350.0,0,Markus Eriksson
105155,1152.2,141.8,36,1194.2,230.2,8,1230.1,178.3,27,1340.1,300.9,1,Pedro Sousa
200711,1150.3,242.8,3,1170.5,253.8,3,1500.0,350.0,0,1500.0,350.0,0,Nicolas Mejia
101338,1149.3,178.4,8,1286.0,306.8,2,1209.7,218.2,5,1500.0,350.0,0,Olivier Soules
101420,1148.3,213.4,9,1316.7,347.8,2,1229.1,214.1,7,1500.0,350.0,0,Vaclav Roubicek
102795,1146.9,192.5,15,1150.0,222.4,11,1353.8,314.4,2,1216.4,358.0,2,Scott Humphries
121411,1144.5,221.0,4,1269.5,215.0,3,1141.2,342.4,1,1500.0,350.0,0,Moez Echargui
101906,1143.1,218.0,12,1183.0,228.0,9,1500.0,350.0,0,1500.0,350.0,0,Yasufumi Yamamoto
111436,1137.6,273.4,2,1208.4,264.0,2,1500.0,350.0,0,1500.0,350.0,0,Nick Chappell
105559,1137.1,274.6,4,1307.3,278.2,1,1227.6,319.5,3,1500.0,350.0,0,Jonathan Eysseric
111454,1136.5,153.6,14,1102.0,184.7,10,1500.0,350.0,0,1318.8,254.2,4,Li Tu
106093,1136.0,230.4,5,1146.8,229.8,5,1500.0,350.0,0,1500.0,350.0,0,Benjamin Mitchell
111515,1133.6,212.5,7,1164.8,214.7,6,1500.0,350.0,0,1346.2,416.6,1,Thai Son Kwiatkowski
104896,1130.7,313.0,1,1167.1,312.6,1,1500.0,350.0,0,1500.0,350.0,0,Bruno Agostinelli
126340,1129.1,178.4,10,1141.2,181.4,10,1500.0,350.0,0,1500.0,350.0,0,Viktor Durasovic
208119,1128.0,181.8,4,1130.9,196.8,3,1351.4,309.1,1,1500.0,350.0,0,Liam Draxl
126612,1127.4,224.3,3,1130.3,227.0,3,1500.0,350.0,0,1500.0,350.0,0,Alexander Cozbinov
200516,1126.0,138.2,18,1250.1,162.7,13,1012.1,252.8,5,1500.0,350.0,0,Patrick Kypson
105757,1120.4,266.0,3,1500.0,350.0,0,1124.0,303.1,3,1500.0,350.0,0,Sandro Ehrat
209916,1115.9,206.2,7,1306.2,285.8,1,1153.1,238.2,6,1500.0,350.0,0,Marko Topo
106032,1107.6,205.7,17,1259.9,374.6,2,1172.4,216.0,14,1356.7,385.0,1,Facundo Arguello
104623,1100.8,208.5,12,1331.8,384.6,1,1500.0,350.0,0,1142.9,213.0,11,Josh Goodall
104945,1099.1,251.0,3,1142.5,248.7,3,1500.0,350.0,0,1500.0,350.0,0,James Mcgee
105441,1098.4,164.3,27,1023.0,197.4,18,1500.0,350.0,0,1303.9,302.3,9,John Patrick Smith
105638,1095.4,227.1,5,1500.0,350.0,0,1500.0,350.0,0,1073.0,243.7,5,Daniel Cox
100740,1095.1,184.7,7,1150.6,234.6,3,1365.6,297.8,1,1500.0,350.0,0,Dan Cassidy
100437,1094.3,170.3,12,1102.3,228.8,5,1226.0,244.2,5,1500.0,350.0,0,Bjorn Borg
100619,1069.5,258.8,4,1500.0,350.0,0,1070.8,259.3,4,1500.0,350.0,0,George Kalovelonis
106362,1060.7,221.2,8,1129.4,248.0,5,1205.9,412.2,2,1257.8,298.8,1,Laurent Lokoli
104905,1057.7,275.8,4,1040.6,283.1,4,1500.0,350.0,0,1500.0,350.0,0,Nicolas Barrientos
104810,1009.9,233.9,11,1003.0,239.1,11,1500.0,350.0,0,1500.0,350.0,0,Zhe Li
