player_id,general_rating,general_rd,general_n,hard_rating,hard_rd,hard_n,clay_rating,clay_rd,clay_n,grass_rating,grass_rd,grass_n,full_name
200414,2170.5,74.9,572,2133.8,124.1,224,2220.4,160.6,157,2117.5,191.3,57,Steffi Graf
200652,2074.4,81.9,653,2110.1,115.8,360,2059.9,161.4,154,1923.2,286.3,42,Monica Seles
200003,1988.9,93.8,546,2016.3,125.4,309,1985.2,171.5,142,1979.5,245.7,64,Justine Henin
200128,1931.9,94.1,890,1972.7,104.0,579,1910.2,299.6,137,1986.2,411.8,70,Lindsay Davenport
200001,1930.8,77.2,645,1954.3,92.1,379,1981.5,242.9,136,1732.0,235.8,34,Martina Hingis
200572,1926.2,80.7,422,1938.0,94.1,202,1915.0,225.4,119,1961.5,318.7,36,Gabriela Sabatini
214544,1891.1,67.2,539,1965.1,85.4,362,1754.6,128.6,123,1755.3,234.8,54,Aryna Sabalenka
200539,1890.8,76.2,562,1831.6,111.8,207,1825.3,154.2,129,2038.3,256.5,75,Jana Novotna
200077,1884.9,71.8,578,1886.9,93.7,299,1871.2,136.3,167,1902.6,218.6,61,Jennifer Capriati
200401,1856.7,71.6,227,1915.7,109.6,90,1715.8,187.8,57,1425.0,276.8,6,Manuela Maleeva Fragniere
200017,1851.8,69.2,830,1849.5,102.7,382,1906.7,118.6,321,1832.1,454.1,67,Arantxa Sanchez Vicario
200597,1847.4,107.6,446,1849.2,128.8,223,1884.0,187.7,111,1754.2,354.4,52,Mary Joe Fernandez
214981,1813.5,62.2,416,1856.1,80.8,276,1754.6,130.0,93,1692.6,272.1,47,Elena Rybakina
216347,1802.9,65.4,425,1782.8,88.3,264,1840.9,123.3,128,1834.5,249.1,33,Iga Swiatek
200096,1801.4,82.3,679,1802.0,94.9,306,1832.9,265.5,227,1731.4,305.1,39,Mary Pierce
221103,1800.6,62.8,381,1806.7,85.2,245,1812.4,119.0,103,1516.2,298.9,33,Coco Gauff
200081,1790.2,65.0,596,1797.1,95.7,269,1713.7,144.1,141,1713.0,219.5,44,Anke Huber
203094,1787.0,129.7,30,1799.1,132.2,30,1500.0,350.0,0,1500.0,350.0,0,Petra Russegger
259799,1780.9,59.3,174,1695.6,90.5,90,1908.0,103.3,70,1537.1,286.2,14,Mirra Andreeva
202494,1774.0,62.6,663,1756.1,89.2,443,1833.0,112.6,164,1591.6,266.3,53,Elina Svitolina
200065,1773.1,67.9,639,1856.4,96.6,339,1746.7,158.4,161,1708.4,177.4,63,Amelie Mauresmo
201364,1772.2,80.4,210,1798.4,86.5,149,1778.0,260.7,27,1566.3,293.0,19,Tatiana Golovin
260765,1756.1,221.4,5,1500.0,350.0,0,1785.9,223.0,5,1500.0,350.0,0,Alisa Oktiabreva
200108,1744.3,62.6,718,1828.8,73.2,423,1726.7,170.1,155,1690.1,373.3,61,Elena Dementieva
200097,1741.9,61.9,691,1751.9,90.9,270,1469.2,204.6,123,1897.3,187.4,129,Nathalie Tauziat
239475,1739.7,67.2,65,1787.7,85.2,50,1639.6,140.3,13,1507.1,339.6,2,Victoria Mboko
202014,1734.8,196.4,5,1746.6,198.7,5,1500.0,350.0,0,1500.0,350.0,0,Maria Eugenia Vento
201336,1734.1,72.1,462,1703.0,89.5,260,1786.1,161.9,137,1600.4,319.2,40,Dinara Safina
201474,1733.2,73.8,749,1741.0,96.5,532,1607.7,278.7,120,1755.0,179.5,93,Agnieszka Radwanska
200482,1731.1,78.9,367,1740.6,134.0,147,1700.3,131.1,132,1747.3,208.7,29,Judith Wiesner
202458,1731.0,71.0,267,1742.1,82.4,173,1663.7,155.7,52,1765.9,196.1,42,Ashleigh Barty
201421,1729.7,71.8,631,1740.9,104.0,428,1694.7,156.1,132,1638.0,236.6,64,Ana Ivanovic
214096,1728.0,65.7,253,1777.1,81.8,181,1630.6,153.9,51,1457.5,288.6,21,Karolina Muchova
200116,1727.5,121.3,492,1748.7,169.9,196,1739.7,168.7,128,1770.0,222.5,81,Natalia Zvereva
260664,1722.6,181.2,9,1500.0,350.0,0,1749.2,179.7,9,1500.0,350.0,0,Elizara Yaneva
202468,1721.3,62.6,418,1753.9,80.6,298,1668.2,125.0,84,1562.2,267.6,36,Jessica Pegula
200772,1719.8,89.2,376,1658.5,115.6,204,1658.2,171.4,87,1795.9,197.9,51,Anastasia Myskina
216146,1705.4,64.9,258,1647.5,92.9,169,1831.1,107.8,66,1364.6,276.8,23,Marta Kostyuk
211768,1705.3,69.5,355,1725.1,96.3,259,1677.6,117.5,64,1497.2,245.4,32,Naomi Osaka
202505,1701.4,65.7,495,1719.2,87.5,328,1635.4,122.3,92,1714.9,268.7,75,Belinda Bencic
200112,1698.1,66.7,491,1702.3,92.6,253,1734.7,208.4,144,1672.6,214.2,40,Julie Halard Decugis
216153,1697.5,70.3,268,1725.9,78.4,168,1490.0,181.1,67,1746.7,218.2,33,Amanda Anisimova
200049,1696.6,70.2,889,1701.2,91.9,398,1733.8,173.2,336,1597.0,222.5,67,Conchita Martinez
200113,1689.2,80.3,303,1717.4,102.8,146,1653.0,185.8,70,1543.4,357.6,23,Anna Kournikova
221265,1687.9,218.5,5,1500.0,350.0,0,1769.5,218.3,5,1500.0,350.0,0,Ikumi Yamazaki
200601,1687.7,112.8,225,1729.4,214.9,102,1693.4,203.4,84,1258.1,451.8,7,Leila Meskhi
200033,1682.6,97.2,988,1725.5,132.2,627,1662.7,219.9,212,1460.8,321.8,123,Serena Williams
201419,1682.2,68.1,494,1724.9,94.9,325,1688.6,152.5,109,1711.9,191.7,54,Na Li
200086,1681.7,70.9,651,1653.9,104.9,246,1648.8,176.6,175,1638.1,204.3,66,Magdalena Maleeva
200455,1681.6,93.9,268,1698.2,160.5,117,1520.7,193.1,72,1588.2,343.1,17,Katerina Maleeva
200069,1681.4,84.4,714,1706.7,107.9,428,1625.8,197.5,168,1633.9,276.9,79,Nadia Petrova
201619,1680.5,68.9,567,1680.2,93.4,352,1687.8,127.7,144,1611.9,251.4,71,Madison Keys
214954,1675.1,80.5,274,1679.4,100.9,169,1610.3,187.2,73,1677.8,191.9,32,Marketa Vondrousova
221012,1668.6,79.1,210,1698.9,111.8,130,1679.0,138.4,65,1409.7,270.1,15,Qinwen Zheng
200644,1666.6,73.3,309,1671.2,101.6,193,1574.3,172.8,62,1627.1,218.1,36,Naoko Sawamatsu
201345,1663.9,92.7,763,1646.3,113.0,459,1809.2,276.5,178,1280.7,342.9,102,Maria Sharapova
200037,1659.0,74.3,476,1690.9,103.7,224,1581.6,166.9,95,1624.0,211.2,39,Sabine Appelmans
201355,1657.7,63.9,688,1684.5,81.0,373,1601.8,177.2,253,1297.2,237.3,55,Flavia Pennetta
201514,1655.8,60.8,713,1644.3,85.5,432,1691.2,105.7,212,1078.3,353.2,67,Sorana Cirstea
200723,1654.7,89.5,452,1602.8,124.1,166,1689.4,165.7,161,1571.9,330.2,21,Iva Majoli
200064,1653.4,76.7,771,1665.1,96.0,415,1610.4,182.6,230,1465.5,266.9,44,Amanda Coetzer
200039,1651.0,99.6,571,1671.3,114.3,333,1630.8,314.1,113,1642.4,402.0,59,Chanda Rubin
203901,1647.7,121.6,20,1500.0,350.0,0,1851.2,138.2,18,1284.0,280.0,2,Mira Radu
201294,1646.5,66.0,658,1692.3,104.2,442,1430.6,146.0,116,1823.4,166.4,80,Marion Bartoli
203084,1642.7,125.2,26,1663.4,130.5,26,1500.0,350.0,0,1500.0,350.0,0,Daniela Olivera
201837,1641.4,257.7,2,1500.0,350.0,0,1528.3,286.0,2,1500.0,350.0,0,Sandra Waechtershauser
216081,1637.8,104.2,21,1372.3,179.6,7,1732.3,140.8,12,1468.0,397.3,2,Maja Chwalinska
215713,1637.3,63.1,290,1531.8,97.3,185,1758.9,108.9,83,1432.1,361.2,22,Anastasia Potapova
201425,1635.1,74.1,621,1618.1,109.0,375,1610.5,182.2,166,1549.2,172.9,64,Lucie Safarova
201495,1634.9,74.0,629,1652.3,103.7,437,1535.0,155.1,123,1602.3,251.0,63,Dominika Cibulkova
201594,1634.3,124.9,641,1590.4,139.7,385,1686.0,258.5,189,1769.7,266.8,64,Simona Halep
223670,1633.4,61.7,173,1564.7,89.0,101,1674.1,109.0,52,1567.1,284.7,20,Diana Shnaider
201400,1632.8,161.5,239,1641.9,170.5,158,1556.4,361.5,43,1652.4,414.2,28,Nicole Vaidisova
260565,1630.4,239.3,4,1500.0,350.0,0,1630.4,239.3,4,1500.0,350.0,0,Lidia Encheva
200604,1630.3,72.0,263,1559.5,130.7,105,1659.4,121.3,100,1401.9,302.2,7,Barbara Paulus
260598,1629.6,212.0,5,1500.0,350.0,0,1643.1,220.0,5,1500.0,350.0,0,Tessa Johanna Brockmann
266671,1628.3,145.3,14,1293.9,268.9,2,1732.1,174.1,12,1500.0,350.0,0,Laura Samson
260300,1626.7,65.5,61,1611.9,93.6,43,1585.3,121.7,17,1265.9,355.8,1,Iva Jovic
200653,1626.7,108.0,286,1576.6,149.8,165,1454.6,306.1,26,1813.6,204.1,63,Yayuk Basuki
200699,1626.6,110.5,156,1507.1,154.8,67,1409.7,213.9,18,1774.5,199.8,40,Meredith Mcgrath
222328,1625.4,64.9,177,1633.1,86.9,121,1522.5,136.7,35,1634.3,261.4,21,Linda Noskova
201662,1623.7,77.9,661,1565.2,122.2,442,1624.8,127.8,139,1537.8,300.7,80,Karolina Pliskova
210722,1619.5,66.5,506,1611.7,89.3,327,1561.5,134.4,117,1642.9,261.4,62,Elise Mertens
200080,1618.9,65.8,364,1627.4,93.1,173,1494.9,153.6,71,1680.8,202.1,43,Dominique Monami
202469,1617.8,78.0,486,1647.3,95.7,335,1552.0,213.9,100,1438.5,240.1,51,Garbine Muguruza
201403,1614.8,94.9,317,1659.6,117.5,207,1428.6,201.3,59,1632.2,302.5,37,Anna Chakvetadze
201505,1613.0,76.2,476,1606.6,91.3,314,1475.2,223.7,90,1667.1,232.0,70,Kate Makarova
201602,1611.4,203.4,5,1604.2,215.5,5,1500.0,350.0,0,1500.0,350.0,0,Beatrice Capra
247669,1610.3,188.6,5,1500.0,350.0,0,1536.0,205.7,5,1500.0,350.0,0,Veronika Podrez
201496,1606.9,76.3,890,1632.3,109.6,631,1514.3,221.1,169,1738.8,206.3,90,Caroline Wozniacki
202788,1604.7,138.7,22,1636.7,141.6,22,1500.0,350.0,0,1500.0,350.0,0,Kildine Chevalier
201373,1599.4,79.2,513,1630.8,126.9,351,1558.7,160.9,102,1466.0,208.4,51,Maria Kirilenko
200664,1597.4,87.5,57,1554.1,111.5,30,1358.3,378.1,5,1249.5,387.9,3,Stephanie Rehe
201083,1597.3,111.0,136,1642.2,138.6,86,1453.6,209.8,18,1507.0,264.2,17,Daja Bedanova
200378,1596.9,97.9,43,1549.1,124.1,22,1500.0,350.0,0,1559.0,217.4,10,Anne Smith
201635,1593.4,176.5,6,1500.0,350.0,0,1622.7,186.1,6,1500.0,350.0,0,Betina Jozami
202219,1593.0,160.2,22,1616.0,169.4,22,1500.0,350.0,0,1500.0,350.0,0,Keiko Nagatomi
200051,1592.2,76.9,358,1580.2,124.5,126,1609.4,166.6,132,1558.3,265.3,36,Irina Spirlea
200006,1591.0,80.6,345,1624.3,122.6,155,1536.6,146.3,114,1314.4,242.8,19,Karina Habsudova
214939,1590.9,63.6,249,1591.1,86.1,172,1573.8,118.5,54,1455.1,328.8,23,Anna Kalinskaya
200111,1588.0,88.1,135,1566.7,120.2,73,1565.9,219.9,28,1486.7,216.4,19,Lina Krasnoroutskaya
266531,1587.3,206.4,5,1592.3,209.9,5,1500.0,350.0,0,1500.0,350.0,0,Tiantsoa Sarah Rakotomanga Rajaonah
214263,1586.9,93.9,76,1596.9,100.7,60,1402.9,306.3,11,1495.7,433.8,5,Catherine Cartan Bellis
210622,1586.2,173.5,10,1606.6,236.8,4,1576.0,217.7,6,1500.0,350.0,0,Andrea Lazaro Garcia
200422,1584.2,79.3,100,1612.8,106.1,58,1617.0,162.3,26,1349.9,486.4,3,Raffaella Reggi Concato
201335,1583.9,87.4,57,1487.4,119.1,26,1683.8,164.4,22,1506.5,260.5,5,Myriam Casanova
201504,1583.5,84.2,559,1591.8,114.3,353,1447.9,163.9,156,1558.2,246.8,46,Julia Goerges
200404,1582.7,90.9,330,1540.8,135.9,141,1225.3,265.6,36,1903.2,305.3,64,Zina Garrison
202946,1582.6,155.5,11,1610.0,156.6,11,1500.0,350.0,0,1500.0,350.0,0,Christina Zachariadou
201572,1581.3,111.9,25,1556.4,151.9,13,1410.1,212.5,5,1671.4,230.1,7,Regina Kulikova
200417,1580.3,95.1,235,1494.4,138.0,130,1205.5,370.2,21,1749.3,157.1,50,Gigi Fernandez
200548,1579.9,75.6,214,1581.1,106.9,124,1455.7,190.6,19,1552.0,214.5,36,Patty Fendick
201515,1579.7,83.3,199,1605.1,107.5,137,1512.4,189.0,43,1555.3,340.2,15,Alisa Kleybanova
201418,1578.9,128.2,31,1581.3,134.9,29,1570.1,329.4,2,1500.0,350.0,0,Ting Li
201352,1578.0,108.1,218,1577.2,158.0,140,1403.4,209.0,39,1580.6,269.1,35,Akiko Morigami
200630,1577.7,80.7,150,1546.6,119.3,76,1673.3,202.1,31,1528.6,221.1,15,Laura Arraya
206252,1577.7,81.3,261,1591.8,107.4,162,1426.5,173.5,67,1719.4,221.4,32,Barbora Krejcikova
201206,1577.5,132.9,15,1624.2,165.8,11,1380.1,276.7,1,1171.7,321.4,1,Allison Bradshaw
214600,1577.4,259.0,3,1500.0,350.0,0,1577.4,259.0,3,1500.0,350.0,0,Georgia Andreea Craciun
200651,1577.0,82.6,265,1430.3,116.6,90,1717.7,132.4,167,1423.3,633.0,4,Sabine Hack
200027,1576.0,84.5,374,1525.6,111.3,148,1649.7,193.5,141,1579.1,239.4,48,Magui Serna
200667,1575.9,85.0,195,1470.9,176.6,56,1634.4,135.1,97,1724.3,183.6,35,Ines Gorrochategui
202987,1575.4,170.2,20,1620.2,172.7,20,1500.0,350.0,0,1500.0,350.0,0,Maiko Inoue
202283,1574.0,171.0,10,1561.3,198.5,8,1500.0,350.0,0,1500.0,350.0,0,Anouska Van Exel
200700,1573.9,69.9,675,1467.1,111.6,257,1637.3,150.3,263,1523.9,224.2,55,Silvia Farina Elia
200094,1573.9,98.5,428,1517.7,160.6,175,1567.7,147.7,147,1509.2,236.7,37,Barbara Rittner
232881,1573.0,198.5,6,1500.0,350.0,0,1586.2,203.9,6,1500.0,350.0,0,Cristina Diaz Adrover
201458,1572.8,75.7,831,1610.3,108.2,563,1546.3,154.2,178,1513.6,219.2,89,Victoria Azarenka
211533,1572.7,64.7,502,1519.4,92.7,317,1586.3,125.3,110,1559.1,322.3,75,Jelena Ostapenko
263858,1572.1,257.3,3,1572.1,257.3,3,1500.0,350.0,0,1500.0,350.0,0,Celia Anson Sanchez
201386,1571.9,84.5,414,1568.9,110.7,269,1529.8,199.8,92,1517.2,190.4,46,Jie Zheng
203389,1571.5,71.1,291,1494.3,106.7,189,1674.7,130.9,80,1517.5,198.0,22,Danielle Collins
221024,1570.2,67.5,117,1519.2,93.2,74,1606.0,133.9,39,1410.4,353.2,4,Hailey Baptiste
202328,1569.9,207.2,3,1500.0,350.0,0,1568.1,231.4,3,1500.0,350.0,0,Lana Popadic
200469,1569.4,91.3,223,1535.5,122.9,133,1542.4,195.7,53,1470.3,280.9,23,Nicole Bradtke
206368,1567.7,64.0,345,1560.9,85.8,216,1527.9,159.5,86,1552.2,188.4,43,Veronika Kudermetova
211148,1567.7,65.8,310,1573.4,85.3,188,1497.0,142.8,101,1493.0,282.3,21,Jasmine Paolini
215807,1567.1,228.8,4,1574.4,232.9,4,1500.0,350.0,0,1500.0,350.0,0,Manon Leonard
221362,1566.7,226.3,4,1582.5,227.8,4,1500.0,350.0,0,1500.0,350.0,0,Hiromi Abe
214521,1565.8,156.0,11,1500.0,350.0,0,1561.2,162.6,11,1500.0,350.0,0,Lea Boskovic
202427,1565.4,80.5,297,1590.3,110.8,178,1422.4,157.0,48,1671.2,258.4,71,Johanna Konta
202149,1564.0,109.2,26,1500.0,350.0,0,1355.5,347.6,1,1632.3,122.4,25,Eva Krejcova
222391,1563.6,104.0,26,1430.0,202.0,8,1575.4,140.2,18,1500.0,350.0,0,Lois Boisson
221054,1563.6,74.9,159,1572.6,91.3,107,1412.4,194.6,26,1666.3,257.7,26,Emma Raducanu
200107,1563.2,89.4,403,1482.3,109.2,151,1624.9,178.5,217,1477.2,303.2,22,Paola Suarez
200684,1562.7,86.8,233,1591.9,112.1,183,1470.6,189.3,28,1403.1,305.9,8,Shi Ting Wang
200764,1561.3,123.3,236,1585.7,141.7,133,1545.0,297.2,54,1503.2,555.6,22,Elena Bovina
202280,1560.4,157.1,15,1585.7,174.8,13,1461.9,260.6,2,1500.0,350.0,0,Olga Kalyuzhnaya
202080,1559.6,246.9,2,1550.7,250.2,2,1500.0,350.0,0,1500.0,350.0,0,Danielle Scott
203119,1559.3,134.4,28,1572.3,135.1,28,1500.0,350.0,0,1500.0,350.0,0,Melisa Arevalo
200109,1558.0,77.8,560,1575.9,117.7,302,1457.3,190.2,136,1536.6,230.1,67,Nathalie Dechy
200660,1557.1,100.0,250,1600.8,146.2,138,1406.3,231.5,28,1453.7,230.9,34,Kimberly Po Messerli
200048,1556.6,86.4,695,1507.7,116.8,359,1507.5,213.2,150,1616.5,212.6,81,Elena Likhovtseva
201424,1556.0,94.0,475,1549.1,112.2,327,1543.4,192.1,110,1435.4,326.3,31,Shahar Peer
200612,1556.0,107.7,197,1603.9,162.8,126,1443.3,197.0,32,1457.1,237.1,19,Natalia Medvedeva
200120,1555.7,82.6,385,1571.4,97.0,195,1432.4,209.2,109,1531.2,300.7,47,Jelena Dokic
200098,1555.1,94.1,367,1567.8,116.9,154,1574.1,211.2,168,1326.1,388.5,18,Henrieta Nagyova
200018,1554.6,136.4,18,1355.7,292.7,2,1561.5,174.5,13,1500.0,350.0,0,Julia Abe
201463,1554.6,194.5,5,1449.2,247.6,3,1548.0,247.0,2,1500.0,350.0,0,Anda Perianu
201085,1554.4,79.0,246,1562.2,111.1,152,1499.2,176.7,49,1490.4,243.4,30,Shinobu Asagoe
238184,1554.0,87.5,28,1592.7,106.2,22,1406.7,183.7,6,1500.0,350.0,0,Tereza Valentova
201201,1553.8,175.2,22,1595.2,218.5,17,1500.0,350.0,0,1599.5,229.4,5,Surina De Beer
201065,1553.6,235.1,2,1500.0,350.0,0,1543.2,236.9,2,1500.0,350.0,0,Virginie Buisson
200032,1552.8,80.3,486,1558.9,103.4,227,1565.0,163.0,174,1446.7,264.6,23,Barbara Schett
266376,1552.7,213.0,3,1552.6,217.3,3,1500.0,350.0,0,1500.0,350.0,0,Mia Pohankova
200655,1552.5,109.0,137,1509.4,233.3,76,1421.6,182.9,17,1632.4,182.1,36,Nicole Arendt
201497,1551.8,105.3,206,1530.8,149.2,94,1640.2,205.9,91,1379.2,273.5,11,Agnes Szavay
200041,1551.5,74.8,649,1589.5,97.7,443,1243.7,201.5,71,1590.9,226.5,57,Amy Frazier
200501,1551.5,77.9,261,1541.5,96.2,175,1301.3,260.9,22,1378.9,307.1,20,Marianne Werdel Witmeyer
204426,1551.3,77.8,341,1587.1,117.3,227,1464.3,143.4,78,1385.4,225.8,36,Anett Kontaveit
200026,1550.5,86.0,357,1578.6,133.4,181,1519.7,138.9,132,1529.1,279.3,24,Florencia Labat
201493,1549.9,76.6,751,1522.5,133.7,473,1572.5,131.8,152,1254.8,248.4,118,Angelique Kerber
201521,1549.6,101.4,594,1568.1,141.4,336,1503.0,190.0,200,1489.1,244.0,52,Carla Suarez Navarro
202081,1548.7,241.1,2,1500.0,350.0,0,1547.2,259.9,2,1500.0,350.0,0,Katalin Miskolczi
201954,1548.3,238.3,2,1551.3,250.1,2,1500.0,350.0,0,1500.0,350.0,0,Kirsten Dreyer
202460,1548.2,71.0,374,1566.0,112.7,224,1431.2,165.3,89,1534.7,195.1,61,Ons Jabeur
214082,1548.1,70.3,541,1526.3,115.8,345,1544.2,130.4,137,1476.7,276.9,59,Daria Kasatkina
202429,1547.7,77.0,397,1556.9,95.1,247,1496.1,213.4,77,1514.4,215.1,73,Camila Giorgi
204695,1547.5,180.7,9,1563.6,183.0,9,1500.0,350.0,0,1500.0,350.0,0,Cornelia Grunes
202486,1546.3,95.2,23,1529.2,126.6,15,1430.2,184.0,7,1340.8,274.1,1,Mallory Burdette
201660,1545.3,185.9,5,1500.0,350.0,0,1571.0,189.9,5,1500.0,350.0,0,Tereza Hladikova
206289,1545.2,68.4,471,1553.0,96.6,304,1496.4,140.0,116,1511.3,282.0,51,Maria Sakkari
220704,1544.5,71.6,175,1568.6,90.3,128,1307.9,192.9,33,1643.1,279.0,14,Clara Tauson
200669,1543.8,98.9,160,1539.6,128.2,93,1457.1,256.0,40,1141.0,346.3,7,Debbie Graham
202321,1543.8,150.5,13,1380.5,284.1,1,1500.0,350.0,0,1627.2,162.3,12,Napaporn Tongsalee
200472,1543.2,88.0,152,1488.2,125.7,75,1547.7,170.5,55,1344.3,324.3,9,Helen Kelesi
200595,1542.7,87.9,302,1531.9,123.3,163,1554.4,149.6,105,1477.0,337.4,13,Ann Grossman
202416,1542.7,230.9,3,1565.3,237.7,3,1500.0,350.0,0,1500.0,350.0,0,Nungnadda Wannasuk
200085,1542.4,74.6,779,1576.9,99.1,494,1315.9,193.9,126,1547.7,218.7,77,Ai Sugiyama
222919,1542.2,201.5,5,1500.0,350.0,0,1537.7,201.8,5,1500.0,350.0,0,Julia Avdeeva
200011,1542.0,85.3,429,1518.2,105.0,237,1551.3,204.2,145,1370.7,456.9,29,Katarina Srebotnik
200016,1541.8,101.9,543,1625.8,175.7,300,1476.4,157.5,142,1438.8,348.9,40,Sandrine Testud
200002,1541.7,76.0,300,1471.8,95.0,163,1529.7,179.2,90,1269.3,262.9,45,Mirjana Lucic
200428,1541.5,102.9,325,1471.2,134.2,141,1348.7,250.3,36,1609.7,224.3,79,Lori Mcneil
211651,1541.5,73.7,281,1570.5,96.0,163,1413.1,161.9,89,1582.2,280.1,29,Paula Badosa
223360,1540.6,105.6,21,1535.7,126.0,16,1531.3,218.6,5,1500.0,350.0,0,Nikola Bartunkova
202117,1540.3,207.1,4,1500.0,350.0,0,1531.0,216.0,4,1500.0,350.0,0,Maria Paola Zavagli
200089,1538.6,81.1,344,1473.5,136.3,146,1382.6,171.8,71,1653.7,167.6,86,Miriam Oremans
215370,1538.5,89.1,182,1365.4,147.0,112,1570.2,151.6,36,1410.8,229.4,34,Bianca Andreescu
200070,1538.2,91.3,215,1546.5,148.4,86,1399.6,173.0,51,1452.7,235.9,24,Anne Gaelle Sidot
201450,1537.1,101.3,397,1527.4,124.3,216,1449.1,204.8,113,1327.4,341.8,60,Tsvetana Pironkova
200059,1536.4,121.4,368,1478.6,189.9,137,1604.8,189.1,159,1518.5,340.4,35,Ruxandra Dragomir Ilie
220367,1536.2,64.1,267,1536.0,94.3,184,1497.6,121.4,58,1528.5,304.4,25,Leylah Fernandez
203010,1535.4,178.3,16,1579.4,253.0,11,1500.0,350.0,0,1461.1,213.7,5,Ryoko Takemura
220548,1534.6,65.7,140,1469.3,95.1,88,1626.7,127.6,45,1168.8,325.4,7,Peyton Stearns
201204,1534.2,121.6,173,1495.2,131.5,102,1608.3,396.8,50,1614.8,436.3,17,Iroda Tulyaganova
220520,1534.0,68.8,92,1554.6,92.2,68,1392.0,154.8,15,1607.2,277.5,9,Mccartney Kessler
215166,1533.9,262.4,3,1500.0,350.0,0,1537.1,261.0,3,1500.0,350.0,0,Aneta Kladivova
202663,1533.3,67.0,449,1529.1,86.6,304,1521.2,151.7,100,1291.6,298.2,45,Magda Linette
200117,1532.0,91.3,206,1532.4,119.2,96,1504.9,174.4,64,1459.4,238.7,18,Kveta Peschke
206420,1531.5,67.5,428,1553.3,90.7,271,1339.6,148.2,100,1651.1,290.6,57,Ekaterina Alexandrova
211713,1530.8,65.2,173,1536.4,94.9,107,1449.5,128.0,59,1145.2,358.0,7,Jaqueline Cristian
200008,1530.7,90.5,352,1585.0,107.7,238,1411.9,328.1,57,1468.2,292.4,54,Alicia Molik
201306,1530.2,91.6,111,1540.2,146.7,50,1551.7,167.0,40,1496.0,284.6,9,Marie Gaiane Mikaelian
201455,1529.7,106.1,522,1549.0,201.2,316,1428.9,161.4,143,1531.8,274.0,57,Elena Vesnina
222661,1529.5,74.4,55,1604.4,91.9,31,1411.5,225.9,7,1453.2,207.0,17,Sonay Kartal
200043,1529.5,100.1,415,1364.3,206.4,224,1511.2,126.1,130,1319.3,320.5,45,Virginie Razzano
201488,1529.0,168.7,20,1529.2,197.9,16,1435.3,258.4,3,1478.6,359.5,1,Jorgelina Cravero
203501,1528.9,76.6,152,1564.3,94.4,110,1393.9,171.0,34,987.2,342.6,8,Taylor Townsend
202428,1528.8,86.9,384,1499.9,141.1,204,1580.7,151.2,137,1365.9,271.7,39,Kiki Bertens
211701,1528.4,68.9,462,1531.7,95.6,287,1410.2,142.5,119,1498.7,266.1,56,Katerina Siniakova
200397,1528.3,102.1,25,1594.8,141.9,16,1427.1,205.3,5,1391.8,294.1,1,Tracy Austin
201407,1527.7,129.2,44,1519.7,143.6,33,1620.8,254.0,7,1324.7,296.2,3,Evgenia Linetskaya
215337,1527.1,76.4,99,1437.2,98.3,45,1647.5,177.8,49,1302.0,248.9,5,Olga Danilovic
203184,1526.0,136.3,28,1500.0,350.0,0,1500.0,350.0,0,1573.7,136.2,28,Beti Sekulovski
200715,1525.7,108.7,145,1518.2,159.6,57,1459.9,204.7,43,1641.2,215.3,35,Mariaan De Swardt
202249,1525.6,238.8,2,1507.6,243.9,2,1500.0,350.0,0,1500.0,350.0,0,Terri Oreilly
201363,1525.5,81.1,370,1479.8,98.5,201,1593.3,166.4,138,1448.1,469.9,28,Gisela Dulko
223253,1525.2,69.4,71,1564.7,100.3,45,1364.6,136.2,19,1538.5,309.9,7,Alexandra Eala
200377,1525.1,91.6,336,1374.2,130.8,144,1400.8,232.2,44,1574.8,226.1,55,Helena Sukova
202305,1524.1,174.7,12,1375.1,280.0,1,1500.0,350.0,0,1601.5,188.7,11,Manisha Malhotra
215613,1522.8,67.6,182,1434.8,97.1,104,1547.4,137.1,52,1699.1,255.0,26,Emma Navarro
214643,1522.8,68.5,285,1478.4,99.3,179,1447.9,145.7,63,1696.9,282.9,43,Liudmila Samsonova
201949,1522.8,193.0,4,1425.9,289.4,1,1588.2,218.8,3,1500.0,350.0,0,Eva Jimenez Sanz
202753,1522.7,86.1,49,1500.0,350.0,0,1575.2,170.7,11,1537.8,144.9,20,Esme De Villiers
201371,1522.7,101.6,315,1527.6,109.1,207,1427.9,281.3,71,1335.1,360.3,26,Vera Dushevina
204971,1522.0,268.0,2,1522.0,268.0,2,1500.0,350.0,0,1500.0,350.0,0,Alexandria Liles
203855,1521.4,125.7,22,1545.8,169.2,10,1500.0,350.0,0,1591.1,168.3,12,Kate Warne Holland
200481,1521.0,75.4,183,1516.5,126.1,104,1289.2,224.4,27,1592.6,174.1,38,Elna Reinach
202981,1520.6,95.9,35,1500.0,350.0,0,1783.8,127.0,25,1393.0,182.3,10,Melissa Beadman
201490,1520.5,87.6,304,1539.0,127.9,169,1522.0,166.5,110,1364.2,300.7,22,Timea Bacsinszky
202341,1520.4,196.7,4,1579.3,220.6,3,1349.9,283.8,1,1500.0,350.0,0,Melanie Gloria
215785,1520.4,67.8,192,1497.3,95.4,98,1500.0,130.6,77,1167.1,334.7,17,Camila Osorio
202757,1519.9,177.3,9,1531.6,183.7,9,1500.0,350.0,0,1500.0,350.0,0,Alyssa Cohen
213525,1519.6,88.6,200,1420.0,170.6,114,1507.7,111.5,76,992.3,310.7,10,Jil Teichmann
202653,1519.3,103.5,89,1543.3,127.4,63,1285.8,259.7,15,1391.1,257.8,11,Denisa Allertova
213631,1518.2,66.8,284,1515.5,93.6,200,1510.8,130.0,57,1488.9,312.1,27,Marie Bouzkova
201431,1518.2,105.6,226,1537.9,147.4,110,1445.0,162.5,85,1492.6,327.6,27,Aravane Rezai
201297,1518.1,106.1,95,1495.5,162.6,36,1490.2,154.6,43,1544.0,336.6,9,Maja Matevzic
201600,1518.1,76.1,82,1525.4,97.4,57,1516.0,167.2,15,1643.0,183.6,10,Jamie Hampton
204267,1517.8,230.7,2,1500.0,350.0,0,1500.0,350.0,0,1473.3,278.8,2,Petra Krejsova
201286,1517.4,87.5,582,1467.7,133.0,272,1568.5,147.7,263,1327.0,273.3,36,Anabel Medina Garrigues
200676,1517.3,93.7,158,1520.4,107.3,90,1348.5,286.4,18,1586.7,279.9,28,Mana Endo
202499,1517.0,76.3,475,1480.6,104.3,313,1501.8,143.0,80,1502.2,245.4,82,Donna Vekic
200095,1516.9,120.7,270,1527.5,152.5,140,1372.2,261.2,47,1464.4,258.6,38,Linda Wild
202446,1515.2,133.4,304,1501.4,155.4,198,1494.3,233.9,74,1470.1,546.6,32,Eugenie Bouchard
200741,1515.1,104.7,49,1363.8,256.5,1,1795.7,158.8,22,1342.5,205.0,11,Renee Reid
215983,1514.8,62.7,163,1479.3,95.7,114,1490.6,111.4,34,1406.0,336.5,15,Ann Li
201320,1514.6,84.0,910,1585.5,118.3,579,1371.2,185.7,238,1106.7,282.4,79,Svetlana Kuznetsova
201296,1514.5,101.1,49,1411.2,158.2,18,1482.2,146.7,26,1317.8,259.4,5,Bianka Lamade
200040,1514.4,89.9,463,1512.1,142.6,197,1598.2,131.2,213,1150.4,346.6,27,Anna Smashnova
201517,1514.3,77.7,396,1519.8,107.0,255,1315.8,206.0,71,1544.1,195.7,67,Magdalena Rybarikova
201433,1514.0,138.0,19,1365.8,290.6,1,1500.0,350.0,0,1579.8,158.4,18,Sarah Borwell
200354,1513.3,82.3,91,1408.7,198.5,15,1488.2,167.4,31,1492.4,223.2,16,Claudia Kohde Kilsch
201547,1512.7,122.7,72,1445.4,184.0,42,1310.1,357.9,11,1580.5,181.3,19,Michelle Larcher De Brito
204174,1512.6,130.3,20,1527.6,134.3,20,1500.0,350.0,0,1500.0,350.0,0,Satoko Kurioka
201416,1512.2,79.0,297,1517.0,104.2,168,1504.2,161.8,93,1450.7,247.4,34,Alona Bondarenko
200494,1512.1,118.4,55,1589.3,134.1,40,1396.2,490.8,4,1299.4,280.6,6,Dianne Van Rensburg
223194,1512.1,137.9,14,1512.6,133.5,13,1500.0,350.0,0,1381.1,444.3,1,Taylah Preston
220332,1511.3,74.5,87,1558.9,105.1,52,1457.3,137.9,31,1298.2,340.8,4,Eva Lys
221333,1511.3,80.9,34,1303.2,128.4,18,1623.9,131.2,12,1599.8,282.6,4,Solana Sierra
211107,1510.9,70.6,185,1501.2,97.7,115,1352.4,149.9,18,1596.8,269.9,52,Katie Boulter
201349,1510.5,85.3,242,1549.4,114.4,149,1289.4,186.9,66,1418.5,257.1,27,Melinda Czink
214119,1509.4,91.2,78,1423.5,118.7,43,1527.7,170.5,23,1358.9,253.8,12,Rebeka Masarova
201368,1509.3,95.0,195,1451.4,153.0,88,1494.5,165.8,78,1549.2,239.9,20,Karolina Sprem
200423,1509.0,161.9,10,1337.5,242.4,3,1574.6,230.8,7,1500.0,350.0,0,Carling Bassett Seguso
215832,1508.1,231.6,2,1511.9,233.6,2,1500.0,350.0,0,1500.0,350.0,0,Gabriella Da Silva Fick
201698,1507.4,203.1,12,1583.1,370.0,8,1396.5,247.9,4,1500.0,350.0,0,Liana Gabriela Ungur
201068,1507.2,228.9,3,1500.0,350.0,0,1529.9,245.3,3,1500.0,350.0,0,Magali Lamarre
239383,1507.0,86.9,37,1540.1,125.5,19,1455.2,148.6,18,1500.0,350.0,0,Sara Bejlek
220750,1507.0,107.4,25,1469.6,155.5,14,1515.8,190.7,4,1464.2,272.6,7,Daria Snigur
201508,1506.9,95.9,154,1483.9,124.5,61,1511.8,193.8,62,1508.4,226.8,29,Petra Cetkovska
201327,1506.3,107.8,85,1547.1,125.0,64,1250.4,274.2,10,1238.6,361.6,9,Angelique Widjaja
213926,1506.2,225.0,2,1513.5,229.1,2,1500.0,350.0,0,1500.0,350.0,0,Bianca Turati
222045,1505.2,77.1,43,1513.6,100.1,33,1418.5,174.4,8,1479.6,351.3,2,Antonia Ruzic
200044,1505.1,76.3,292,1497.4,129.0,106,1479.5,136.3,127,1388.2,219.8,28,Denisa Chladkova
216566,1505.0,138.6,13,1502.6,142.5,13,1500.0,350.0,0,1500.0,350.0,0,Mananchaya Sawangkaew
202040,1504.8,159.5,9,1538.9,169.7,8,1500.0,350.0,0,1500.0,350.0,0,Linda Niemantsverdriet
201545,1504.6,87.2,383,1530.9,124.1,216,1433.6,166.2,123,1140.4,326.9,42,Anastasija Sevastova
201834,1504.5,168.0,7,1500.0,350.0,0,1557.4,177.2,7,1500.0,350.0,0,Heike Rusch
259967,1504.3,187.4,4,1506.8,192.1,4,1500.0,350.0,0,1500.0,350.0,0,Sayaka Ishii
200110,1504.2,76.6,215,1509.1,99.3,101,1572.9,151.5,103,1215.2,397.5,6,Fabiola Zuluaga
206543,1504.2,183.4,9,1538.8,185.0,9,1500.0,350.0,0,1500.0,350.0,0,Marina Petrovic
216083,1504.0,72.2,114,1457.1,98.9,72,1492.5,136.7,25,1421.0,323.3,17,Caty Mcnally
201481,1504.0,93.7,228,1514.5,146.1,145,1254.6,273.6,38,1510.7,177.9,43,Tamira Paszek
203089,1503.8,108.3,51,1500.0,350.0,0,1500.0,350.0,0,1547.1,110.9,51,Kristen Van Elden
200530,1503.7,85.8,243,1448.6,173.3,85,1559.3,140.2,115,1471.4,211.1,13,Radomira Zrubakova
206216,1503.2,235.4,2,1500.0,350.0,0,1490.7,245.0,2,1500.0,350.0,0,Olga Saez Larra
212066,1502.6,222.2,4,1500.0,350.0,0,1486.3,239.5,4,1500.0,350.0,0,Karen Black
201394,1502.3,99.4,238,1483.4,136.9,133,1488.0,175.2,85,1197.5,350.2,14,Anna Lena Groenefeld
202988,1502.2,143.2,16,1595.7,186.7,7,1481.5,225.2,8,1350.6,330.5,1,Kyung Yee Chae
201831,1502.2,242.7,2,1500.0,350.0,0,1500.0,350.0,0,1500.0,350.0,0,Sabine Gerke
200638,1502.1,94.0,122,1491.4,132.4,88,1477.0,201.4,20,1216.7,390.1,3,Stephanie Rottier
200605,1502.1,83.5,82,1454.0,128.8,36,1438.1,155.7,34,1311.1,278.8,4,Regina Rajchrtova
201707,1502.1,202.9,5,1471.5,201.0,5,1500.0,350.0,0,1500.0,350.0,0,Sachie Ishizu
220348,1501.4,77.4,125,1452.5,122.0,64,1499.0,123.5,47,1594.4,239.7,14,Diane Parry
264505,1501.2,278.3,2,1500.0,350.0,0,1501.2,278.3,2,1500.0,350.0,0,Alexandra Irina Anghel
200046,1501.1,102.3,462,1461.2,114.6,257,1548.4,295.4,139,1430.6,438.0,39,Meghann Shaughnessy
200072,1501.1,140.3,265,1468.4,160.0,149,1415.5,350.0,59,1504.3,254.5,43,Cara Black
260172,1500.7,108.1,15,1551.6,146.0,9,1321.9,179.8,6,1500.0,350.0,0,Lilli Tagger
220716,1500.6,103.7,17,1515.6,202.8,5,1466.4,142.6,12,1500.0,350.0,0,Oleksandra Oliynykova
201447,1500.6,108.5,286,1531.0,133.1,203,1401.5,206.4,62,1237.8,566.3,21,Vania King
211887,1500.5,241.5,2,1500.0,350.0,0,1500.0,350.0,0,1457.2,268.2,2,Maia Lumsden
203143,1500.3,110.4,49,1500.0,350.0,0,1434.2,348.7,7,1556.9,112.6,42,Nicole Sewell
202481,1500.2,197.8,4,1500.0,350.0,0,1426.7,214.5,4,1500.0,350.0,0,Chi Chi Scholl
202071,1499.9,249.6,2,1489.6,251.7,2,1500.0,350.0,0,1500.0,350.0,0,Dragana Zaric
200738,1499.8,123.2,17,1440.4,231.3,5,1503.6,170.7,10,1484.8,279.3,2,Lenka Cenkova
200682,1499.6,102.2,309,1515.1,143.6,136,1519.2,170.4,126,1336.5,377.0,21,Joannette Kruger
215131,1499.5,232.3,2,1500.0,350.0,0,1428.9,255.4,2,1500.0,350.0,0,Nefisa Berberovic
202966,1499.5,279.1,2,1499.5,279.1,2,1500.0,350.0,0,1500.0,350.0,0,Courtenay Chapman
200650,1499.2,101.0,60,1340.4,205.3,8,1525.9,133.2,49,1500.0,350.0,0,Isabel Cueto
220446,1498.9,166.2,8,1373.5,309.5,1,1614.4,183.8,7,1500.0,350.0,0,Jazmin Ortenzi
201492,1498.6,78.1,503,1478.4,131.4,310,1498.3,143.8,134,1301.1,205.8,50,Andrea Petkovic
221883,1498.4,91.5,28,1615.9,115.5,22,1214.0,177.1,5,1277.8,334.6,1,Talia Gibson
201709,1498.0,69.2,522,1481.4,91.9,324,1432.2,147.4,156,1363.0,287.5,42,Yulia Putintseva
201420,1497.3,87.3,238,1506.2,105.6,182,1328.3,212.9,23,1401.2,284.7,31,Sania Mirza
200360,1497.3,95.0,185,1426.5,136.4,87,1186.4,526.9,1,1590.1,201.7,42,Pam Shriver
202013,1497.2,231.2,2,1507.3,233.6,2,1500.0,350.0,0,1500.0,350.0,0,Emanuela Brusati
231625,1497.0,209.1,4,1500.0,350.0,0,1427.9,214.1,4,1500.0,350.0,0,Noemi Basiletti
201063,1496.9,135.5,16,1258.3,227.9,3,1620.0,163.5,13,1500.0,350.0,0,Maria Francesca Bentivoglio
201584,1496.8,103.8,116,1527.4,113.8,84,1374.5,272.3,24,1515.7,380.8,8,Ksenia Pervak
200061,1496.7,87.2,258,1417.2,148.0,70,1547.6,115.2,169,1333.7,286.1,16,Gala Leon Garcia
200624,1496.7,90.5,229,1508.1,144.5,124,1423.3,158.0,59,1403.6,299.1,19,Tami Whitlinger Jones
201993,1496.1,188.7,5,1400.0,287.9,1,1571.0,221.6,4,1500.0,350.0,0,Pavlina Rajzlova
202449,1495.6,187.3,4,1525.1,227.0,3,1291.4,256.4,1,1500.0,350.0,0,Victoria Larriere
263857,1495.3,73.6,60,1394.9,115.2,32,1547.1,123.4,23,1404.4,290.9,5,Yuliia Starodubtseva
200649,1494.5,101.9,185,1527.4,125.7,103,1517.8,266.5,51,1414.2,219.2,22,Ginger Helgeson
200015,1494.5,89.5,149,1365.7,115.7,65,1593.4,160.1,76,1240.8,333.0,7,Petra Mandula
202402,1493.7,236.5,2,1500.0,350.0,0,1508.5,241.5,2,1500.0,350.0,0,Eloisa Maria Compostizo De Andres
200122,1492.8,82.8,208,1467.5,122.7,101,1472.0,166.1,65,1457.8,243.6,30,Tina Pisnik
244087,1492.4,274.9,2,1500.0,350.0,0,1480.4,282.3,2,1500.0,350.0,0,Anja Stankovic
201437,1492.4,165.6,23,1425.3,196.0,12,1580.9,267.5,9,1284.6,359.5,1,Ivana Lisjak
204575,1492.1,181.6,10,1508.8,194.3,10,1500.0,350.0,0,1500.0,350.0,0,Helga Vieira
202303,1491.6,159.8,21,1505.7,186.8,19,1508.2,252.5,2,1500.0,350.0,0,Carla Tiene
200127,1491.6,81.1,231,1467.6,132.5,76,1461.9,148.8,105,1406.9,274.1,17,Sarah Pitkowski Malcor
259913,1491.3,247.6,2,1500.0,350.0,0,1503.9,248.9,2,1500.0,350.0,0,Rositsa Dencheva
203553,1490.9,241.6,2,1503.5,244.4,2,1500.0,350.0,0,1500.0,350.0,0,Riko Sawayanagi
200453,1490.4,74.2,112,1455.4,105.8,57,1266.6,240.9,15,1525.0,219.8,13,Catarina Lindqvist Ryan
201614,1489.6,83.7,608,1471.0,103.3,386,1466.3,182.1,153,1509.5,305.4,68,Caroline Garcia
201696,1489.2,73.1,297,1463.0,100.6,151,1472.4,136.9,125,1594.9,275.1,21,Laura Siegemund
201347,1489.1,74.7,880,1515.5,115.3,570,1263.4,177.1,215,1334.0,226.4,83,Jelena Jankovic
206146,1488.1,187.0,5,1468.7,253.3,2,1521.8,229.5,3,1500.0,350.0,0,Catalina Pella
200938,1487.6,239.6,2,1430.9,257.3,2,1500.0,350.0,0,1500.0,350.0,0,Kathy May
202173,1487.1,121.3,22,1568.5,132.4,19,1371.7,296.0,3,1500.0,350.0,0,Joana Cortez
204574,1486.8,163.0,10,1516.2,177.2,10,1500.0,350.0,0,1500.0,350.0,0,Anna Nefedova
200693,1486.6,99.4,132,1420.1,158.6,46,1545.1,148.6,45,1462.7,283.2,8,Elena Makarova
201348,1486.5,75.5,196,1425.8,115.9,127,1379.1,189.5,26,1571.2,158.8,43,Casey Dellacqua
200125,1486.3,98.4,193,1441.6,161.5,92,1610.2,172.9,70,1377.1,301.5,20,Corina Morariu
222017,1486.0,186.2,7,1387.0,316.0,1,1630.2,220.5,5,1357.1,302.7,1,Anouk Koevermans
202327,1485.9,232.0,2,1500.0,350.0,0,1544.1,240.5,2,1500.0,350.0,0,Megan Falcon
200671,1485.9,116.3,155,1469.9,226.8,50,1478.3,140.9,81,1424.4,444.1,6,Meike Babel
201498,1485.3,89.5,221,1447.2,125.3,106,1515.2,131.9,100,1252.0,303.6,12,Karin Knapp
200705,1485.0,93.5,123,1475.8,140.0,48,1538.5,137.0,56,1360.1,384.0,7,Linda Ferrando
200104,1485.0,90.1,340,1449.2,169.4,131,1491.0,134.0,165,1371.7,308.1,23,Emilie Loit
201860,1484.8,164.2,14,1510.1,323.8,2,1430.9,182.1,12,1500.0,350.0,0,Mariam Ramon Climent
201287,1484.6,87.5,207,1356.0,124.9,87,1550.0,156.4,102,1453.9,216.9,18,Maria Jose Martinez Sanchez
256684,1484.5,109.6,16,1489.9,119.3,15,1500.0,350.0,0,1280.8,282.4,1,Aoi Ito
222145,1484.1,81.1,34,1539.1,105.1,27,1278.8,190.0,7,1500.0,350.0,0,Janice Tjen
200021,1483.7,85.8,256,1458.4,151.2,131,1480.5,147.5,89,1381.5,232.9,21,Alexia Dechaume Balleret
200450,1483.0,87.1,285,1407.1,141.8,118,1295.9,183.9,52,1597.9,208.2,63,Larisa Savchenko
202385,1482.6,250.1,2,1467.3,251.4,2,1500.0,350.0,0,1500.0,350.0,0,Shan Shan Song
201607,1482.5,156.7,7,1481.0,160.9,7,1500.0,350.0,0,1500.0,350.0,0,Sally Peers
200020,1481.9,89.9,598,1476.5,116.4,325,1263.5,220.6,93,1457.8,219.0,89,Lisa Raymond
201410,1481.8,135.3,50,1302.1,171.3,14,1594.1,328.2,6,1583.5,581.5,30,Monique Adamczak
204384,1481.7,249.7,2,1500.0,350.0,0,1490.3,259.4,2,1500.0,350.0,0,Agnes Bukta
201331,1481.7,105.1,400,1510.9,133.9,218,1368.4,210.1,144,1196.6,341.5,23,Iveta Benesova
200522,1481.5,98.0,109,1488.9,139.3,33,1471.7,155.8,61,1311.2,340.1,7,Nicole Jagerman
201281,1481.5,121.3,193,1459.6,133.0,134,1164.7,368.5,25,1633.6,309.7,26,Laura Granville
202423,1481.5,195.2,4,1500.0,350.0,0,1387.9,256.3,2,1540.8,281.1,2,Sarah Gronert
201338,1481.3,151.1,8,1511.5,183.8,6,1357.7,299.7,1,1329.5,294.6,1,Bea Bielik
201620,1481.3,128.4,279,1470.5,148.6,185,1465.6,190.0,64,1336.5,298.4,30,Monica Puig
201305,1481.1,105.2,391,1497.3,121.2,250,1306.3,258.0,72,1445.8,345.1,54,Eleni Daniilidou
213734,1481.1,179.7,8,1539.4,212.9,6,1303.5,342.0,1,1406.6,303.4,1,Mariam Bolkvadze
200035,1480.7,80.5,307,1439.5,130.7,108,1516.8,126.4,162,1323.1,262.1,26,Maria Sanchez Lorenzo
222276,1480.7,267.8,2,1500.0,350.0,0,1457.3,276.1,2,1500.0,350.0,0,Jasmijn Gimbrere
201503,1480.2,83.7,209,1472.0,99.8,142,1444.4,218.9,44,1371.1,287.8,23,Ayumi Morita
233741,1480.1,74.8,68,1491.0,95.1,50,1288.8,202.7,12,1683.1,285.7,6,Maya Joint
202465,1480.1,234.5,2,1465.7,241.3,2,1500.0,350.0,0,1500.0,350.0,0,Maria Abramovic
204618,1479.5,142.3,17,1503.3,144.4,17,1500.0,350.0,0,1500.0,350.0,0,Caroline Ann Basu
200421,1478.9,75.7,109,1416.8,119.1,40,1392.2,190.6,12,1479.4,216.4,13,Pascale Paradis Mangon
202803,1478.7,168.0,10,1494.1,170.3,10,1500.0,350.0,0,1500.0,350.0,0,Kaysie Smashey
214020,1478.6,204.8,4,1450.4,248.4,2,1466.1,273.9,2,1500.0,350.0,0,Amina Anshba
201414,1478.5,126.5,187,1492.3,192.2,105,1353.3,294.7,44,1464.9,206.5,37,Michaella Krajicek
200632,1478.4,86.6,137,1474.9,107.1,82,1519.9,289.5,19,1348.4,263.0,12,Andrea Strnadova
202783,1477.2,162.7,8,1500.0,350.0,0,1500.0,350.0,0,1530.4,166.8,8,Andrea Van Den Hurk
201499,1476.9,82.3,752,1423.5,102.7,517,1267.9,209.4,163,1535.4,212.3,61,Anastasia Pavlyuchenkova
202048,1476.5,166.4,8,1490.6,248.1,2,1599.8,212.5,6,1500.0,350.0,0,Liza Andriyani
202368,1476.5,252.6,2,1509.5,258.5,2,1500.0,350.0,0,1500.0,350.0,0,Tanja Ostertag
259883,1476.4,172.1,5,1481.7,175.4,5,1500.0,350.0,0,1500.0,350.0,0,Wakana Sonobe
205009,1476.3,203.5,7,1476.3,203.5,7,1500.0,350.0,0,1500.0,350.0,0,Borka Majstorovic
201587,1475.9,135.6,222,1484.0,148.3,161,1383.6,235.2,36,1375.2,292.0,24,Bojana Jovanovski
201882,1475.9,245.3,3,1500.0,350.0,0,1490.5,250.2,3,1500.0,350.0,0,Katarzyna Straczy
211951,1475.0,139.8,164,1500.1,157.3,97,1331.0,216.6,40,1514.8,436.7,27,Ana Konjuh
201950,1475.0,242.8,2,1500.0,350.0,0,1466.6,247.5,2,1500.0,350.0,0,Miriam Dagostini
200060,1474.9,86.1,375,1442.5,134.0,170,1450.3,133.5,180,1171.4,322.6,16,Tathiana Garbin
220714,1474.7,71.6,169,1457.0,100.3,89,1378.3,141.0,62,1582.5,280.9,18,Elisabetta Cocciaretto
203562,1474.3,245.2,2,1348.8,282.6,1,1561.6,307.4,1,1500.0,350.0,0,Erin Routliffe
214040,1474.2,76.0,100,1489.7,91.1,80,1341.9,239.5,9,1327.1,279.2,11,Kimberly Birrell
200626,1474.0,90.9,140,1382.1,135.4,40,1525.7,171.1,84,1135.9,365.6,4,Emanuela Zardo
201592,1473.8,138.3,17,1494.0,276.9,2,1421.5,154.5,15,1500.0,350.0,0,Beatriz Garcia Vidagany
201457,1473.8,86.2,241,1427.7,114.5,154,1436.7,254.4,56,1406.1,243.2,30,Jarmila Gajdosova
201360,1473.7,103.5,127,1480.2,147.7,55,1449.9,155.0,60,1284.9,279.5,11,Julia Vakulenko
201332,1473.6,154.5,9,1500.0,350.0,0,1500.0,350.0,0,1330.4,182.3,9,Jane Odonoghue
201317,1473.6,149.7,75,1380.2,163.6,44,1569.9,258.5,23,1639.8,338.4,5,Aniko Kapros
200079,1473.5,160.5,587,1463.0,166.5,398,1683.6,628.6,81,1895.2,507.2,69,Kim Clijsters
215035,1473.1,68.7,279,1471.8,93.1,185,1316.6,158.9,65,1580.9,288.6,29,Dayana Yastremska
200118,1473.0,104.9,435,1453.7,163.1,172,1373.2,146.0,216,1467.8,288.0,33,Virginia Ruano Pascual
201382,1472.9,323.5,1,1472.7,323.7,1,1500.0,350.0,0,1500.0,350.0,0,Olivia Lukaszewicz
200602,1472.9,84.8,182,1489.0,123.4,93,1463.6,173.3,54,1316.2,313.4,15,Shaun Stafford
203592,1472.3,151.5,10,1500.0,350.0,0,1500.0,350.0,0,1531.3,156.7,10,Melanie Ann Clayton
201402,1472.1,139.6,125,1464.0,194.2,83,1460.2,203.8,29,1463.4,389.4,11,Sesil Karatantcheva
260647,1472.0,269.8,2,1500.0,350.0,0,1489.1,267.0,2,1500.0,350.0,0,Sarah Van Emst
200465,1470.9,132.4,13,1477.2,152.6,12,1500.0,350.0,0,1264.8,286.2,1,Lisa Bonder Kreiss
200497,1470.7,83.8,245,1366.6,135.4,125,1316.0,176.4,61,1600.6,236.4,37,Patricia Hy Boulais
200717,1470.7,118.4,82,1403.9,143.6,41,1543.6,248.5,19,1472.2,322.8,6,Anne Miller
221909,1470.0,73.1,119,1485.4,89.7,87,1311.7,176.3,20,1356.0,284.5,12,Ashlyn Krueger
216158,1469.8,279.4,2,1500.5,281.2,2,1500.0,350.0,0,1500.0,350.0,0,Mana Kawamura
204731,1468.8,222.9,5,1484.0,221.9,5,1500.0,350.0,0,1500.0,350.0,0,Etsuko Yamada
201423,1468.8,84.6,144,1410.6,121.3,62,1471.1,143.5,71,1324.1,271.7,9,Yvonne Meusburger
220699,1468.7,111.4,29,1418.9,190.0,7,1510.1,138.6,21,1295.3,316.9,1,Julia Riera
200736,1468.6,118.5,20,1471.2,123.2,19,1440.3,533.5,1,1500.0,350.0,0,Li Ling Chen
213947,1468.2,239.9,2,1481.3,240.8,2,1500.0,350.0,0,1500.0,350.0,0,Ying Zhang
211817,1467.7,75.4,132,1408.0,102.9,66,1464.7,151.5,49,1475.3,293.8,17,Elena Gabriela Ruse
214862,1467.7,252.0,2,1466.7,255.1,2,1500.0,350.0,0,1500.0,350.0,0,Martina Okalova
200084,1467.7,106.9,298,1459.4,140.4,123,1522.0,188.7,120,1213.1,447.2,14,Asa Carlsson
220309,1467.6,72.7,62,1473.6,95.4,41,1359.2,156.3,15,1561.7,316.4,6,Zeynep Sonmez
200105,1467.3,103.3,324,1492.2,114.4,186,1425.3,303.5,73,1340.9,292.4,34,Rachel Mcquillan
203187,1466.8,220.3,5,1500.0,350.0,0,1500.0,350.0,0,1500.9,228.6,5,Dubravka Cupac
200593,1466.6,91.1,96,1415.4,136.5,52,1541.9,172.7,28,1378.3,283.1,10,Karine Quentrec
223325,1466.6,198.9,6,1427.9,209.6,6,1500.0,350.0,0,1500.0,350.0,0,Polina Iatcenko
200034,1466.2,131.3,62,1525.2,158.6,24,1595.5,382.4,11,1522.5,321.6,24,Amanda Grahame
201302,1466.0,129.5,85,1346.4,202.4,29,1576.6,184.2,44,1278.4,318.7,11,Clarisa Fernandez
202452,1465.9,258.0,2,1458.5,262.5,2,1500.0,350.0,0,1500.0,350.0,0,Yi Jing Zhao
200777,1465.2,119.7,172,1391.1,165.5,64,1486.1,152.2,95,1186.0,321.1,12,Marta Marrero
201610,1465.0,130.4,236,1484.7,135.9,163,1399.6,364.4,49,1386.8,437.7,24,Zarina Diyas
204676,1464.8,183.9,7,1500.0,350.0,0,1597.3,226.2,5,1472.7,265.3,2,Katja Kovac
200739,1464.5,101.8,26,1416.8,193.8,8,1542.6,158.6,13,1261.8,260.8,2,Stephanie De Ville
222966,1464.3,136.2,14,1477.9,161.8,10,1402.5,246.1,4,1500.0,350.0,0,Dominika Salkova
201292,1463.9,79.9,222,1510.5,119.3,128,1363.1,152.6,72,1232.6,270.6,14,Martina Sucha
200348,1463.6,122.6,17,1550.1,162.8,11,1358.5,256.2,3,1408.9,226.7,3,Hana Mandlikova
200673,1463.4,96.1,71,1480.1,103.2,54,1361.0,294.3,12,1395.6,327.1,3,Susan Sloane Lundy
213550,1463.4,71.2,321,1419.2,93.1,233,1486.8,152.7,63,1273.5,323.1,25,Sofia Kenin
202470,1463.0,75.8,205,1463.1,118.4,122,1416.2,153.1,67,1269.5,322.0,16,Annika Beck
213771,1463.0,274.5,2,1500.0,350.0,0,1471.3,284.1,2,1500.0,350.0,0,Rasheeda Mcadoo
216016,1462.9,91.4,156,1386.5,109.6,115,1601.3,169.8,32,1263.9,380.7,9,Xiyu Wang
201391,1461.6,113.4,37,1329.7,195.3,12,1429.2,151.8,21,1302.2,425.0,1,Sanda Mamic
204033,1461.6,218.8,6,1468.6,218.8,6,1500.0,350.0,0,1500.0,350.0,0,Bianca Kamper
222601,1461.5,70.8,92,1451.0,96.8,57,1430.0,143.4,27,1632.9,312.4,8,Jessica Bouzas Maneiro
202993,1461.5,140.1,31,1485.6,140.9,31,1500.0,350.0,0,1500.0,350.0,0,Sachie Umehara
206913,1461.5,280.2,2,1494.5,280.4,2,1500.0,350.0,0,1500.0,350.0,0,Paola Guerrero
201522,1461.3,207.9,3,1500.0,350.0,0,1386.5,227.3,3,1500.0,350.0,0,Jelena Pandzic
201717,1461.1,142.9,14,1502.6,177.6,10,1373.7,308.8,2,1500.0,350.0,0,Michelle Jackson Nobrega
202457,1461.1,148.8,14,1457.3,208.2,9,1460.5,266.3,2,1436.5,282.7,3,Bibiane Schoofs
201070,1461.0,204.3,4,1500.0,350.0,0,1398.4,210.0,4,1500.0,350.0,0,Emmanuelle Curutchet
201277,1460.9,143.9,15,1498.9,157.1,13,1500.0,350.0,0,1500.0,350.0,0,Anne Mall
202847,1460.8,276.2,2,1460.8,276.2,2,1500.0,350.0,0,1500.0,350.0,0,Sabina Mediano Alvarez
200029,1460.7,98.6,115,1173.1,273.9,13,1725.9,341.0,27,1620.5,107.1,66,Lisa Mcshea
201603,1460.6,86.9,265,1454.6,119.4,158,1458.5,151.8,78,1304.2,314.8,29,Shelby Rogers
201304,1460.5,91.3,122,1497.2,205.9,63,1343.2,181.2,14,1403.9,178.8,45,Elena Baltacha
200718,1460.5,108.0,91,1325.3,159.7,35,1637.9,150.3,47,1172.7,377.4,4,Ludmila Richterova
202169,1460.3,243.6,2,1515.1,248.9,2,1500.0,350.0,0,1500.0,350.0,0,Christine Neuman
202292,1460.3,154.4,39,1480.1,159.5,39,1500.0,350.0,0,1500.0,350.0,0,Ayami Takase
201611,1460.2,89.2,312,1455.2,114.7,204,1419.0,190.1,73,1351.2,249.7,35,Daria Saville
233542,1460.1,240.3,2,1406.6,256.5,2,1500.0,350.0,0,1500.0,350.0,0,Tami Jones
200643,1460.0,94.5,56,1407.6,151.9,33,1363.6,227.0,7,1704.5,180.2,14,Petra Kamstra
206194,1459.8,203.3,14,1235.0,403.3,2,1534.0,204.3,12,1500.0,350.0,0,Gabriela Ce
202594,1459.8,232.0,3,1524.1,232.7,2,1382.0,322.1,1,1500.0,350.0,0,Elena Bogdan
205925,1459.8,82.8,328,1477.2,101.4,214,1238.0,209.0,78,1453.9,264.6,36,Aliaksandra Sasnovich
200416,1459.6,103.7,98,1406.4,123.9,65,1500.0,350.0,0,1523.0,234.3,17,Robin White
200506,1459.5,93.8,193,1531.3,189.9,66,1449.7,146.3,82,1377.0,365.0,13,Wiltrud Probst
201397,1459.5,85.7,562,1461.8,94.8,385,1452.5,336.7,130,1401.3,342.4,45,Shuai Peng
201840,1459.3,195.2,8,1500.0,350.0,0,1483.1,193.5,8,1500.0,350.0,0,Germana Di Natale
201050,1459.1,251.6,3,1500.0,350.0,0,1399.0,250.2,3,1500.0,350.0,0,Immaculada Varas Caro
219875,1459.0,73.4,201,1467.4,86.0,133,1373.2,210.2,54,1388.2,276.2,14,Varvara Gracheva
201445,1458.9,122.5,61,1390.0,178.5,34,1500.0,181.5,22,1200.2,328.8,5,Viktoria Kutuzova
202477,1458.6,99.3,35,1328.1,259.4,5,1492.8,116.7,29,1254.7,304.3,1,Dinah Pfizenmaier
203530,1458.4,77.6,248,1385.7,104.1,151,1503.6,149.0,55,1176.0,286.5,42,Viktorija Golubic
200076,1458.2,95.5,166,1431.9,166.0,52,1446.4,133.5,68,1402.7,262.7,20,Laurence Courtois
200734,1457.9,106.0,35,1500.0,166.5,10,1673.8,173.0,14,1444.4,253.5,6,Tatjana Jecmenica
201528,1457.7,106.1,129,1430.3,148.2,75,1346.6,175.7,31,1459.6,249.5,17,Melanie Oudin
220589,1457.6,86.2,105,1448.1,114.3,56,1371.8,164.6,41,1419.0,263.7,8,Elina Avanesyan
204591,1457.5,154.7,11,1500.0,350.0,0,1500.0,350.0,0,1535.3,154.6,11,Elsa Oriain
200293,1457.4,149.0,276,1966.1,589.6,73,1147.4,251.7,46,1483.8,276.9,66,Martina Navratilova
206136,1457.1,249.1,2,1467.6,254.3,2,1500.0,350.0,0,1500.0,350.0,0,Deniz Khazaniuk
201190,1457.1,200.3,4,1500.0,350.0,0,1500.0,350.0,0,1313.6,287.0,1,Kaye Marfini Hand
201311,1457.0,87.4,608,1470.5,104.6,344,1293.9,206.1,183,1464.6,258.4,69,Roberta Vinci
200101,1456.8,90.5,187,1439.6,156.8,70,1470.6,128.4,86,1382.5,218.5,20,Jana Kandarr
200452,1456.6,167.4,10,1233.8,273.9,2,1508.7,199.5,7,1500.0,350.0,0,Tine Scheuer Larsen
201409,1456.6,104.4,36,1419.7,161.6,12,1431.4,152.4,19,1459.4,256.8,2,Michaela Pastikova
201615,1456.3,76.1,371,1426.5,93.8,242,1423.0,201.6,79,1431.1,270.3,50,Lesia Tsurenko
201466,1456.3,75.6,499,1505.3,112.3,289,1283.8,155.0,164,1239.7,330.9,40,Kaia Kanepi
201351,1456.0,124.1,14,1418.2,186.9,6,1485.5,215.7,5,1524.4,243.9,2,Eva Fislova
201566,1455.9,251.3,3,1533.6,281.7,2,1364.1,300.9,1,1500.0,350.0,0,Agnes Szatmari
201444,1455.5,121.2,328,1505.7,140.6,223,1192.7,210.8,58,1236.5,305.6,47,Su Wei Hsieh
200031,1455.4,78.4,265,1393.3,100.4,156,1380.6,223.7,55,1459.1,259.7,33,Meilen Tu
260170,1455.2,171.0,8,1376.6,195.3,5,1576.7,257.2,3,1500.0,350.0,0,Sara Saito
200025,1455.1,89.7,171,1288.2,191.1,40,1518.0,112.1,113,1390.0,237.5,17,Ludmila Cervanova
211843,1455.0,80.3,194,1372.1,140.0,108,1544.8,113.9,65,1381.7,382.6,21,Anhelina Kalinina
202218,1454.2,212.5,4,1410.7,222.7,4,1500.0,350.0,0,1500.0,350.0,0,Anna Zaporozhanova
200665,1454.0,82.9,94,1424.4,111.3,56,1309.6,211.5,8,1627.2,202.9,8,Yone Kamio
200503,1453.8,99.6,71,1453.5,139.1,30,1325.0,265.4,11,1530.3,212.3,21,Gretchen Magers
264075,1453.8,174.0,7,1417.8,282.9,1,1518.8,208.2,6,1500.0,350.0,0,Julieta Pareja
215077,1453.7,249.5,2,1452.9,248.4,2,1500.0,350.0,0,1500.0,350.0,0,Viktoria Morvayova
200751,1453.6,105.8,91,1453.5,223.9,27,1421.5,124.0,61,1334.1,447.6,3,Conchita Martinez Granados
216133,1453.4,68.9,223,1465.9,94.2,168,1293.5,156.9,33,1574.4,293.3,22,Xin Yu Wang
202752,1453.1,161.1,14,1522.2,166.8,14,1500.0,350.0,0,1500.0,350.0,0,Aurandrea Narvaez
201590,1453.0,84.2,388,1453.3,112.6,245,1322.1,248.7,57,1433.4,214.6,86,Alison Riske Amritraj
200103,1452.8,101.4,119,1317.1,143.4,57,1359.8,289.2,13,1465.4,231.4,33,Evie Dominikovic
200720,1452.8,83.9,112,1474.9,120.9,47,1438.7,150.0,56,1067.9,377.0,8,Dally Randriantefy
202333,1452.8,223.8,3,1386.7,290.5,1,1499.1,254.9,2,1500.0,350.0,0,Delia Sescioreanu
200505,1452.6,259.0,2,1453.2,259.0,2,1500.0,350.0,0,1500.0,350.0,0,Michelle Bowrey
201591,1452.5,183.4,7,1468.8,337.5,2,1394.4,212.8,5,1500.0,350.0,0,Margalita Chakhnashvili
202373,1452.4,238.0,2,1500.0,350.0,0,1457.8,249.7,2,1500.0,350.0,0,Ekaterina Afinogenova
201291,1451.9,94.8,189,1438.6,160.9,76,1474.5,127.8,105,1137.7,408.9,8,Nuria Llagostera Vives
203034,1451.8,165.2,10,1478.3,168.6,10,1500.0,350.0,0,1500.0,350.0,0,Lara Van Rooyen
200106,1451.6,74.8,180,1310.1,153.1,50,1500.5,123.3,117,1428.7,287.5,9,Angeles Montolio
221031,1451.3,215.0,5,1500.0,350.0,0,1483.9,219.4,5,1500.0,350.0,0,Anastasia Abbagnato
200082,1451.3,114.9,245,1471.5,165.6,93,1380.5,174.1,72,1582.3,276.0,39,Kristie Boogert
200697,1451.3,106.9,188,1412.6,136.7,92,1422.2,203.6,72,1012.9,507.7,5,Janette Husarova
201379,1451.2,87.4,167,1439.5,128.1,100,1434.3,187.7,41,1506.0,271.9,22,Mara Santangelo
201652,1451.1,184.4,8,1495.8,200.2,7,1378.8,331.1,1,1500.0,350.0,0,Ksenia Palkina
203104,1450.5,220.6,4,1500.0,350.0,0,1500.0,350.0,0,1482.5,219.5,4,Annica Cooper
230882,1450.1,267.5,2,1500.0,350.0,0,1499.8,280.2,2,1500.0,350.0,0,Carolina Kuhl
206108,1450.1,128.8,148,1492.4,139.5,110,1202.7,316.8,26,1400.8,654.6,12,Jennifer Brady
200732,1450.0,108.9,124,1388.3,213.4,46,1509.0,135.8,48,1494.3,355.6,14,Magdalena Grzybowska
201541,1449.4,82.4,195,1381.5,120.7,115,1482.7,133.5,67,1374.0,339.2,11,Chanelle Scheepers
201922,1449.2,304.3,1,1500.0,350.0,0,1500.0,350.0,0,1500.0,350.0,0,Stephanie Tibbits
202187,1449.1,189.5,5,1333.5,276.9,1,1500.0,350.0,0,1500.0,350.0,0,Ilana Berger
202129,1448.9,116.4,24,1519.0,127.9,22,1500.0,350.0,0,1305.4,282.1,2,Orawan Wongkamalasai
201411,1448.9,137.1,128,1445.2,151.6,98,1288.1,321.4,13,1321.7,264.3,13,Aiko Nakamura
202442,1448.9,252.2,2,1432.9,263.6,2,1500.0,350.0,0,1500.0,350.0,0,Tatia Mikadze
200703,1448.8,88.2,156,1398.9,194.9,54,1396.7,135.8,59,1357.8,257.2,12,Katarina Studenikova
203325,1448.7,160.2,9,1368.4,274.5,1,1468.3,195.4,7,1380.5,311.3,1,Martina Di Giuseppe
259733,1448.6,153.9,7,1409.4,224.6,3,1468.3,213.3,4,1500.0,350.0,0,Kaitlin Quevedo
201596,1448.2,92.2,330,1452.6,124.5,178,1436.3,156.8,133,1180.5,368.8,18,Johanna Larsson
202361,1448.0,185.3,6,1555.7,219.7,4,1500.0,350.0,0,1262.3,343.1,1,Erika Takao
200030,1448.0,82.6,61,1560.6,128.7,30,1335.9,131.7,27,1178.5,270.9,4,Miroslava Vavrinec
204058,1447.9,142.0,21,1541.6,160.7,14,1443.9,236.0,7,1500.0,350.0,0,Nami Urabe
202358,1447.2,312.3,1,1500.0,350.0,0,1373.5,327.2,1,1500.0,350.0,0,Irina Kotkina
203062,1447.1,156.0,11,1472.9,158.4,11,1500.0,350.0,0,1500.0,350.0,0,Yu An Chen
201856,1446.8,212.2,6,1489.2,282.0,2,1492.0,253.7,4,1500.0,350.0,0,Ekaterina Sysoeva
211472,1446.6,248.1,2,1447.6,253.8,2,1500.0,350.0,0,1500.0,350.0,0,Oleksandra Korashvili
214541,1446.5,156.7,30,1335.2,317.1,11,1476.2,174.0,17,1484.7,422.5,2,Fanny Stollar
201308,1446.4,117.3,246,1465.9,241.9,133,1394.4,167.4,88,1135.9,311.9,23,Maria Elena Camerin
201309,1446.2,102.8,110,1455.6,138.8,54,1439.4,180.2,38,1377.4,217.1,17,Tatiana Perebiynis
246481,1445.5,242.5,2,1410.9,252.8,2,1500.0,350.0,0,1500.0,350.0,0,Sahaja Yamalapalli
202921,1445.3,247.5,2,1434.7,250.5,2,1500.0,350.0,0,1500.0,350.0,0,Shiho Akita
223321,1444.9,225.8,4,1514.8,243.0,3,1380.5,307.2,1,1500.0,350.0,0,Sofia Costoulas
206374,1444.9,88.2,162,1450.4,94.6,132,1196.4,319.1,17,1264.7,372.8,13,Yafan Wang
200480,1444.7,96.6,152,1463.0,138.0,97,1265.3,309.3,11,1387.6,226.9,16,Claudia Porwik
211856,1444.4,237.3,3,1452.2,242.8,3,1500.0,350.0,0,1500.0,350.0,0,Anastasiya Komardina
200063,1444.2,91.4,325,1410.0,115.1,186,1358.6,236.1,72,1524.5,265.0,32,Tatiana Panova
200722,1444.1,113.3,78,1454.5,173.5,41,1384.0,182.3,28,1244.2,382.0,5,Francesca Lubiani
200634,1443.8,129.8,105,1363.2,171.3,28,1481.7,222.7,35,1480.3,259.4,22,Elena Brioukhovets
200485,1443.5,95.8,132,1421.3,135.1,63,1406.7,217.2,26,1438.9,248.1,24,Manon Bollegraf
200052,1443.2,127.6,129,1409.4,141.9,70,1370.6,292.0,43,1585.5,343.1,15,Olga Barabanschikova
202274,1443.0,221.4,5,1478.2,254.7,2,1500.0,350.0,0,1415.9,293.2,3,Adrienn Hegedus
221000,1443.0,182.3,8,1547.5,194.6,7,1323.9,332.0,1,1500.0,350.0,0,Diletta Cherubini
200056,1443.0,124.2,263,1440.7,184.5,139,1408.5,193.3,105,1024.1,440.6,12,Jelena Kostanic Tosic
201442,1442.9,117.1,133,1456.2,123.5,97,1447.4,339.6,22,1282.1,570.5,14,Yung Jan Chan
201807,1442.6,224.7,5,1423.1,292.8,2,1500.0,350.0,0,1541.6,253.5,3,Li Yao Tang
202319,1442.3,259.3,2,1436.3,271.2,2,1500.0,350.0,0,1500.0,350.0,0,Lydia Steinbach
200679,1442.3,91.1,85,1433.1,135.3,48,1305.5,191.1,23,1434.1,272.5,6,Caroline Kuhlman
202438,1442.2,252.1,3,1500.0,350.0,0,1359.0,270.9,3,1500.0,350.0,0,Ani Mijacika
200576,1442.1,117.9,117,1405.7,168.9,56,1400.2,170.6,31,1428.9,415.6,10,Nathalie Herreman
201315,1442.0,124.6,130,1441.7,141.7,87,1425.4,265.1,33,1247.1,309.4,10,Ashley Harkleroad
202858,1441.9,247.9,2,1500.0,350.0,0,1472.2,252.9,2,1500.0,350.0,0,Anne Schaefer
200725,1441.6,90.9,257,1242.2,249.7,24,1442.7,107.6,202,1425.2,622.4,5,Sandra Cecchini
201520,1441.4,96.0,773,1473.1,134.3,510,1205.3,208.1,153,1494.9,237.9,100,Petra Kvitova
202412,1440.8,297.3,1,1444.0,300.2,1,1500.0,350.0,0,1500.0,350.0,0,Maria Mokh
210926,1440.8,298.2,1,1448.9,304.6,1,1500.0,350.0,0,1500.0,350.0,0,Pei Chi Lee
201533,1440.5,72.7,513,1485.8,104.9,351,1284.1,153.4,109,1159.1,332.8,53,Shuai Zhang
200075,1440.4,109.0,49,1427.5,124.2,43,1446.7,257.1,4,1605.9,317.7,2,Jing Qian Yi
200100,1440.2,95.9,59,1314.9,180.3,15,1367.4,153.6,26,1440.8,272.9,10,Amanda Hopmans
201408,1440.1,98.2,83,1379.8,120.5,57,1405.5,275.6,9,1625.2,274.6,17,Jamea Jackson
201952,1440.0,140.5,14,1524.1,237.1,3,1450.6,176.0,11,1500.0,350.0,0,Elena Savoldi
200013,1440.0,133.1,176,1472.0,150.8,117,1388.8,286.9,34,1378.0,378.3,14,Angelica Gavaldon
202157,1439.7,297.4,1,1500.0,350.0,0,1440.4,302.2,1,1500.0,350.0,0,Paola Tampieri
206329,1439.5,178.0,6,1524.3,194.7,4,1290.4,281.6,2,1500.0,350.0,0,Montserrat Gonzalez
200366,1439.1,115.9,17,1488.7,159.8,9,1438.0,186.2,7,1500.0,350.0,0,Sylvia Hanika
201593,1439.1,98.2,477,1305.5,174.7,236,1421.3,133.7,207,1344.2,233.1,34,Irina Camelia Begu
201312,1439.1,94.7,47,1484.6,109.4,38,1267.9,218.3,6,1380.5,417.7,1,Sarah Taylor
221237,1439.0,122.1,24,1505.1,173.1,10,1306.6,180.3,14,1500.0,350.0,0,Maria Timofeeva
202502,1439.0,245.5,3,1411.8,250.2,3,1500.0,350.0,0,1500.0,350.0,0,So Ra Lee
201601,1439.0,291.8,1,1455.2,307.4,1,1500.0,350.0,0,1500.0,350.0,0,Chelsey Gullickson
210672,1438.7,247.1,2,1500.0,350.0,0,1463.2,253.0,2,1500.0,350.0,0,Polina Leykina
200554,1438.5,142.6,432,1344.3,174.0,166,1572.4,573.9,112,1549.8,308.9,66,Brenda Schultz Mccarthy
200424,1438.2,106.1,26,1506.2,131.8,19,1500.0,350.0,0,1394.0,200.8,5,Etsuko Inoue
200007,1438.1,92.1,280,1471.0,117.0,124,1450.1,168.7,121,1391.2,307.1,25,Silvija Talaja
202256,1438.1,296.8,1,1435.1,298.0,1,1500.0,350.0,0,1500.0,350.0,0,Helena Vildova
201285,1438.0,164.4,10,1426.3,175.6,10,1500.0,350.0,0,1500.0,350.0,0,Melissa Middleton
205606,1438.0,296.6,1,1500.0,350.0,0,1408.8,300.8,1,1500.0,350.0,0,Viktoria Kamenskaya
200036,1437.9,86.9,376,1421.1,113.2,252,1345.9,235.3,67,1446.9,254.9,43,Nicole Pratt
202684,1437.8,84.0,206,1441.6,103.8,173,895.9,384.3,11,1345.9,197.4,22,Lin Zhu
211337,1437.8,87.9,116,1446.8,145.0,50,1401.3,135.0,54,1163.6,350.5,12,Tamara Korpatsch
201539,1437.8,104.0,376,1476.7,141.8,244,1330.7,186.1,84,1169.4,281.9,44,Christina Mchale
201322,1437.8,111.4,23,1479.2,169.6,10,1395.8,182.8,7,1295.0,329.4,3,Eva Dyrberg
263644,1437.8,137.3,10,1429.9,145.3,9,1427.9,288.3,1,1500.0,350.0,0,Emerson Jones
201432,1437.7,290.9,1,1500.0,350.0,0,1500.0,350.0,0,1431.8,299.2,1,Rebecca Llewellyn
201685,1437.4,225.1,3,1357.9,295.5,1,1504.4,250.4,2,1500.0,350.0,0,Kristina Antoniychuk
201271,1437.3,253.3,3,1406.0,265.6,3,1500.0,350.0,0,1500.0,350.0,0,Lisa Green
201073,1437.0,211.5,2,1500.0,350.0,0,1458.8,216.0,2,1500.0,350.0,0,Seon Young Park
201370,1436.9,131.8,234,1419.1,183.4,143,1365.8,190.1,64,1264.5,479.4,22,Anastasia Rodionova
202323,1436.9,251.6,2,1452.7,260.7,2,1500.0,350.0,0,1500.0,350.0,0,Eden Marama
201850,1436.8,159.9,14,1267.3,321.9,2,1609.7,185.2,8,1462.0,308.3,2,Nino Louarsabishvili
202716,1436.7,157.7,16,1585.6,168.3,13,1500.0,350.0,0,1318.7,329.6,3,Helen Crook
200561,1436.2,89.0,49,1376.8,161.6,13,1448.1,132.3,31,1259.4,278.0,1,Cathy Caverzasio
200729,1436.1,95.3,101,1403.9,103.8,69,1317.5,277.3,18,1398.9,363.4,6,Lindsay Lee Waters
201479,1435.5,99.7,114,1448.8,121.4,83,1289.9,275.3,12,1352.9,296.9,18,Olga Puchkova
200042,1435.4,102.8,210,1369.9,135.6,75,1202.9,261.6,44,1347.4,223.3,42,Els Callens
214388,1435.4,71.4,135,1314.7,107.0,67,1589.0,119.4,64,1127.2,459.1,4,Anna Bondar
200599,1435.2,108.0,102,1451.0,124.1,75,1466.9,245.1,17,1314.2,340.3,7,Carrie Cunningham
202232,1435.1,178.6,10,1490.7,191.7,10,1500.0,350.0,0,1500.0,350.0,0,Yuka Tanaka
200633,1435.0,169.7,5,1515.5,187.2,4,1233.3,309.4,1,1500.0,350.0,0,Stacey Schefflin
201526,1435.0,166.0,47,1444.7,176.1,30,1199.2,310.2,10,1073.6,348.6,6,Julie Coin
201465,1434.7,93.8,420,1351.0,128.5,266,1192.6,337.0,70,1574.7,193.3,80,Kirsten Flipkens
201280,1434.6,185.7,5,1422.6,200.1,5,1500.0,350.0,0,1500.0,350.0,0,Jacqueline Trail
200119,1434.5,109.1,127,1267.4,204.4,29,1531.8,127.0,93,1209.7,469.9,4,Rita Kuti Kis
201472,1434.5,109.4,141,1377.4,150.5,67,1412.1,181.8,60,1376.8,339.6,14,Romina Oprandi
201544,1434.3,291.3,1,1500.0,350.0,0,1500.0,350.0,0,1500.0,350.0,0,Oxana Lyubtsova
202418,1434.3,108.1,217,1383.2,230.8,91,1409.7,133.4,111,1349.5,436.6,14,Lara Arruabarrena
211941,1434.3,176.1,8,1453.1,226.1,7,1500.0,350.0,0,1326.4,266.7,1,Zoe Hives
201446,1434.3,81.6,272,1505.4,115.5,190,1403.0,145.9,62,1338.7,254.8,20,Sybille Bammer
201523,1434.2,94.7,237,1386.7,139.2,143,1350.7,179.5,48,1529.6,225.6,45,Marina Erakovic
214741,1434.2,251.3,3,1451.0,248.2,3,1500.0,350.0,0,1500.0,350.0,0,Anastasia Kulikova
201500,1433.7,160.9,7,1359.3,256.6,2,1353.9,241.9,3,1411.0,259.3,2,Nika Ozegovic
201084,1433.6,147.1,26,1503.1,161.7,17,1452.7,232.8,8,1317.5,418.4,1,Nadejda Ostrovskaya
202135,1433.3,149.3,14,1492.7,183.1,8,1430.4,283.8,4,1500.0,350.0,0,Vanessa Henke
207516,1433.2,271.5,2,1500.0,350.0,0,1500.7,279.4,2,1500.0,350.0,0,Fleur Broughton
201392,1433.1,90.7,131,1473.0,134.1,81,1311.1,204.0,28,1386.2,234.3,17,Severine Beltrame
203576,1433.0,115.6,24,1434.2,120.8,23,1500.0,350.0,0,1289.1,353.3,1,Kai Lin Zhang
220842,1433.0,254.3,2,1438.7,256.0,2,1500.0,350.0,0,1500.0,350.0,0,Shrivalli Rashmikaa Bhamidipaty
222878,1432.4,210.6,7,1562.9,220.1,6,1313.0,306.8,1,1500.0,350.0,0,Melisa Ercan
200399,1432.2,293.0,1,1435.2,298.9,1,1500.0,350.0,0,1500.0,350.0,0,Jennifer Mundel
201384,1432.0,227.3,24,1294.1,345.7,5,1368.0,283.1,3,1582.9,423.0,16,Chia Jung Chuang
202078,1432.0,291.8,1,1500.0,350.0,0,1500.0,350.0,0,1500.0,350.0,0,Rosabel Moyen
202509,1432.0,288.2,1,1419.4,283.4,1,1500.0,350.0,0,1500.0,350.0,0,Joelle Schad
203087,1431.7,152.1,15,1459.1,155.3,15,1500.0,350.0,0,1500.0,350.0,0,Sabrina Eisenberg
204427,1431.6,104.8,285,1452.5,128.5,152,1363.4,168.9,109,1269.0,307.7,24,Sara Sorribes Tormo
202367,1431.5,208.5,3,1344.3,231.5,3,1500.0,350.0,0,1500.0,350.0,0,Jing Ren
200062,1431.4,103.8,254,1438.9,140.5,150,1301.5,184.6,57,1446.9,245.8,43,Kristina Brandi
201486,1431.4,132.8,231,1433.0,161.0,146,1361.3,279.2,58,1450.8,335.9,27,Aleksandra Wozniak
202497,1431.4,160.6,20,1427.5,192.7,14,1500.0,350.0,0,1344.0,234.1,6,Victoria Duval
201628,1431.3,209.8,4,1470.8,212.9,4,1500.0,350.0,0,1500.0,350.0,0,Li Li
201867,1431.2,293.7,1,1454.1,311.1,1,1500.0,350.0,0,1500.0,350.0,0,Magdalena Kucerova
200617,1431.0,133.3,422,1441.8,142.2,292,1085.4,344.8,49,1579.5,300.1,49,Kimiko Date Krumm
202812,1431.0,189.5,8,1445.5,192.7,8,1500.0,350.0,0,1500.0,350.0,0,Erica Biro
215219,1431.0,100.5,101,1408.7,121.8,58,1465.3,212.1,29,1441.4,260.3,14,Kaja Juvan
202316,1430.8,155.9,11,1316.2,276.4,1,1500.0,350.0,0,1518.4,168.1,10,Maika Ozaki
201548,1430.6,72.5,415,1479.9,98.0,263,1184.8,166.5,102,1251.8,309.5,50,Ajla Tomljanovic
200681,1430.5,89.8,96,1490.1,133.3,50,1399.8,161.3,34,1356.2,326.9,5,Natalia Baudone
211095,1430.4,74.6,224,1339.1,114.8,123,1518.5,148.5,83,1311.5,234.3,18,Bernarda Pera
203533,1430.3,71.4,284,1373.6,123.6,152,1445.9,114.3,117,1001.9,321.4,15,Anna Karolina Schmiedlova
201928,1430.3,209.8,3,1500.0,350.0,0,1339.8,278.5,1,1500.0,350.0,0,Julia Lutrova
201299,1430.2,109.5,29,1255.0,253.2,4,1437.3,130.9,24,1396.1,306.9,1,Celine Beigbeder
200083,1430.0,143.3,214,1418.5,186.0,123,1199.2,268.1,28,1414.7,442.6,29,Alexandra Stevenson
201380,1429.8,84.0,76,1383.4,129.5,45,1431.4,175.0,16,1306.2,239.0,9,Claudine Schaul
200702,1429.5,96.0,92,1423.6,123.4,66,1535.9,219.6,12,1552.2,216.2,10,Naoko Kijimuta
200126,1429.5,82.7,117,1401.1,112.3,78,1535.3,156.3,27,1273.0,316.4,9,Marissa Irvin
200690,1429.5,91.1,102,1420.1,114.2,66,1464.8,238.6,13,1209.3,300.1,7,Kyoko Nagatsuka
204764,1429.1,146.6,12,1500.0,350.0,0,1603.3,179.9,9,1438.1,246.4,3,Lui Li Shen
200078,1428.9,108.5,88,1516.7,166.5,33,1413.6,146.8,40,1323.4,360.0,8,Barbara Schwartz
200586,1428.8,115.4,95,1065.3,319.7,9,1498.3,129.9,84,1302.5,465.7,2,Federica Bonsignori
201535,1428.7,100.8,290,1373.2,142.4,188,1445.2,237.5,37,1446.4,217.3,65,Coco Vandeweghe
201367,1428.6,119.9,190,1293.1,237.9,75,1390.0,144.8,92,1351.2,296.7,21,Arantxa Parra Santonja
200641,1428.5,90.2,120,1305.6,180.1,21,1470.3,119.4,86,1375.7,327.0,4,Patricia Tarabini
201058,1428.4,213.1,4,1500.0,350.0,0,1373.1,264.9,1,1561.1,281.5,2,Agnes Zugasti
202286,1428.0,164.6,10,1510.5,169.3,9,1500.0,350.0,0,1333.0,470.8,1,Elise Tamaela
200050,1427.8,109.7,177,1381.3,135.3,67,1345.9,219.9,67,1268.6,345.9,19,Sandra Kleinova
200010,1427.5,100.1,392,1452.1,126.7,231,1368.6,165.1,93,1466.0,221.9,39,Rita Grande
201329,1427.5,133.9,729,1474.4,144.7,500,1208.9,284.8,154,1346.7,368.6,60,Vera Zvonareva
206404,1427.5,100.2,45,1451.4,152.9,34,1364.1,216.2,7,1424.9,276.2,4,Elizaveta Kulichkova
201031,1427.5,293.4,1,1500.0,350.0,0,1354.9,290.1,1,1500.0,350.0,0,Niurka Sodupe
200045,1427.4,111.5,112,1415.3,135.7,63,1447.5,311.2,25,1383.7,313.7,14,Tara Snyder
201290,1427.3,98.1,820,1395.0,127.4,526,1220.3,238.1,145,1477.4,202.9,104,Daniela Hantuchova
200579,1427.2,144.2,183,1437.6,194.7,95,1384.1,210.1,58,1386.9,395.4,12,Karin Kschwendt
201441,1427.0,114.2,59,1499.9,126.2,48,1272.0,273.8,9,1248.9,334.7,2,Emma Laine
200123,1427.0,82.4,216,1469.8,123.4,113,1415.3,173.1,69,1348.7,271.7,22,Marlene Weingartner
201330,1426.9,185.0,9,1389.4,247.3,4,1477.1,244.4,5,1500.0,350.0,0,Maria Goloviznina
214304,1426.8,114.4,51,1435.3,125.8,34,1412.1,306.9,11,1299.0,322.3,6,Vera Lapko
200495,1426.2,105.5,65,1354.2,168.3,33,1458.9,164.9,20,1343.1,359.5,4,Akiko Kijimuta
225854,1426.1,278.5,2,1470.1,277.0,2,1500.0,350.0,0,1500.0,350.0,0,Carmen Lopez Martinez
202068,1425.6,245.2,4,1500.0,350.0,0,1447.1,253.0,4,1500.0,350.0,0,Petra Raclavska
201430,1425.5,126.9,29,1501.0,176.3,20,1067.2,221.8,7,1288.4,281.4,2,Yulia Fedossova
202340,1425.3,172.6,7,1411.4,202.6,5,1475.8,255.6,2,1500.0,350.0,0,Caroline Maes
201742,1425.2,184.3,6,1447.6,216.3,4,1452.2,262.2,2,1500.0,350.0,0,Susi Fortun Lohrmann
220466,1425.1,142.7,8,1423.8,182.7,5,1406.7,234.2,2,1340.9,293.9,1,Joanna Garland
201387,1424.8,118.7,270,1506.0,163.3,177,1285.0,174.4,67,1179.1,289.1,20,Sofia Arvidsson
202578,1424.7,253.5,2,1500.0,350.0,0,1418.5,258.7,2,1500.0,350.0,0,Laura Ioana Andrei
200088,1424.7,88.0,143,1388.9,130.5,64,1489.5,145.6,63,994.4,333.0,9,Adriana Gersi
212078,1424.4,276.4,2,1462.6,281.2,2,1500.0,350.0,0,1500.0,350.0,0,Gabriela Duch
219917,1424.2,69.3,122,1420.0,97.0,80,1403.1,132.0,33,1174.4,376.1,9,Alycia Parks
200733,1424.1,186.0,49,1188.0,241.1,5,1585.6,407.9,10,1631.3,322.8,33,Trudi Musgrave
201494,1424.0,156.9,94,1456.9,223.4,43,1354.9,181.1,43,1339.7,292.1,7,Raluca Olaru
202484,1424.0,108.9,95,1434.2,112.1,81,1129.2,329.3,11,1113.3,532.9,3,Nicole Gibbs
202490,1423.6,87.2,175,1546.9,129.3,109,1296.5,163.2,52,1147.9,292.0,14,Rebecca Peterson
215062,1423.6,188.2,4,1343.2,264.6,1,1500.0,350.0,0,1424.5,241.4,3,Carson Branstine
200620,1423.6,147.8,24,1409.0,211.7,13,1536.4,236.3,7,1492.0,298.3,3,Kirrily Sharpe
204942,1423.5,151.4,15,1500.0,350.0,0,1500.0,350.0,0,1464.5,152.8,15,Madita Suer
201803,1423.5,294.9,1,1500.0,350.0,0,1374.8,305.0,1,1500.0,350.0,0,Gabriela Castro
202445,1423.2,193.6,9,1422.0,236.8,6,1461.7,259.0,3,1500.0,350.0,0,Valeria Solovieva
201044,1423.2,138.6,51,1403.4,349.2,4,1449.1,152.0,43,1500.0,350.0,0,Catherine Mothes Jobkel
201555,1423.1,174.2,380,1374.8,214.2,177,1477.1,213.5,170,1219.1,363.8,32,Polona Hercog
201643,1423.1,208.3,3,1500.0,350.0,0,1428.7,222.1,3,1500.0,350.0,0,Eva Fernandez Brugues
206294,1423.0,78.2,116,1429.3,89.6,90,1327.9,227.0,13,1213.6,273.7,13,Yue Yuan
202983,1422.9,157.4,10,1451.3,161.5,10,1500.0,350.0,0,1500.0,350.0,0,Chisayo Ito
201529,1422.8,105.1,45,1433.5,173.6,29,1354.8,224.5,7,1443.7,222.0,9,Kristie Ahn
201570,1422.7,102.3,63,1444.7,119.0,44,1373.2,269.7,9,1416.0,276.8,8,Vesna Dolonc
203514,1422.7,109.8,47,1260.7,198.2,18,1522.3,157.4,26,1492.7,449.8,3,Katarzyna Kawa
201067,1422.7,201.9,10,1500.0,350.0,0,1449.8,221.3,8,1538.5,341.0,2,Caroline Dhenin
215898,1422.2,92.8,91,1392.3,126.9,38,1353.4,172.2,32,1471.7,216.2,21,Jule Niemeier
200115,1421.9,113.4,53,1366.2,137.7,35,1272.7,345.4,9,1698.4,251.3,6,Brie Rippner
201811,1421.7,217.1,5,1389.0,229.2,5,1500.0,350.0,0,1500.0,350.0,0,Young Ja Choi
200570,1421.7,111.0,152,1336.5,219.4,34,1476.6,124.5,111,1067.3,388.1,7,Veronika Martinek
202507,1421.6,285.0,1,1432.9,292.7,1,1500.0,350.0,0,1500.0,350.0,0,Wing Yau Venise Chan
201838,1421.6,180.5,7,1544.3,254.4,2,1346.3,226.0,5,1500.0,350.0,0,Federica Fortuni
204431,1421.4,119.0,148,1443.2,135.8,82,1349.2,226.3,46,1185.1,361.7,19,Anna Lena Friedsam
200658,1421.4,110.0,156,1464.9,144.2,100,1445.2,255.7,38,1096.2,428.1,8,Fang Li
201946,1421.3,228.5,3,1409.5,284.2,1,1512.3,267.7,2,1500.0,350.0,0,Jean Ceniza
200712,1421.2,120.7,50,1173.7,263.6,6,1522.8,136.1,40,1367.6,424.5,3,Katerina Kroupova
200708,1420.8,111.8,153,1487.0,126.0,85,1299.6,267.0,41,1424.9,343.1,12,Sandra Cacic
202510,1420.8,280.3,1,1500.0,350.0,0,1393.5,275.8,1,1500.0,350.0,0,Natacha Randriantefy
200678,1420.4,125.9,73,1212.4,206.0,21,1517.1,168.6,38,1535.9,483.2,10,Gloria Pizzichini
200622,1420.4,106.6,81,1385.8,135.5,44,1462.5,268.0,18,1363.2,313.0,13,Maya Kidowaki
202480,1419.3,124.7,42,1305.2,180.0,17,1408.4,196.9,17,1349.6,262.3,8,Richel Hogenkamp
201485,1419.2,117.3,224,1411.6,133.1,147,1352.3,253.1,49,1448.5,355.8,28,Alla Kudryavtseva
202408,1419.2,285.0,1,1409.2,283.4,1,1500.0,350.0,0,1500.0,350.0,0,Amanda Fink
202450,1419.1,107.4,147,1379.8,139.7,88,1397.8,191.9,42,1447.8,355.2,17,Jana Cepelova
201328,1418.7,93.3,84,1360.7,169.9,29,1350.0,156.0,32,1423.7,219.3,18,Milagros Sequera
201819,1418.6,204.0,4,1500.0,350.0,0,1433.2,211.1,4,1500.0,350.0,0,Esmir Hoogendoorn
200627,1418.5,119.8,114,1276.5,204.3,26,1472.9,158.6,70,1197.5,370.2,2,Petra Schwarz
202230,1418.4,285.5,1,1423.4,289.6,1,1500.0,350.0,0,1500.0,350.0,0,Mami Donoshiro
252499,1418.3,129.0,14,1414.6,166.4,11,1390.3,196.8,3,1500.0,350.0,0,Alina Korneeva
202282,1418.1,300.7,1,1418.1,300.7,1,1500.0,350.0,0,1500.0,350.0,0,Goulnara Fattakhetdinova
200419,1418.0,103.0,124,1403.8,149.6,66,1403.0,192.5,30,1421.2,238.0,12,Kathy Rinaldi Stunkel
214826,1417.9,148.4,13,1397.6,297.4,2,1408.7,179.4,10,1355.6,383.7,1,Susan Bandecchi
200023,1417.8,134.0,57,1446.0,143.1,25,1615.3,396.1,11,1334.2,401.0,13,Bryanne Stewart
200491,1417.8,91.4,104,1457.6,129.9,50,1192.7,272.4,13,1545.4,199.3,23,Christina Singer
202170,1417.7,284.5,1,1388.7,275.9,1,1500.0,350.0,0,1500.0,350.0,0,Paula Cabezas
201385,1417.5,127.8,108,1376.8,153.8,69,1391.7,249.5,31,1389.0,438.3,6,Yuliana Fedak
201438,1417.4,141.9,100,1448.5,148.7,68,1199.5,314.4,23,1328.3,439.2,5,Ekaterina Bychkova
201688,1416.9,252.9,2,1500.0,350.0,0,1431.0,262.4,2,1500.0,350.0,0,Claire De Gubernatis
200395,1416.8,118.3,52,1474.8,240.5,15,1291.8,311.5,8,1284.9,301.3,6,Catherine Tanvier
201434,1416.4,206.5,4,1500.0,350.0,0,1275.0,300.4,2,1471.0,237.4,2,Sabine Klaschka
212805,1416.3,282.6,1,1422.8,287.3,1,1500.0,350.0,0,1500.0,350.0,0,Paige Mary Hourigan
200614,1416.2,113.1,148,1492.0,191.5,44,1364.5,141.6,88,1439.1,292.2,8,Elena Pampoulova
202421,1416.0,106.8,274,1483.6,200.4,178,1299.9,217.1,55,1261.3,236.1,41,Alison Van Uytvanck
214452,1416.0,85.0,124,1394.1,109.6,87,1404.0,176.6,25,1320.9,268.7,12,Caroline Dolehide
201524,1416.0,187.9,231,1450.4,197.6,167,1287.9,340.9,32,1434.4,515.8,31,Urszula Radwanska
214301,1416.0,192.9,6,1500.0,350.0,0,1409.4,198.1,6,1500.0,350.0,0,Tatiana Pieri
201489,1415.9,100.2,96,1478.7,136.1,46,1332.3,156.0,43,1152.7,299.5,7,Mariya Koryttseva
201471,1415.8,153.3,11,1379.9,334.9,1,1500.0,350.0,0,1427.0,195.6,10,Naomi Cavaday
201375,1415.8,102.9,101,1424.6,145.0,63,1282.4,202.0,17,1481.7,246.2,20,Shenay Perry
201200,1415.8,122.8,18,1460.4,269.7,4,1496.7,151.9,10,1120.7,270.7,4,Miriam Schnitzer
202314,1415.7,281.4,1,1404.0,280.0,1,1500.0,350.0,0,1500.0,350.0,0,Leslie Koffi
213710,1415.5,73.3,138,1475.7,95.3,87,1112.4,198.4,37,1465.4,291.9,14,Cristina Bucsa
200547,1415.4,86.1,87,1408.0,113.2,49,1381.6,189.0,28,1362.2,367.8,3,Sandra Wasserman
201653,1415.4,210.0,5,1500.0,350.0,0,1374.5,214.8,5,1500.0,350.0,0,Ellen Allgurin
200357,1415.2,101.5,161,1469.4,172.7,78,1364.6,277.6,16,1387.5,220.0,37,Rosalyn Fairbank
204388,1415.2,179.7,7,1386.3,276.3,1,1407.8,205.6,6,1500.0,350.0,0,Lisa Maria Moser
200596,1415.1,201.5,4,1500.0,350.0,0,1323.9,298.4,1,1500.0,350.0,0,Sabine Krein Auer
201310,1414.9,78.4,169,1365.2,138.4,71,1448.2,119.6,88,1318.2,389.1,7,Martina Muller
200443,1414.8,91.0,49,1358.4,141.8,26,1267.7,210.6,5,1396.4,208.5,14,Sara Gomer
202506,1414.7,146.4,107,1430.0,187.5,79,1243.9,299.3,17,1335.0,298.6,11,Margarita Gasparyan
215872,1414.7,76.3,136,1380.3,104.1,75,1350.4,165.9,51,1521.9,293.4,10,Kamilla Rakhimova
200629,1414.7,85.7,52,1434.8,151.5,22,1383.8,140.3,24,1539.6,283.2,4,Cristina Tessi
201346,1414.4,94.9,71,1388.2,122.9,36,1400.6,151.8,31,1412.7,375.0,1,Lubomira Kurhajcova
202202,1414.2,245.5,2,1433.0,246.5,2,1500.0,350.0,0,1500.0,350.0,0,Su Jen Lai
201344,1414.2,84.2,557,1316.5,113.4,271,1459.6,196.6,215,1458.1,246.9,55,Klara Koukalova
202426,1414.1,99.6,26,1443.1,133.3,18,1251.0,263.5,2,1444.8,225.8,6,Julia Boserup
238064,1414.1,142.9,12,1442.8,145.8,11,1292.0,338.7,1,1500.0,350.0,0,Clervie Ngounoue
200009,1413.9,139.9,563,1442.3,157.1,368,1157.4,365.2,59,1344.4,242.6,123,Tamarine Tanasugarn
201750,1413.6,252.8,2,1419.5,253.3,2,1500.0,350.0,0,1500.0,350.0,0,Ann Stephenson
200726,1413.4,95.4,71,1343.5,145.7,33,1480.2,259.1,10,1534.5,194.2,20,Nancy Feber
214181,1413.3,156.3,26,1539.8,175.6,20,1184.1,283.3,3,1218.0,343.0,3,Anastasia Gasanova
211796,1413.1,151.7,29,1415.2,162.7,25,1390.0,313.5,2,1477.0,304.7,2,Francoise Abanda
203064,1412.5,158.8,12,1439.0,160.6,12,1500.0,350.0,0,1500.0,350.0,0,Hsueh Li Hsu
215020,1412.2,75.7,253,1429.8,101.2,166,1242.5,169.0,55,1436.6,271.2,32,Anna Blinkova
202311,1412.2,281.3,1,1500.0,350.0,0,1439.2,301.6,1,1500.0,350.0,0,Petra Dizdar
201597,1411.9,114.0,201,1386.0,164.9,144,1379.9,200.6,34,1336.2,298.2,23,Kurumi Nara
202357,1411.9,187.5,6,1500.0,350.0,0,1374.0,204.2,6,1500.0,350.0,0,Madalina Gojnea
202374,1411.9,210.6,11,1500.0,350.0,0,1356.6,274.3,1,1475.7,242.1,10,Nicole Kriz
216074,1411.7,166.8,8,1311.9,286.8,1,1449.6,192.6,7,1500.0,350.0,0,Anna Siskova
202359,1411.4,231.0,15,1216.9,273.5,5,1500.0,350.0,0,1589.2,411.9,10,Chin Wei Chan
201301,1411.2,88.9,142,1451.3,116.0,98,1185.3,193.4,30,1248.4,299.8,9,Camille Pin
201469,1411.0,151.7,30,1370.2,327.2,8,1237.8,385.0,1,1386.2,190.0,21,Melanie South
201531,1410.9,93.7,132,1331.7,146.9,36,1418.0,146.3,83,1297.2,298.9,13,Mariana Duque Marino
200621,1410.5,100.2,128,1487.4,164.2,73,1212.1,198.5,26,1340.6,206.0,18,Isabelle Demongeot
200392,1410.4,111.6,111,1442.7,212.1,46,1399.9,345.3,10,1393.9,172.1,34,Jo Durie
202410,1409.8,161.3,11,1418.4,206.4,7,1363.6,280.3,4,1500.0,350.0,0,Sofia Shapatava
201549,1409.4,87.1,427,1399.8,112.9,244,1346.9,185.3,135,1455.8,215.4,44,Petra Martic
201578,1409.3,107.2,91,1456.3,116.2,75,1189.9,453.8,8,1136.5,394.4,8,Kai Chen Chang
221109,1409.1,281.9,1,1408.3,284.0,1,1500.0,350.0,0,1500.0,350.0,0,Boyoung Jeong
223333,1409.0,147.3,15,1351.1,359.6,1,1450.1,160.6,14,1500.0,350.0,0,Noma Noha Akugue
211684,1409.0,68.8,214,1434.8,93.8,126,1287.7,152.1,59,1279.6,319.0,29,Magdalena Frech
200584,1408.9,87.8,213,1311.5,165.7,65,1304.4,167.4,66,1546.8,215.5,53,Laura Golarsa
201599,1408.2,132.3,100,1433.5,187.6,47,1358.0,271.1,28,1394.9,221.8,25,Andrea Hlavackova
200589,1408.1,98.2,84,1340.1,146.7,50,1504.7,161.8,28,1391.9,477.4,1,Halle Cioffi
222891,1408.0,277.4,2,1405.8,279.2,2,1500.0,350.0,0,1500.0,350.0,0,Maria Martinez Vaquero
211901,1407.7,137.9,37,1365.3,233.3,14,1340.6,164.7,22,1243.7,400.3,1,Aliona Bolsova
201751,1407.5,182.2,8,1427.2,280.2,4,1424.7,219.6,4,1500.0,350.0,0,Melissa Mazzotta
200346,1407.5,104.9,88,1349.8,129.1,54,1421.7,225.8,9,1656.6,283.6,14,Anne Minter
201313,1407.2,117.9,104,1426.9,127.2,83,1285.3,324.0,7,1387.4,271.2,12,Yoon Jeong Cho
201460,1407.2,99.4,55,1447.6,115.4,47,1142.1,299.6,4,1230.6,315.6,4,Meng Yuan
202496,1407.1,109.2,25,1425.3,129.2,22,1336.2,271.1,1,1425.1,256.9,2,Samantha Crawford
221014,1407.1,228.9,4,1500.0,350.0,0,1442.9,254.5,4,1500.0,350.0,0,Francesca Curmi
200615,1407.1,97.5,129,1397.5,140.8,75,1355.4,299.3,23,1516.1,235.1,18,Kristin Godridge
215480,1407.0,76.5,68,1433.8,91.3,42,1389.2,210.3,17,1409.7,248.1,9,Suzan Lamens
221746,1407.0,269.2,1,1500.0,350.0,0,1390.8,266.5,1,1500.0,350.0,0,Oceane Babel
215806,1406.9,279.1,1,1500.0,350.0,0,1396.7,294.4,1,1500.0,350.0,0,Alice Robbe
200569,1406.8,100.5,163,1417.2,186.6,40,1413.0,122.4,94,1192.4,394.0,7,Petra Langrova
200067,1406.6,150.4,838,1486.3,289.0,436,1335.9,173.8,305,1095.5,585.5,36,Patty Schnyder
206219,1406.6,126.5,128,1444.6,148.1,77,1321.0,215.3,42,1139.6,347.0,9,Oceane Dodin
201080,1406.5,125.1,16,1332.3,264.0,1,1500.0,350.0,0,1404.0,181.2,13,Louise Latimer
202246,1406.1,214.3,6,1550.1,227.8,5,1339.1,344.1,1,1500.0,350.0,0,Ines Heise
201459,1406.1,109.7,91,1431.1,128.7,60,1346.5,201.3,25,1156.9,320.8,6,Zi Yan
202489,1406.0,80.9,118,1477.5,125.0,66,1245.5,159.8,35,1290.1,208.5,17,Carina Witthoeft
201556,1405.9,152.6,213,1388.4,166.9,112,1469.5,239.1,92,1145.4,506.2,9,Lucie Hradecka
201616,1405.9,96.7,325,1398.9,139.0,210,1334.6,182.0,66,1234.3,242.8,49,Lauren Davis
214459,1405.7,85.3,167,1415.9,114.4,102,1264.9,179.4,49,1194.7,254.1,16,Lucia Bronzetti
201576,1405.7,139.2,13,1399.1,148.0,13,1500.0,350.0,0,1500.0,350.0,0,Valerie Tetreault
201864,1405.6,264.9,3,1386.1,309.4,1,1473.4,290.0,2,1500.0,350.0,0,Celeste Contin
239456,1405.5,122.3,17,1482.4,173.9,10,1264.3,193.5,7,1500.0,350.0,0,Tiantsoa Sarah Rakotomanga Rajaonah
200066,1405.4,90.9,269,1289.1,149.5,71,1472.0,127.0,169,1366.2,287.8,20,Cristina Torrens Valero
200515,1405.3,270.0,2,1405.3,270.0,2,1500.0,350.0,0,1500.0,350.0,0,Lindsay Bartlett
200706,1405.2,89.4,148,1357.7,148.4,67,1457.9,141.1,58,1273.6,270.2,14,Catalina Cristea
216262,1405.0,112.4,114,1436.6,140.1,60,1337.5,158.7,46,1213.6,281.5,8,Clara Burel
202031,1404.9,216.7,6,1500.0,350.0,0,1384.0,234.6,6,1500.0,350.0,0,Rosa Maria Andres Rodriguez
202309,1404.9,160.0,10,1449.3,173.9,9,1335.6,284.1,1,1500.0,350.0,0,Ana Lucia Migliarini De Leon
200387,1404.9,232.5,3,1388.3,286.0,1,1500.0,350.0,0,1500.0,350.0,0,Anne White
200745,1404.2,96.7,120,1306.6,152.6,39,1419.2,161.0,58,1263.9,328.2,10,Andrea Glass
200704,1403.9,144.7,64,1453.3,212.1,24,1349.5,178.7,34,1528.5,511.6,2,Maria Jose Gaidano
201558,1403.5,266.0,1,1500.0,350.0,0,1376.1,258.7,1,1500.0,350.0,0,Lauren Embree
214728,1403.5,226.7,3,1359.3,245.3,3,1500.0,350.0,0,1500.0,350.0,0,Ashley Kratzer
200749,1403.4,90.7,89,1393.1,144.8,41,1389.1,140.4,33,1441.4,301.8,7,Samantha Reeves
204650,1403.4,203.3,6,1500.0,350.0,0,1500.0,350.0,0,1467.5,209.5,6,Anita Kurimay
200092,1403.3,102.4,40,1403.4,154.8,13,1329.6,167.5,20,1609.5,268.9,4,Sandra Nacuk
221190,1403.2,274.2,1,1500.0,350.0,0,1360.2,277.1,1,1500.0,350.0,0,Julia Middendorf
221236,1403.0,87.9,53,1427.4,104.7,38,1269.8,210.3,10,1303.5,346.1,5,Polina Kudermetova
201694,1402.7,277.9,1,1500.0,350.0,0,1385.3,279.0,1,1500.0,350.0,0,Silvia Njiric
201361,1402.6,123.2,127,1409.4,152.5,62,1368.0,192.1,59,1081.6,430.1,5,Julia Schruff
200362,1402.6,101.3,88,1328.5,160.9,46,1166.0,361.1,3,1518.1,205.3,22,Liz Smylie
201810,1402.4,182.6,6,1475.8,187.9,5,1500.0,350.0,0,1500.0,350.0,0,Yuko Hosoki
211544,1402.4,244.8,4,1391.6,294.3,2,1412.7,284.9,2,1500.0,350.0,0,Nagi Hanatani
200024,1402.3,86.1,255,1393.3,116.3,144,1142.4,192.4,42,1464.8,250.9,36,Maria Vento Kabchi
202036,1402.3,275.6,1,1394.1,278.3,1,1500.0,350.0,0,1500.0,350.0,0,Kristi Bastian
201859,1402.2,187.3,9,1400.2,213.1,6,1432.4,269.6,3,1500.0,350.0,0,Luciana Masante
203091,1402.0,183.8,25,1437.7,192.6,24,1500.0,350.0,0,1384.4,308.7,1,Yumiko Kitamura
228910,1402.0,278.7,2,1500.0,350.0,0,1501.6,280.7,2,1500.0,350.0,0,Tilwith Di Girolami
200698,1401.8,119.6,100,1385.5,230.4,31,1477.7,144.6,52,1150.7,397.3,4,Petra Begerow
200674,1401.8,105.7,143,1302.8,259.5,39,1396.1,123.8,99,1287.7,499.6,4,Bettina Fulco
201516,1401.6,104.3,192,1437.1,145.2,118,1100.8,303.9,45,1302.9,284.7,28,Evgeniya Rodina
202030,1401.6,277.5,1,1500.0,350.0,0,1385.9,281.1,1,1500.0,350.0,0,Carolina Rodriguez
200668,1401.6,88.8,97,1280.6,267.8,14,1437.6,121.0,66,1425.0,219.7,10,Silke Frankl
202503,1401.6,100.4,58,1425.7,136.8,49,1156.0,260.9,5,1369.1,268.4,4,Luksika Kumkhum
204515,1401.3,256.2,3,1500.0,350.0,0,1500.0,350.0,0,1401.3,256.2,3,Ella Ionescu
202075,1401.2,242.6,3,1500.0,350.0,0,1446.3,286.9,2,1500.0,350.0,0,Julia Jehs
204052,1400.6,203.5,7,1370.2,249.8,4,1500.0,350.0,0,1529.8,256.7,3,Nao Akahori
202642,1400.2,273.4,1,1500.0,350.0,0,1424.6,298.4,1,1500.0,350.0,0,Gioia Barbieri
221994,1400.2,295.2,1,1406.8,296.8,1,1500.0,350.0,0,1500.0,350.0,0,Demi Tran
203117,1400.2,159.6,16,1500.0,350.0,0,1500.0,350.0,0,1471.1,164.8,16,Jenny Belobrajdic
201353,1400.2,185.6,7,1352.6,195.1,6,1500.0,350.0,0,1479.9,335.1,1,Stanislava Hrozenska
204411,1400.1,106.2,59,1404.6,111.2,45,1281.4,332.4,12,1174.0,400.6,2,Storm Hunter
201924,1400.0,217.7,4,1401.9,287.5,1,1500.0,350.0,0,1500.0,350.0,0,Caroline Delisle
202694,1399.9,89.3,77,1252.7,152.2,21,1428.4,130.1,52,1120.3,297.6,4,Teliana Pereira
232447,1399.8,148.7,9,1298.1,243.9,2,1351.5,290.5,1,1512.2,202.7,6,Celine Naef
222233,1399.6,107.4,24,1429.3,112.6,21,1320.2,303.2,2,1392.8,355.5,1,Marina Stakusic
201376,1399.5,116.1,51,1420.9,123.1,45,1150.3,327.0,5,1478.6,545.9,1,Angela Haynes
214461,1399.5,117.3,163,1328.7,137.2,83,1459.9,194.7,69,1268.0,433.9,11,Tamara Zidansek
201639,1399.2,277.5,1,1500.0,350.0,0,1351.5,289.6,1,1500.0,350.0,0,Yevheniia Savranska
200114,1399.0,103.7,106,1309.6,152.4,38,1447.9,144.5,59,1301.7,399.9,7,Patricia Wartusch
203058,1398.9,132.1,26,1443.8,137.3,26,1500.0,350.0,0,1500.0,350.0,0,Yoshiko Sasano
201623,1398.9,214.3,3,1377.3,222.7,3,1500.0,350.0,0,1500.0,350.0,0,Jing Jing Chen
215138,1398.7,81.2,66,1389.8,97.8,47,1282.0,229.8,8,1453.7,229.9,11,Lulu Sun
206255,1398.7,133.2,93,1387.8,191.2,49,1361.0,187.6,40,1248.5,469.7,4,Patricia Maria Tig
202091,1398.6,263.9,2,1500.0,350.0,0,1500.0,350.0,0,1500.0,350.0,0,Olga Ivanova
203572,1398.6,275.4,1,1414.5,283.1,1,1500.0,350.0,0,1500.0,350.0,0,Polina Monova
214123,1398.6,276.9,1,1500.0,350.0,0,1356.2,293.2,1,1500.0,350.0,0,Kristina Schmiedlova
200074,1398.5,116.5,35,1415.0,137.8,24,1337.0,247.9,5,1278.7,356.8,2,Jane Chi
221219,1398.2,273.0,2,1500.0,350.0,0,1407.9,272.8,2,1500.0,350.0,0,Lucie Petruzelova
210337,1398.2,143.6,11,1245.9,268.7,3,1425.2,227.0,4,1606.7,242.8,4,Natalija Stevanovic
201427,1398.0,107.1,741,1347.8,156.1,427,1232.4,162.0,228,1418.3,262.1,71,Alize Cornet
203404,1397.8,147.2,13,1500.0,350.0,0,1500.0,350.0,0,1465.3,151.2,13,Svenja Weidemann
202322,1397.5,224.0,7,1458.4,228.3,7,1500.0,350.0,0,1500.0,350.0,0,Maki Arai
206242,1397.4,76.2,287,1383.8,98.9,181,1269.4,173.6,66,1522.2,260.3,40,Beatriz Haddad Maia
201428,1397.3,116.7,118,1277.1,220.2,34,1393.3,135.3,73,1479.5,248.3,11,Mathilde Johansson
200550,1397.2,288.1,1,1500.0,350.0,0,1373.2,295.8,1,1500.0,350.0,0,Emmanuelle Derly
201567,1397.2,142.8,186,1431.7,400.0,92,1327.2,161.9,78,1398.8,392.5,15,Alexandra Dulgheru
201318,1397.1,149.5,304,1391.6,157.7,183,1393.7,330.7,86,1418.3,474.7,28,Bethanie Mattek Sands
201321,1397.1,104.5,141,1428.3,166.2,70,1332.4,136.0,60,1276.1,294.7,9,Antonella Serra Zanetti
200498,1397.1,84.6,92,1431.7,95.9,64,1190.5,314.9,9,1455.1,274.6,12,Michelle Jaggard Lai
202356,1396.9,278.9,1,1500.0,350.0,0,1392.1,292.6,1,1500.0,350.0,0,Nikola Frankova
201563,1396.8,145.9,13,1402.7,165.1,10,1457.6,267.0,3,1500.0,350.0,0,Darya Kustova
214149,1396.7,121.5,130,1381.8,135.3,87,1299.0,261.6,29,1383.5,309.0,14,Viktoria Hruncakova
202189,1396.7,275.1,1,1500.0,350.0,0,1325.8,285.2,1,1500.0,350.0,0,Anne Sophie Bittighoffer
200640,1396.6,108.0,160,1314.1,248.2,44,1389.1,160.3,88,1417.7,250.8,8,Mercedes Paz
202027,1396.5,273.7,1,1500.0,350.0,0,1330.1,279.5,1,1500.0,350.0,0,Elena Salvador Reja
204648,1396.4,211.4,5,1403.8,211.4,5,1500.0,350.0,0,1500.0,350.0,0,Reiko Ino
200770,1396.3,118.1,123,1417.5,171.1,49,1407.5,176.8,56,1046.1,460.0,8,Stephanie Cohen Aloro
200090,1396.0,80.2,173,1404.6,93.6,86,1384.2,229.7,66,1301.2,294.5,12,Anca Barna
201049,1396.0,177.1,10,1500.0,350.0,0,1374.6,206.1,6,1500.0,350.0,0,Denisa Krajcovicova
202360,1395.9,274.9,1,1500.0,350.0,0,1500.0,350.0,0,1401.6,298.6,1,Marrit Boonstra
201300,1395.7,107.1,92,1348.3,210.5,44,1339.4,132.7,45,1412.4,1095.3,1,Maria Emilia Salerni
202026,1395.7,275.1,1,1500.0,350.0,0,1357.6,283.5,1,1500.0,350.0,0,Noelia Serra Djamdjean
203183,1395.6,177.3,10,1500.0,350.0,0,1500.0,350.0,0,1419.7,178.8,10,Christina Horiatopoulos
221364,1395.6,294.4,1,1500.0,350.0,0,1360.5,311.7,1,1500.0,350.0,0,Denislava Glushkova
216055,1395.6,205.8,5,1565.8,235.5,4,1329.8,292.0,1,1500.0,350.0,0,Francisca Jorge
201212,1395.5,92.9,812,1297.8,158.8,460,1424.9,149.2,238,1244.6,220.0,81,Francesca Schiavone
211809,1395.5,187.4,6,1500.0,350.0,0,1426.9,192.8,6,1500.0,350.0,0,Daria Lodikova
203008,1395.5,210.5,6,1395.5,210.5,6,1500.0,350.0,0,1500.0,350.0,0,Miyako Ataka
211225,1395.3,274.3,1,1416.6,285.1,1,1500.0,350.0,0,1500.0,350.0,0,Quinn Gleason
200692,1395.3,110.5,32,1188.1,232.4,8,1519.3,143.7,21,1404.5,300.6,1,Marzia Grossi
201374,1394.9,260.9,1,1402.3,267.8,1,1500.0,350.0,0,1500.0,350.0,0,Gabriela Lastra
238075,1394.9,100.4,22,1267.8,142.2,11,1459.5,162.9,11,1500.0,350.0,0,Petra Marcinko
200730,1394.9,119.8,17,1441.7,132.1,14,1287.2,316.6,2,1363.4,326.9,1,Min Tang
200475,1394.9,240.9,3,1394.9,240.9,3,1500.0,350.0,0,1500.0,350.0,0,Lisa Oneill
200055,1394.7,79.6,215,1315.8,116.6,76,1412.2,145.4,125,1182.8,304.9,14,Mariana Diaz Oliva
220742,1394.5,163.6,7,1261.8,312.8,1,1451.6,174.5,6,1500.0,350.0,0,Leyre Romero Gormaz
202301,1394.4,136.9,17,1367.6,165.3,12,1343.6,312.9,2,1569.8,249.3,3,Sunitha Rao
200959,1394.3,139.1,62,1390.5,154.0,45,1500.0,350.0,0,1322.9,332.4,5,Mareen Louie Harper
202046,1394.1,282.5,1,1393.3,284.1,1,1500.0,350.0,0,1500.0,350.0,0,Maaike Koutstaal
202381,1393.9,282.0,1,1347.1,292.5,1,1500.0,350.0,0,1500.0,350.0,0,Ksenia Milevskaya
206292,1393.8,118.4,75,1231.5,242.0,29,1443.7,151.1,41,1152.9,408.5,5,Astra Sharma
202148,1393.8,273.2,1,1500.0,350.0,0,1410.7,283.9,1,1500.0,350.0,0,Alena Havrlikova
200574,1393.7,106.0,90,1400.7,122.1,49,1407.4,267.7,27,1098.8,405.7,3,Eva Sviglerova
201480,1393.6,138.2,17,1429.3,171.2,13,1341.6,241.2,4,1500.0,350.0,0,Lioudmila Skavronskaia
201839,1393.5,238.9,4,1500.0,350.0,0,1274.7,240.6,3,1500.0,350.0,0,Syna Schreiber
202270,1393.4,259.3,3,1500.0,350.0,0,1371.9,276.0,3,1500.0,350.0,0,Habiba Ifrakh
200054,1393.4,75.1,142,1447.4,132.9,59,1402.6,128.5,55,1519.8,222.6,13,Sylvia Plischke
211685,1393.2,79.4,98,1383.7,93.3,68,1236.0,216.7,20,1436.9,257.9,10,Rebecca Sramkova
200022,1393.0,102.9,301,1283.9,151.0,130,1454.7,167.6,135,1399.7,267.9,30,Emmanuelle Gagliardi
201449,1392.8,175.7,17,1309.5,277.2,2,1500.0,350.0,0,1525.5,220.7,15,Lauren Breadmore
221124,1392.8,152.3,10,1395.1,153.2,10,1500.0,350.0,0,1500.0,350.0,0,Himeno Sakatsume
202188,1392.6,229.9,3,1500.0,350.0,0,1386.9,233.0,3,1500.0,350.0,0,Valerie Batut
213949,1392.5,247.5,2,1500.0,350.0,0,1377.4,264.0,2,1500.0,350.0,0,Hanna Chang
200680,1392.5,129.5,53,1299.8,232.8,12,1440.2,150.4,35,1242.5,381.3,1,Nadin Ercegovic
201573,1392.5,116.2,102,1412.8,179.9,55,1424.6,234.2,20,1380.0,204.9,27,Laura Robson
200019,1392.5,100.7,235,1306.5,195.0,71,1458.2,141.0,123,1153.7,414.7,17,Alexandra Fusai
205039,1392.2,202.5,5,1442.7,206.1,5,1500.0,350.0,0,1500.0,350.0,0,Jacqueline Frohlich
246493,1392.2,215.8,4,1318.9,282.8,1,1535.0,249.1,3,1500.0,350.0,0,Elena Ruxandra Bertea
200631,1392.1,195.0,7,1461.8,218.8,5,1341.9,316.1,1,1500.0,350.0,0,Maria Ekstrand
261038,1392.0,235.2,3,1385.9,237.1,3,1500.0,350.0,0,1500.0,350.0,0,Vaishnavi Adkar
202179,1391.9,288.8,1,1402.1,291.7,1,1500.0,350.0,0,1500.0,350.0,0,Shelley Bartlett
215899,1391.9,99.6,32,1331.4,178.0,8,1384.4,134.9,23,1287.2,468.1,1,Simona Waltert
200511,1391.7,209.5,3,1500.2,238.6,2,1500.0,350.0,0,1500.0,350.0,0,Amy Jonsson
201393,1391.5,153.4,8,1306.5,218.4,3,1495.9,239.8,3,1464.5,287.1,2,Kelly Mccain
204503,1391.4,328.5,1,1500.0,350.0,0,1500.0,350.0,0,1500.0,350.0,0,Zorica Glisic
201205,1391.3,174.1,9,1313.2,226.5,5,1523.1,247.4,4,1500.0,350.0,0,Tracy Almeda Singian
200735,1391.2,136.9,98,1349.4,171.0,62,1401.8,517.9,7,1504.8,285.5,22,Miho Saeki
201456,1391.2,134.4,112,1376.0,143.0,76,1363.8,514.3,34,1356.9,918.0,2,Olga Savchuk
204209,1391.1,154.8,11,1500.0,350.0,0,1500.0,350.0,0,1425.9,159.7,11,Gabrielle Baker
201389,1391.1,137.7,25,1220.0,191.8,11,1438.7,170.4,13,1277.9,394.1,1,Zuzana Kucova
201537,1391.0,98.2,124,1349.0,121.3,54,1355.6,160.0,64,1088.7,460.2,6,Patricia Mayr Achleitner
202614,1390.8,231.9,3,1387.9,235.2,3,1500.0,350.0,0,1500.0,350.0,0,Jacqueline Cako
267382,1390.7,255.2,2,1392.5,275.3,2,1500.0,350.0,0,1500.0,350.0,0,Nauhany Vitoria Leme Da Silva
202495,1390.6,275.6,1,1405.6,282.3,1,1500.0,350.0,0,1500.0,350.0,0,Jennifer Elie
207947,1390.5,245.2,4,1390.5,245.2,4,1500.0,350.0,0,1500.0,350.0,0,Yamile Fors Guerra
221469,1390.4,290.3,1,1500.0,350.0,0,1384.3,291.2,1,1500.0,350.0,0,Beatrice Ricci
201617,1390.1,205.8,11,1336.1,304.5,4,1464.9,272.6,6,1500.0,350.0,0,Ana Vrljic
201920,1390.0,184.2,8,1414.5,247.2,4,1500.0,350.0,0,1500.0,350.0,0,Renata Kolbovic
200581,1390.0,122.4,28,1430.6,160.1,19,1350.8,331.0,1,1508.7,322.1,2,Tamaka Takagi
260581,1389.8,206.2,5,1500.0,350.0,0,1427.5,212.5,5,1500.0,350.0,0,Alevtina Ibragimova
201381,1389.6,105.6,81,1368.5,132.6,63,1395.7,215.8,12,1283.7,312.6,6,Tian Tian Sun
214697,1389.6,292.0,1,1399.7,295.4,1,1500.0,350.0,0,1500.0,350.0,0,Charlotte Robillard Millette
202125,1389.4,286.0,1,1380.9,285.3,1,1500.0,350.0,0,1500.0,350.0,0,Phorhathai Suksamran
201565,1389.1,197.7,28,1355.7,249.6,14,1400.7,266.5,12,1305.2,361.9,2,Katarzyna Piter
216579,1389.0,221.8,3,1500.0,350.0,0,1337.1,251.5,3,1500.0,350.0,0,Weronika Falkowska
216139,1388.8,183.5,8,1481.2,291.7,2,1431.0,205.6,6,1500.0,350.0,0,Sofya Lansere
200565,1388.7,111.2,28,1296.2,240.3,7,1378.4,154.7,13,1502.0,277.6,2,Nathalie Guerree Spitzer
214546,1388.7,310.4,1,1500.0,350.0,0,1388.7,310.4,1,1500.0,350.0,0,Ekaterina Kazionova
201604,1388.6,103.5,114,1351.0,130.9,67,1430.4,223.8,33,1327.3,273.3,14,Irina Falconi
202158,1388.4,289.3,1,1500.0,350.0,0,1393.3,295.0,1,1500.0,350.0,0,Cristina Cavina
202440,1388.3,155.9,64,1441.0,536.7,19,1392.3,166.2,42,1127.6,612.8,3,Paula Ormaechea
201511,1388.3,127.1,26,1425.4,143.9,16,1286.3,236.1,10,1500.0,350.0,0,Ekaterina Ivanova
200648,1388.2,109.1,99,1402.5,153.0,47,1324.6,194.6,24,1143.5,405.3,3,Marketa Kochta
213889,1388.2,93.2,127,1382.5,114.0,93,1053.7,317.3,13,1410.7,217.3,21,Greet Minnen
204516,1388.2,310.2,1,1388.2,310.2,1,1500.0,350.0,0,1500.0,350.0,0,Melody Falco
201323,1388.0,93.8,131,1280.6,117.9,89,1201.3,510.8,16,1374.2,248.3,16,Saori Obata
252571,1387.9,310.1,1,1500.0,350.0,0,1387.9,310.1,1,1500.0,350.0,0,Anna Petkovic
202114,1387.7,273.8,1,1500.0,350.0,0,1500.0,350.0,0,1500.0,350.0,0,Seiko Ichioka
206539,1387.5,309.9,1,1387.5,309.9,1,1500.0,350.0,0,1500.0,350.0,0,Britta Mohlmann
215910,1387.3,86.3,60,1300.6,190.8,18,1416.7,112.0,37,1271.7,407.7,5,Panna Udvardy
200707,1387.3,198.9,27,1353.9,209.4,26,1431.2,370.0,1,1500.0,350.0,0,Romana Tedjakusuma
203509,1387.2,227.2,4,1500.0,350.0,0,1354.3,239.0,4,1500.0,350.0,0,Diana Marcinkevica
204875,1387.1,309.7,1,1387.1,309.7,1,1500.0,350.0,0,1500.0,350.0,0,Tomoko Taira
204477,1387.0,309.7,1,1500.0,350.0,0,1500.0,350.0,0,1387.0,309.7,1,Zsofia Golopencza
202511,1387.0,264.3,1,1500.0,350.0,0,1406.4,274.3,1,1500.0,350.0,0,Paulina Sepulveda
201199,1387.0,242.7,4,1500.0,350.0,0,1361.6,362.8,1,1447.5,249.3,3,Rachel Viollet
202405,1386.8,274.3,1,1500.0,350.0,0,1500.0,350.0,0,1408.4,293.3,1,Alexis King
260006,1386.8,272.8,1,1406.1,280.0,1,1500.0,350.0,0,1500.0,350.0,0,Kristiana Sidorova
201475,1386.6,156.1,28,1397.5,176.4,21,1224.3,291.5,3,1551.0,371.6,4,Ahsha Rolle
215802,1386.3,309.5,1,1386.3,309.5,1,1500.0,350.0,0,1500.0,350.0,0,Emeline Dartron
259965,1386.3,309.5,1,1386.3,309.5,1,1500.0,350.0,0,1500.0,350.0,0,Wozuko Mdlulwa
220513,1386.3,309.5,1,1500.0,350.0,0,1386.3,309.5,1,1500.0,350.0,0,Antonia Schmidt
202275,1386.1,277.0,1,1407.1,285.0,1,1500.0,350.0,0,1500.0,350.0,0,Tagifano Soonalole
220735,1386.1,309.4,1,1386.1,309.4,1,1500.0,350.0,0,1500.0,350.0,0,Tina Nadine Smith
202387,1386.1,252.3,4,1375.1,253.9,4,1500.0,350.0,0,1500.0,350.0,0,Vlada Ekshibarova
203998,1386.1,171.0,8,1500.0,350.0,0,1500.0,350.0,0,1481.1,177.1,8,Athina Briegel
205714,1385.5,274.1,1,1500.0,350.0,0,1348.3,283.7,1,1500.0,350.0,0,Julie Gervais
204609,1385.4,239.5,4,1500.0,350.0,0,1500.0,350.0,0,1385.6,242.9,4,Giulia Meruzzi
215045,1385.4,273.3,1,1393.8,279.0,1,1500.0,350.0,0,1500.0,350.0,0,Xinyu Jiang
203315,1385.3,274.8,1,1390.0,277.8,1,1500.0,350.0,0,1500.0,350.0,0,Alexa Guarachi
224485,1385.3,309.1,1,1385.3,309.1,1,1500.0,350.0,0,1500.0,350.0,0,Lucia Peyre
200727,1385.3,112.4,174,1285.4,151.5,85,1381.2,200.3,66,1317.2,390.5,12,Adriana Serra Zanetti
202707,1385.2,182.0,6,1370.3,308.5,1,1379.2,210.1,5,1500.0,350.0,0,Myrtille Georges
204309,1385.0,272.7,1,1356.3,272.3,1,1500.0,350.0,0,1500.0,350.0,0,Stephanie Wagner
201343,1385.0,101.0,64,1321.6,218.8,22,1468.1,121.2,39,1210.5,391.9,3,Maret Ani
200728,1384.8,142.4,32,1362.0,274.9,8,1440.4,192.2,12,1394.2,268.4,7,Melanie Schnell
201669,1384.8,192.9,6,1375.8,198.5,6,1500.0,350.0,0,1500.0,350.0,0,Yan Chong Chen
201487,1384.7,140.0,12,1416.6,144.5,12,1500.0,350.0,0,1500.0,350.0,0,Jessica Moore
202702,1384.6,154.1,48,1390.4,189.1,26,1272.7,236.4,13,1299.8,286.3,9,Tereza Smitkova
220435,1384.5,80.0,51,1387.6,97.9,41,1309.8,282.3,6,1591.7,299.2,4,Anastasia Zakharova
260337,1384.4,308.7,1,1384.4,308.7,1,1500.0,350.0,0,1500.0,350.0,0,Candela Yecora
202802,1384.4,308.7,1,1384.4,308.7,1,1500.0,350.0,0,1500.0,350.0,0,Nicole Leimbach
212075,1384.4,308.7,1,1500.0,350.0,0,1500.0,350.0,0,1384.4,308.7,1,Asha Burns
220613,1384.4,308.7,1,1500.0,350.0,0,1384.4,308.7,1,1500.0,350.0,0,Stephanie Judith Visscher
270251,1384.4,308.7,1,1500.0,350.0,0,1384.4,308.7,1,1500.0,350.0,0,Vanesa Vlahova
200773,1384.3,126.3,176,1348.7,150.5,90,1333.9,187.6,54,1396.0,277.3,28,Stephanie Foretz Gacon
204579,1384.0,155.3,20,1500.0,350.0,0,1500.0,350.0,0,1445.4,157.0,20,Giselle Swart
202320,1384.0,281.5,1,1411.8,289.6,1,1500.0,350.0,0,1500.0,350.0,0,Sandra Klemenschits
202124,1383.7,274.2,1,1392.9,277.2,1,1500.0,350.0,0,1500.0,350.0,0,Pimpisamai Kansuthi
212001,1383.6,124.7,90,1339.5,194.9,45,1304.3,164.9,30,1418.4,377.1,15,Natalia Vikhlyantseva
201482,1383.6,117.8,44,1313.0,197.7,23,1395.2,162.6,19,1466.6,469.5,2,Andreja Klepac
202181,1383.6,286.7,1,1374.2,293.3,1,1500.0,350.0,0,1500.0,350.0,0,Lela Zainal
222296,1383.5,123.7,23,1432.3,154.5,14,1215.2,244.0,5,1293.1,265.8,4,Zhuoxuan Bai
212073,1383.4,308.3,1,1383.4,308.3,1,1500.0,350.0,0,1500.0,350.0,0,Shizuko Matsuda
201638,1383.4,109.1,56,1461.5,176.4,11,1384.3,144.0,44,1403.9,333.3,1,Estrella Cabeza Candela
204100,1383.4,308.3,1,1500.0,350.0,0,1500.0,350.0,0,1383.4,308.3,1,Veronika Raimrova
239160,1383.4,308.3,1,1383.4,308.3,1,1500.0,350.0,0,1500.0,350.0,0,Arina Arifullina
259849,1383.3,297.2,1,1500.0,350.0,0,1388.8,297.3,1,1500.0,350.0,0,Yoana Konstantinova
221354,1383.2,177.8,9,1500.0,350.0,0,1395.4,184.0,9,1500.0,350.0,0,Lisa Pigato
201815,1383.2,186.7,9,1428.9,234.3,3,1323.8,264.6,6,1500.0,350.0,0,Petra Rampre
202473,1383.1,273.4,1,1500.0,350.0,0,1399.7,291.6,1,1500.0,350.0,0,Annalisa Bona
222290,1382.9,157.8,10,1385.7,157.6,10,1500.0,350.0,0,1500.0,350.0,0,Lanlana Tararudee
215305,1382.9,266.3,1,1500.0,350.0,0,1315.6,280.4,1,1500.0,350.0,0,Desirae Krawczyk
204870,1382.8,230.1,4,1395.6,232.1,4,1500.0,350.0,0,1500.0,350.0,0,Melissa Berry
200582,1382.8,115.0,80,1408.8,200.7,31,1308.4,217.4,27,1452.9,246.7,13,Maria Strandlund Tomsvik
201398,1382.7,169.3,7,1500.0,350.0,0,1500.0,350.0,0,1290.6,198.1,7,Amanda Keen
200659,1382.6,150.4,139,1432.2,163.5,95,1025.6,355.2,7,1378.5,321.1,13,Rika Hiraki
202262,1382.5,268.4,1,1385.9,275.5,1,1500.0,350.0,0,1500.0,350.0,0,Katrina Nimmers
202521,1382.4,260.0,1,1366.7,260.2,1,1500.0,350.0,0,1500.0,350.0,0,Neyssa Etienne
202504,1382.3,107.1,96,1383.4,116.4,82,1088.2,346.6,4,1390.4,311.4,10,Ying Ying Duan
207401,1382.2,307.9,1,1382.2,307.9,1,1500.0,350.0,0,1500.0,350.0,0,Keiko Fujiwara
202478,1382.2,171.9,17,1379.1,306.7,1,1500.0,350.0,0,1291.8,206.5,16,Tara Moore
207955,1382.2,307.9,1,1382.2,307.9,1,1500.0,350.0,0,1500.0,350.0,0,Nasheli Martinez
203243,1382.2,307.9,1,1500.0,350.0,0,1500.0,350.0,0,1382.2,307.9,1,Wilawan Choptang
260445,1382.2,307.9,1,1500.0,350.0,0,1382.2,307.9,1,1500.0,350.0,0,Jana Otzipka
207393,1382.2,307.9,1,1382.2,307.9,1,1500.0,350.0,0,1500.0,350.0,0,Ayako Noda
222602,1382.2,307.9,1,1382.2,307.9,1,1500.0,350.0,0,1500.0,350.0,0,Nina Radovanovic
212065,1382.2,307.9,1,1500.0,350.0,0,1382.2,307.9,1,1500.0,350.0,0,Electra Henry
221315,1382.2,307.9,1,1500.0,350.0,0,1382.2,307.9,1,1500.0,350.0,0,Beatris Spasova
244079,1382.2,307.9,1,1500.0,350.0,0,1382.2,307.9,1,1500.0,350.0,0,Anna Lena Ebster
201824,1382.1,147.1,12,1304.2,313.7,1,1391.0,164.3,11,1500.0,350.0,0,Gisela Riera Roura
201583,1382.0,256.6,2,1380.0,257.7,2,1500.0,350.0,0,1500.0,350.0,0,Yana Buchina
202029,1381.9,275.4,1,1500.0,350.0,0,1386.1,283.5,1,1500.0,350.0,0,Ana Salas Lozano
200464,1381.6,99.8,82,1337.4,131.1,48,1500.0,350.0,0,1408.8,268.6,18,Ann Henricksson
201715,1381.5,280.6,2,1500.0,350.0,0,1475.4,327.4,1,1500.0,350.0,0,Heike Thoms
211289,1381.5,275.7,1,1396.1,283.1,1,1500.0,350.0,0,1500.0,350.0,0,Courtney Collins
200442,1381.2,115.1,128,1266.2,200.0,42,1449.6,144.1,54,1339.3,347.1,13,Andrea Temesvari
200014,1381.2,100.2,84,1465.7,148.6,64,1213.3,202.2,17,1180.1,276.4,3,Tzipi Obziler
200663,1381.2,95.9,94,1397.8,129.3,42,1246.2,216.6,31,1364.6,353.3,7,Nanne Dahlman
201021,1381.1,124.8,97,1466.9,356.5,7,1380.8,136.1,76,1547.7,585.4,6,Laura Garrone
203521,1381.1,244.4,4,1500.0,350.0,0,1328.7,252.5,4,1500.0,350.0,0,Andrea Gamiz
206679,1381.0,307.4,1,1381.0,307.4,1,1500.0,350.0,0,1500.0,350.0,0,Dragica Joksimovic
212062,1381.0,307.4,1,1500.0,350.0,0,1381.0,307.4,1,1500.0,350.0,0,Marinet Morgan
207261,1381.0,307.4,1,1500.0,350.0,0,1500.0,350.0,0,1381.0,307.4,1,Karolina Sadaj
212056,1381.0,307.4,1,1500.0,350.0,0,1500.0,350.0,0,1381.0,307.4,1,Jodie Lynn
200390,1380.9,106.4,44,1362.3,120.2,28,1436.3,290.3,10,1245.4,334.2,2,Mary Lou Piatek
201417,1380.8,135.1,165,1410.6,197.5,96,1375.0,184.7,58,1286.8,419.4,10,Marta Domachowska
202041,1380.7,199.8,4,1259.3,239.4,2,1500.0,350.0,0,1500.0,350.0,0,Joice Riana Sutedja
200753,1380.7,158.4,60,1358.0,199.5,13,1601.3,311.7,14,1358.1,290.4,24,Cindy Watson
204945,1380.4,136.2,24,1500.0,350.0,0,1400.0,300.2,6,1445.4,145.9,18,Deanna Roberts
204481,1380.3,126.5,36,1624.5,191.6,15,1387.1,246.9,6,1325.4,186.1,10,Kylie Moulds
201513,1380.2,133.8,384,1559.4,358.4,238,1108.0,269.8,81,1391.4,238.3,65,Sabine Lisicki
220364,1380.1,223.5,5,1500.0,350.0,0,1426.1,222.7,5,1500.0,350.0,0,Sapfo Sakellaridi
202085,1380.0,180.5,11,1354.9,233.9,4,1359.5,313.0,1,1379.3,416.0,3,Galina Fokina
202500,1380.0,163.9,11,1334.5,198.3,7,1500.0,350.0,0,1539.6,256.1,4,Maria Sanchez
211880,1379.9,108.1,59,1369.2,112.9,54,1486.7,779.2,2,1194.6,404.7,3,Priscilla Hon
220502,1379.9,262.3,1,1404.0,275.8,1,1500.0,350.0,0,1500.0,350.0,0,Ariana Arseneault
236956,1379.8,189.2,5,1500.0,350.0,0,1365.8,196.8,5,1500.0,350.0,0,Yasmine Kabbaj
202417,1379.8,193.2,6,1466.2,209.0,5,1311.8,287.1,1,1500.0,350.0,0,Tetiana Luzhanska
201948,1379.8,290.3,1,1500.0,350.0,0,1379.2,306.7,1,1500.0,350.0,0,Vicky Maes
202186,1379.7,306.9,1,1500.0,350.0,0,1379.7,306.9,1,1500.0,350.0,0,Blanka Kumbarova
259104,1379.7,143.7,19,1328.1,176.4,12,1311.4,223.1,5,1537.4,255.4,2,Brenda Fruhvirtova
201681,1379.6,192.3,17,1253.5,217.8,8,1500.0,350.0,0,1523.6,476.7,9,Suchanun Viratprasert
203282,1379.5,306.9,1,1379.5,306.9,1,1500.0,350.0,0,1500.0,350.0,0,Salome Llaguno
212068,1379.5,306.9,1,1379.5,306.9,1,1500.0,350.0,0,1500.0,350.0,0,Natsumi Yuki
204518,1379.5,306.9,1,1379.5,306.9,1,1500.0,350.0,0,1500.0,350.0,0,Brenda Coassolo
247647,1379.5,306.9,1,1379.5,306.9,1,1500.0,350.0,0,1500.0,350.0,0,Jenny Lim
202397,1379.5,306.9,1,1500.0,350.0,0,1379.5,306.9,1,1500.0,350.0,0,Lamia Essaadi
222346,1379.5,306.9,1,1500.0,350.0,0,1379.5,306.9,1,1500.0,350.0,0,Laia Petretic
200559,1379.5,104.0,117,1241.2,145.3,55,1232.5,383.8,5,1636.2,200.1,50,Kristine Kunce
202401,1379.2,275.7,1,1500.0,350.0,0,1500.0,350.0,0,1442.6,320.0,1,Amanda Elliott
201668,1379.1,125.2,84,1393.4,150.2,51,1338.6,182.6,30,1293.8,587.3,3,Alexandra Panova
220770,1379.1,171.7,9,1538.7,201.1,6,1274.2,313.1,2,1329.3,318.3,1,Eva Vedder
202122,1379.0,280.3,1,1381.2,280.7,1,1500.0,350.0,0,1500.0,350.0,0,Orawan Thampensri
202338,1379.0,281.1,1,1362.0,285.3,1,1500.0,350.0,0,1500.0,350.0,0,Elizabeth Kobak
221905,1379.0,107.8,38,1349.0,174.4,21,1379.9,151.1,12,1575.6,291.3,5,Robin Montgomery
200514,1378.9,144.0,110,1370.9,165.0,81,1222.6,425.9,6,1281.6,236.7,13,Monique Javer
202472,1378.8,273.5,1,1500.0,350.0,0,1366.2,288.5,1,1500.0,350.0,0,Laura Thorpe
203125,1378.7,116.4,47,1500.0,350.0,0,1328.6,291.9,8,1459.2,122.7,33,Rochelle Rosenfield
201927,1378.6,166.3,10,1354.7,198.5,7,1484.5,255.0,2,1500.0,350.0,0,Ludmilla Varmuza
202391,1378.6,277.7,1,1394.6,281.3,1,1500.0,350.0,0,1500.0,350.0,0,Akiko Yonemura
201546,1378.6,120.0,23,1383.3,179.4,13,1441.4,199.7,9,1187.7,311.0,1,Anna Lapushchenkova
213576,1378.4,143.0,14,1281.9,292.0,4,1367.3,172.3,10,1500.0,350.0,0,Iryna Shymanovich
201177,1378.4,135.5,15,1492.1,302.9,2,1500.0,350.0,0,1405.0,183.9,12,Amanda Grunfeld
211344,1378.3,213.4,5,1341.6,246.3,3,1525.0,266.1,2,1500.0,350.0,0,Caroline Uebelhoer
200523,1378.3,306.4,1,1500.0,350.0,0,1378.3,306.4,1,1500.0,350.0,0,Olga Tsarbopoulou
201657,1378.2,223.8,4,1337.1,348.7,1,1328.6,254.8,3,1500.0,350.0,0,Nastja Kolar
200696,1378.2,105.7,50,1223.6,206.5,18,1477.5,144.1,29,1237.6,356.7,3,Christina Papadaki
200713,1378.1,121.8,103,1382.9,141.7,79,1267.0,455.9,8,1366.3,351.3,9,Yuka Yoshida
223335,1378.0,224.3,3,1382.5,229.0,3,1500.0,350.0,0,1500.0,350.0,0,Cadence Brace
201801,1378.0,208.1,4,1500.0,350.0,0,1385.9,216.0,4,1500.0,350.0,0,Ana Maria Segura Perez
201670,1378.0,148.0,13,1357.9,272.1,5,1364.7,184.8,7,1466.9,344.6,1,Amra Sadikovic
221911,1378.0,136.1,18,1280.4,371.3,1,1407.0,144.2,17,1500.0,350.0,0,Selena Janicijevic
204700,1377.9,306.2,1,1377.9,306.2,1,1500.0,350.0,0,1500.0,350.0,0,Karla Mancinas
201650,1377.9,271.8,1,1500.0,350.0,0,1389.7,281.1,1,1500.0,350.0,0,Irina Buryachok
212072,1377.9,306.2,1,1377.9,306.2,1,1500.0,350.0,0,1500.0,350.0,0,Junko Nishida
200709,1377.7,91.8,183,1319.4,164.5,82,1306.5,130.2,86,1420.0,385.8,10,Rossana De Los Rios
201738,1377.7,219.1,3,1500.0,350.0,0,1464.3,254.8,2,1500.0,350.0,0,Julia Apostoli
201074,1377.7,162.0,7,1500.0,350.0,0,1396.6,176.8,7,1500.0,350.0,0,Ana Alcazar
200004,1377.7,95.8,83,1319.4,149.4,38,1215.8,326.6,4,1534.8,137.2,37,Kerry Anne Guse
260101,1376.9,251.8,1,1354.8,248.8,1,1500.0,350.0,0,1500.0,350.0,0,Alyssa Ahn
201452,1376.7,90.1,286,1187.7,182.4,92,1429.5,113.8,180,1411.1,417.7,13,Lourdes Dominguez Lino
202399,1376.6,274.8,1,1500.0,350.0,0,1500.0,350.0,0,1335.5,319.3,1,Margit Ruutel
201426,1376.4,95.5,310,1413.4,136.1,167,1198.6,165.2,118,1081.6,331.3,22,Pauline Parmentier
201609,1376.3,169.0,9,1401.2,175.7,9,1500.0,350.0,0,1500.0,350.0,0,Yi Miao Zhou
202487,1376.2,135.3,20,1370.1,210.5,7,1385.8,165.4,13,1500.0,350.0,0,Nastassja Burnett
200740,1376.0,135.6,70,1324.3,197.8,32,1335.4,245.6,15,1480.5,326.8,12,Elena Tatarkova
220289,1376.0,305.5,1,1376.0,305.5,1,1500.0,350.0,0,1500.0,350.0,0,Isabel Adrover Gallego
266722,1376.0,305.5,1,1376.0,305.5,1,1500.0,350.0,0,1500.0,350.0,0,Maaya Rajeshwaran Revathi
202016,1375.9,193.6,9,1439.8,228.8,6,1402.6,344.8,1,1500.0,350.0,0,Pam Nelson
230870,1375.8,85.2,45,1407.9,105.5,31,1256.9,201.4,13,1417.7,383.5,1,Ella Seidel
202389,1375.8,269.2,1,1391.1,274.2,1,1500.0,350.0,0,1500.0,350.0,0,Sandra Martinovic
201771,1375.8,178.2,9,1471.6,255.5,5,1273.5,248.1,4,1500.0,350.0,0,Virag Csurgo
200468,1375.8,129.9,20,1294.5,185.9,10,1384.3,228.1,3,1468.7,201.4,6,Hu Na
202233,1375.8,274.6,2,1471.0,323.4,1,1500.0,350.0,0,1500.0,350.0,0,Ayako Hirose
206408,1375.7,78.9,135,1381.4,107.9,78,1323.5,160.0,45,1361.7,269.0,12,Nadia Podoroska
202310,1375.7,264.7,1,1500.0,350.0,0,1365.4,276.2,1,1500.0,350.0,0,Shadisha Robinson
202267,1375.5,270.0,1,1500.0,350.0,0,1500.0,350.0,0,1500.0,350.0,0,Diana Srebrovic
200091,1375.4,146.6,97,1403.2,181.4,71,1091.5,492.0,12,1398.4,237.5,12,Janet Lee
200563,1375.3,100.7,39,1306.1,165.4,12,1500.0,350.0,0,1665.6,125.9,27,Jane Taylor
200636,1375.2,153.3,17,1368.5,215.6,8,1500.0,350.0,0,1452.3,217.8,7,Danielle Jones
201512,1375.1,114.2,390,1375.9,136.9,288,1079.9,357.1,60,1240.2,253.7,37,Monica Niculescu
201847,1375.1,94.5,45,1373.7,177.9,13,1500.0,350.0,0,1443.4,114.6,32,Mareze Joubert
201039,1375.1,282.3,1,1500.0,350.0,0,1309.8,304.1,1,1500.0,350.0,0,Caterina Nozzoli
211227,1375.1,238.9,3,1377.5,307.3,1,1483.9,268.6,2,1500.0,350.0,0,Lina Gjorcheska
213908,1374.9,134.1,15,1452.0,194.7,8,1500.0,350.0,0,1333.2,208.5,7,Yuriko Miyazaki
200518,1374.9,290.7,1,1374.9,290.7,1,1500.0,350.0,0,1500.0,350.0,0,Paulette Moreno
202536,1374.8,105.7,197,1336.4,132.2,105,1387.5,173.6,77,1310.1,298.7,15,Ana Bogdan
204634,1374.6,282.3,1,1382.2,307.9,1,1500.0,350.0,0,1500.0,350.0,0,Bettina Horvath
261972,1374.6,178.7,6,1155.0,318.8,1,1421.1,194.6,5,1500.0,350.0,0,Tyra Caterina Grant
202265,1374.6,145.6,43,1284.0,253.9,3,1500.0,350.0,0,1482.4,210.1,40,Mirielle Dittmann
203071,1374.4,108.6,38,1531.7,233.6,10,1380.2,233.0,4,1327.0,170.0,13,Jenny Ann Fetch
201506,1374.4,95.4,689,1398.3,156.6,337,1335.3,125.8,302,852.1,342.1,41,Sara Errani
201845,1374.4,211.3,3,1341.7,277.5,1,1500.0,350.0,0,1526.3,271.5,2,Stella Sampras
214839,1374.3,96.4,46,1354.6,143.9,23,1418.0,282.6,1,1346.7,211.6,22,Jodie Burrage
201697,1374.3,81.1,230,1386.8,138.4,126,1308.1,128.7,71,1323.4,268.3,33,Kristyna Pliskova
201543,1373.7,263.7,1,1384.8,268.4,1,1500.0,350.0,0,1500.0,350.0,0,Emelyn Starr
201293,1373.5,127.1,193,1314.3,254.5,71,1388.8,149.8,111,1011.5,552.7,9,Catalina Castano
264064,1373.5,304.5,1,1373.5,304.5,1,1500.0,350.0,0,1500.0,350.0,0,Chenting Zhu
236972,1373.5,304.5,1,1500.0,350.0,0,1373.5,304.5,1,1500.0,350.0,0,Luisina Giovannini
201861,1373.5,304.5,1,1500.0,350.0,0,1373.5,304.5,1,1500.0,350.0,0,Romina Ottoboni
213537,1373.4,274.0,1,1500.0,350.0,0,1398.3,285.3,1,1500.0,350.0,0,Olga Fridman
214684,1373.3,166.5,10,1415.1,204.2,7,1399.8,235.9,3,1500.0,350.0,0,Katherine Sebov
202539,1373.3,272.7,1,1367.3,274.4,1,1500.0,350.0,0,1500.0,350.0,0,Alison Bai
259685,1373.3,184.4,4,1500.0,350.0,0,1500.0,350.0,0,1213.7,235.5,4,Mingge Xu
200661,1373.0,116.3,74,1361.7,186.9,19,1255.9,296.6,25,1376.7,208.2,26,Samantha Smith
221164,1372.9,280.9,1,1382.7,282.5,1,1500.0,350.0,0,1500.0,350.0,0,Matilde Jorge
201804,1372.6,178.7,12,1368.5,337.8,1,1407.9,193.5,10,1500.0,350.0,0,Claudia Chabalgoity
201054,1372.6,97.4,67,1356.5,239.0,8,1360.7,119.9,58,1384.8,622.6,1,Katia Piccolini
202383,1372.6,274.2,1,1500.0,350.0,0,1396.0,280.3,1,1500.0,350.0,0,Eva Maria Hoch
201415,1372.6,186.1,8,1324.5,220.0,3,1500.0,350.0,0,1509.1,294.6,5,Tiffany Welford
202297,1372.4,228.5,6,1420.6,337.7,3,1379.2,258.2,3,1500.0,350.0,0,Maria Kondratieva
200766,1372.4,107.4,107,1337.1,136.4,59,1350.8,232.0,29,1260.1,313.2,9,Jennifer Hopkins
222866,1372.2,265.9,1,1365.0,266.2,1,1500.0,350.0,0,1500.0,350.0,0,Katherine Hui
213887,1372.2,85.2,83,1375.2,101.8,61,1344.8,198.3,19,1444.4,292.6,3,Renata Zarazua
263775,1372.0,303.9,1,1500.0,350.0,0,1372.0,303.9,1,1500.0,350.0,0,Maria Jose Sanchez Uribe
203216,1371.9,203.8,7,1403.0,207.3,7,1500.0,350.0,0,1500.0,350.0,0,Marcela Arroyo Vergara
200685,1371.5,101.2,28,1276.2,168.6,7,1471.4,154.6,18,1324.6,339.9,2,Christelle Fauche
202394,1371.2,272.2,1,1500.0,350.0,0,1382.7,285.3,1,1500.0,350.0,0,Camila Silva
222258,1371.1,92.1,91,1430.6,109.3,63,1080.6,201.7,21,1420.2,289.6,7,Linda Fruhvirtova
206124,1371.0,124.3,172,1414.5,143.4,116,1159.7,282.2,31,1320.6,288.4,25,Tereza Martincova
201957,1371.0,274.8,1,1500.0,350.0,0,1500.0,350.0,0,1379.7,298.7,1,Dorien Wamelink
202370,1370.8,271.2,1,1500.0,350.0,0,1365.2,287.5,1,1500.0,350.0,0,Jenifer Widjaja
207456,1370.6,241.8,3,1500.0,350.0,0,1427.4,245.2,3,1500.0,350.0,0,Kate Lutgert
234222,1370.6,259.1,1,1354.8,257.8,1,1500.0,350.0,0,1500.0,350.0,0,Liv Hovde
213544,1370.5,106.7,64,1290.0,153.0,41,1429.6,167.1,17,1242.7,508.8,6,Jana Fett
201422,1370.1,252.2,1,1500.0,350.0,0,1369.1,258.8,1,1500.0,350.0,0,Mailyne Andrieux
200647,1370.0,129.3,144,1327.9,207.7,60,1320.9,177.8,60,1040.7,450.4,8,Noelle Van Lottum
200068,1369.7,110.3,221,1399.1,143.4,132,1142.6,270.8,45,1265.4,317.4,29,Lilia Osterloh
203500,1369.5,109.1,95,1374.7,141.8,58,1282.5,196.1,27,1325.9,367.2,10,Sachia Vickery
222318,1369.5,290.7,1,1398.7,294.5,1,1500.0,350.0,0,1500.0,350.0,0,Elena Giessler
201686,1369.3,269.2,1,1500.0,350.0,0,1354.3,282.5,1,1500.0,350.0,0,Alejandra Granillo
201851,1369.3,264.8,2,1500.0,350.0,0,1500.0,350.0,0,1301.4,312.6,1,Joanne Moore
266469,1369.2,232.2,3,1471.1,280.6,2,1395.7,267.4,1,1500.0,350.0,0,Ksenia Efremova
201483,1369.1,82.5,245,1364.4,122.8,167,1319.5,198.1,48,1219.8,244.2,30,Madison Brengle
215259,1369.0,177.2,16,1553.0,230.1,8,1245.2,227.1,6,1525.7,315.3,2,Leonie Kung
202377,1368.9,268.1,1,1353.6,280.0,1,1500.0,350.0,0,1500.0,350.0,0,Brittany Augustine
223286,1368.9,106.2,27,1428.7,121.9,19,1198.5,228.7,8,1500.0,350.0,0,Victoria Jimenez Kasintseva
202151,1368.9,273.9,1,1500.0,350.0,0,1299.6,288.5,1,1500.0,350.0,0,Milena Nekvapilova
202111,1368.8,284.6,1,1390.0,290.2,1,1500.0,350.0,0,1500.0,350.0,0,Mary Norwood
223336,1368.5,273.1,1,1500.0,350.0,0,1357.2,279.6,1,1500.0,350.0,0,Weronika Baszak
200093,1368.5,82.6,79,1483.0,134.4,28,1289.1,157.0,34,1167.9,286.7,8,Amelie Cocheteux
200456,1368.4,182.3,6,1337.2,213.8,4,1500.0,350.0,0,1500.0,350.0,0,Masako Yanagi
214842,1368.3,302.5,1,1368.3,302.5,1,1500.0,350.0,0,1500.0,350.0,0,Zuleykha Safarova
202441,1368.3,302.5,1,1368.3,302.5,1,1500.0,350.0,0,1500.0,350.0,0,Nina Khrisanova
256705,1368.1,232.2,3,1500.0,350.0,0,1385.1,232.2,3,1500.0,350.0,0,Samira De Stefano
201858,1368.0,198.6,8,1522.2,309.2,3,1247.7,275.5,3,1300.4,265.5,2,Kristina Triska
202300,1368.0,284.8,1,1500.0,350.0,0,1411.3,309.1,1,1500.0,350.0,0,Meryem El Haddad
201979,1367.9,281.1,1,1500.0,350.0,0,1372.7,284.8,1,1500.0,350.0,0,Luciana Della Casa
200776,1367.7,141.0,26,1350.1,162.4,18,1385.2,285.9,8,1500.0,350.0,0,Angelika Bachmann
201404,1367.4,127.0,16,1343.3,132.8,16,1500.0,350.0,0,1500.0,350.0,0,Jessica Kirkland
221407,1367.2,100.9,28,1444.2,124.7,19,1172.9,215.2,9,1500.0,350.0,0,Oksana Selekhmeteva
215306,1367.1,76.5,74,1405.2,101.1,42,1367.8,143.8,30,1195.6,355.7,2,Emiliana Arango
202476,1367.0,271.7,1,1500.0,350.0,0,1322.8,295.8,1,1500.0,350.0,0,Csilla Borsanyi
200047,1366.9,85.3,80,1394.3,110.3,42,1388.0,196.0,33,1057.9,304.1,5,Pavlina Nola
201440,1366.7,138.5,103,1205.2,215.0,23,1445.2,184.9,77,1018.3,502.7,3,Laura Pous Tio
202606,1366.6,265.8,1,1500.0,350.0,0,1339.2,274.4,1,1500.0,350.0,0,Claudia Giovine
220560,1366.5,243.7,3,1333.9,306.2,1,1462.9,278.4,2,1500.0,350.0,0,Lian Tran
200610,1366.4,123.1,58,1319.6,156.4,33,1389.1,194.1,21,1476.3,331.1,2,Stacey Martin
210738,1366.4,273.5,1,1353.7,277.9,1,1500.0,350.0,0,1500.0,350.0,0,Aldila Sutjiadi
202335,1366.3,183.1,9,1293.4,256.6,2,1500.0,350.0,0,1475.6,227.5,7,Antonia Matic
202597,1366.2,206.8,5,1381.0,212.6,5,1500.0,350.0,0,1500.0,350.0,0,Veronica Spiegel
206049,1366.2,143.3,17,1412.0,168.7,13,1284.3,266.1,2,1352.7,279.5,2,Jovana Jaksic
202342,1366.1,280.1,1,1349.9,284.6,1,1500.0,350.0,0,1500.0,350.0,0,Daniella Jeflea
200616,1365.8,129.0,25,1301.0,375.8,2,1453.6,163.7,16,1500.6,324.8,2,Pascale Etchemendy
202432,1365.7,271.3,1,1500.0,350.0,0,1302.2,285.4,1,1500.0,350.0,0,Hilda Melander
264205,1365.7,271.8,1,1347.5,273.8,1,1500.0,350.0,0,1500.0,350.0,0,Yuhan Wang
270076,1365.5,303.9,1,1500.0,350.0,0,1387.3,309.9,1,1500.0,350.0,0,Ida Wobker
212026,1365.5,269.4,1,1358.9,272.6,1,1500.0,350.0,0,1500.0,350.0,0,Kwan Yau Ng
201832,1365.2,273.5,1,1500.0,350.0,0,1374.9,285.8,1,1500.0,350.0,0,Gabriela Mosca
207298,1365.0,245.6,3,1500.0,350.0,0,1500.0,350.0,0,1394.2,244.8,3,Simona Arghire
202290,1365.0,225.4,6,1364.8,228.4,6,1500.0,350.0,0,1500.0,350.0,0,Kyung Mi Chang
202492,1364.9,112.6,259,1375.8,133.8,195,1375.6,294.4,48,1244.3,265.6,16,Qiang Wang
214577,1364.9,265.5,1,1371.5,268.2,1,1500.0,350.0,0,1500.0,350.0,0,Stacey Fung
200683,1364.8,139.4,12,1297.8,192.2,5,1578.1,212.0,6,1253.8,319.0,1,Monique Kiene
200606,1364.6,120.0,160,1394.6,132.5,122,1108.2,323.9,8,1282.1,341.6,15,Nana Smith
202284,1364.5,231.4,4,1373.4,234.2,4,1500.0,350.0,0,1500.0,350.0,0,Mariona Gallifa Puig Desens
221039,1364.5,85.1,47,1354.2,112.4,25,1211.0,170.2,19,1361.0,307.7,3,Elsa Jacquemot
201284,1364.4,127.1,152,1394.9,159.1,99,1301.3,268.4,39,1326.2,278.6,11,Tatiana Poutchek
201473,1364.3,116.9,34,1476.7,149.7,23,1246.4,224.8,7,1102.2,261.0,4,Vasilisa Bardina
200769,1364.2,155.5,32,1424.0,226.0,9,1333.7,182.8,20,1292.1,338.4,2,Giulia Casoni
202025,1364.2,273.2,1,1500.0,350.0,0,1393.9,283.2,1,1500.0,350.0,0,Rosa Maria Perez
219892,1364.2,239.9,3,1500.0,350.0,0,1376.6,239.9,3,1500.0,350.0,0,Mayuka Aikawa
202336,1364.0,271.7,1,1500.0,350.0,0,1381.3,278.1,1,1500.0,350.0,0,Magdalena Kiszczynska
202347,1363.9,261.4,2,1392.6,301.5,1,1367.7,306.3,1,1500.0,350.0,0,Karolina Kosinska
214653,1363.9,182.6,7,1314.0,380.2,1,1404.6,196.5,6,1500.0,350.0,0,Andreea Prisacariu
221885,1363.8,259.2,1,1378.7,264.1,1,1500.0,350.0,0,1500.0,350.0,0,Fangran Tian
211351,1363.8,275.5,1,1373.8,277.4,1,1500.0,350.0,0,1500.0,350.0,0,Ayaka Okuno
202315,1363.8,263.6,1,1401.3,275.7,1,1500.0,350.0,0,1500.0,350.0,0,Beier Ko
220550,1363.7,273.9,1,1363.2,275.1,1,1500.0,350.0,0,1500.0,350.0,0,Dalayna Hewitt
201580,1363.6,118.8,56,1312.2,174.3,43,1436.8,214.6,12,1321.2,393.4,1,Xinyun Han
201967,1363.6,270.6,1,1500.0,350.0,0,1290.7,297.5,1,1500.0,350.0,0,Joana Manta
200608,1363.6,92.8,123,1397.3,122.2,82,1109.1,286.1,23,1411.2,413.2,8,Audra Keller
200657,1363.6,124.2,120,1347.4,196.8,32,1426.9,158.8,76,1230.6,417.3,6,Radka Bobkova
202180,1363.5,282.0,1,1362.3,282.2,1,1500.0,350.0,0,1500.0,350.0,0,Jana Strnadova
201088,1363.4,136.2,24,1500.0,350.0,0,1503.5,508.3,2,1369.3,157.4,21,Karen Cross
201340,1363.3,250.5,1,1361.8,253.3,1,1500.0,350.0,0,1500.0,350.0,0,Maria Geznenge
202318,1363.3,285.9,1,1331.1,300.5,1,1500.0,350.0,0,1500.0,350.0,0,Pichittra Thongdach
214694,1363.0,214.8,5,1381.9,219.1,5,1500.0,350.0,0,1500.0,350.0,0,Karman Thandi
211539,1362.7,118.0,124,1380.1,192.9,59,1300.6,161.1,60,1089.5,619.8,5,Fiona Ferro
211668,1362.7,274.5,1,1500.0,350.0,0,1500.0,350.0,0,1369.4,322.2,1,Riya Bhatia
200496,1362.7,97.3,29,1480.3,127.3,20,1239.0,274.3,2,1396.8,204.8,4,Terry Phelps
200549,1362.6,279.1,1,1500.0,350.0,0,1351.2,292.9,1,1500.0,350.0,0,Penny Barg
200750,1362.5,163.3,7,1336.2,221.2,4,1500.0,350.0,0,1403.1,249.0,3,Karin Miller
200389,1362.5,169.5,8,1340.4,213.0,5,1500.0,350.0,0,1344.6,243.9,3,Kathy Jordan
202028,1362.4,272.4,1,1500.0,350.0,0,1391.8,279.7,1,1500.0,350.0,0,Nuria Montero
202371,1362.3,279.2,1,1311.7,284.9,1,1500.0,350.0,0,1500.0,350.0,0,Lindsey Nelson
201585,1362.3,91.5,540,1325.4,117.4,338,1255.7,188.1,160,1448.3,377.2,42,Sloane Stephens
222481,1362.2,290.8,1,1500.0,350.0,0,1404.9,300.8,1,1500.0,350.0,0,Elena Korokozidi
220465,1362.1,76.3,117,1334.0,103.3,77,1331.3,153.8,29,1373.2,350.8,11,Katie Volynets
201640,1362.1,108.4,80,1391.3,167.7,30,1366.4,143.1,46,1359.4,360.6,4,Maria Teresa Torro Flor
202090,1361.7,273.5,1,1500.0,350.0,0,1500.0,350.0,0,1500.0,350.0,0,Emily Bond
203414,1361.7,272.0,1,1363.8,276.3,1,1500.0,350.0,0,1500.0,350.0,0,Nicole Melichar
211700,1361.7,191.2,5,1365.2,215.1,4,1500.0,350.0,0,1262.1,275.8,1,Barbora Stefkova
214906,1361.6,105.8,103,1332.6,119.5,67,1355.1,220.5,27,1333.3,428.4,9,Claire Liu
201918,1361.5,249.6,3,1339.3,281.8,2,1420.8,295.0,1,1500.0,350.0,0,Melanie Bernard
200752,1361.4,149.7,27,1452.9,205.9,10,1290.7,180.3,16,1500.0,350.0,0,Raluca Sandu
203462,1361.4,100.2,180,1309.0,143.3,112,1446.9,181.3,53,1113.7,250.4,15,Kateryna Baindl
211321,1361.4,261.9,1,1352.7,262.7,1,1500.0,350.0,0,1500.0,350.0,0,Klaartje Liebens
200071,1361.2,141.2,73,1292.4,193.8,28,1427.6,202.7,40,1129.8,669.6,2,Lenka Nemeckova
204861,1361.2,165.0,12,1380.6,172.6,12,1500.0,350.0,0,1500.0,350.0,0,Ilona Vichnevskaya
201687,1361.2,267.1,1,1500.0,350.0,0,1361.2,281.5,1,1500.0,350.0,0,Lina Bennani
200716,1361.1,120.2,81,1368.2,132.1,58,1481.8,353.7,4,1399.4,311.8,9,Sung Hee Park
202072,1361.0,181.4,9,1467.5,262.4,2,1500.0,350.0,0,1394.0,214.2,7,Tina Hergold
202669,1361.0,214.2,4,1500.0,350.0,0,1298.6,231.3,4,1500.0,350.0,0,Cristina Dinu
200765,1360.9,166.9,44,1066.5,382.7,12,1426.7,192.2,29,1399.9,727.8,3,Katalin Marosi
200005,1360.9,117.4,125,1364.1,147.2,79,1280.9,210.6,22,1343.7,313.4,10,Jolene Watanabe
210847,1360.6,268.6,1,1352.9,271.1,1,1500.0,350.0,0,1500.0,350.0,0,Miriana Tona
200731,1360.6,100.8,43,1093.8,271.7,4,1255.6,263.6,3,1487.6,134.4,24,Gail Biggs
201540,1360.6,116.1,448,1375.2,169.5,274,1301.0,165.6,108,1449.6,352.0,60,Kristina Mladenovic
200607,1360.5,90.8,99,1341.8,147.7,39,1326.2,175.4,29,1324.2,359.6,4,Beate Reinstadler
201017,1360.5,105.3,27,1334.7,319.3,1,1349.4,117.5,26,1500.0,350.0,0,Angelika Kanellopoulou
201087,1360.4,157.7,118,1406.1,183.3,80,1235.2,255.8,16,1419.5,274.8,16,Mashona Washington
201725,1360.3,202.6,4,1378.1,295.6,1,1408.0,226.1,3,1500.0,350.0,0,Zdenka Malkova
202380,1360.1,276.8,1,1500.0,350.0,0,1355.8,280.7,1,1500.0,350.0,0,Silvia Disderi
201586,1360.0,116.9,345,1361.1,172.9,216,1072.0,343.1,38,1385.4,173.0,91,Heather Watson
202200,1359.8,271.5,1,1337.0,275.2,1,1500.0,350.0,0,1500.0,350.0,0,Miki Mizokuchi
212069,1359.8,290.3,1,1361.6,290.2,1,1500.0,350.0,0,1500.0,350.0,0,Orie Sasaki
203584,1359.8,273.3,1,1358.3,274.3,1,1500.0,350.0,0,1500.0,350.0,0,Adriana Perez
202447,1359.7,251.6,2,1367.2,259.4,2,1500.0,350.0,0,1500.0,350.0,0,Alexandra Mueller
201366,1359.7,104.3,588,1147.9,237.6,339,1395.0,178.0,163,1292.6,227.4,82,Barbora Strycova
213646,1359.6,83.7,79,1239.7,126.7,38,1384.6,148.1,25,1542.2,268.6,16,Dalma Galfi
202400,1359.6,284.6,1,1500.0,350.0,0,1500.0,350.0,0,1343.3,288.0,1,Anna Fitzpatrick
201727,1359.6,143.8,14,1500.0,350.0,0,1368.8,158.6,14,1500.0,350.0,0,Silvia Ramon Cortes
202273,1359.5,281.1,1,1500.0,350.0,0,1358.1,284.8,1,1500.0,350.0,0,Liga Dekmeijere
243420,1359.5,207.0,4,1500.0,350.0,0,1363.0,220.6,4,1500.0,350.0,0,Hanne Vandewinkel
200573,1359.5,102.0,73,1339.5,243.3,19,1375.3,147.5,31,1225.9,282.1,11,Cecilia Dahlman
202074,1359.2,191.9,5,1500.0,350.0,0,1500.0,350.0,0,1500.0,350.0,0,Katharina Buche
221945,1359.1,273.1,1,1500.0,350.0,0,1500.0,350.0,0,1322.0,307.9,1,Amelia Rajecki
200483,1359.1,139.1,16,1533.1,195.2,8,1252.7,315.9,1,1379.9,349.5,1,Kumiko Okamoto
202291,1359.0,166.9,30,1376.3,168.8,30,1500.0,350.0,0,1500.0,350.0,0,Seiko Okamoto
200691,1358.9,99.5,90,1292.5,166.4,20,1369.3,153.1,60,1442.4,295.7,6,Flora Perfetti
201275,1358.5,120.1,24,1372.9,140.8,19,1426.7,299.3,1,1288.6,310.7,2,Julie Steven
214191,1358.3,193.8,5,1094.1,258.8,2,1499.6,248.6,3,1500.0,350.0,0,Seone Mendez
221173,1358.2,273.8,1,1308.1,283.0,1,1500.0,350.0,0,1500.0,350.0,0,Valentina Ivanov
201470,1358.2,114.2,93,1268.7,153.4,35,1418.7,183.4,41,1407.9,313.6,14,Kristina Barrois
202501,1358.0,269.9,1,1364.5,273.0,1,1500.0,350.0,0,1500.0,350.0,0,Hyun Hui Hong
215588,1357.9,183.2,7,1353.1,193.3,7,1500.0,350.0,0,1500.0,350.0,0,Yasmine Mansouri
200587,1357.9,115.8,128,1443.9,168.9,30,1342.6,154.3,74,1045.6,447.1,4,Silke Meier
202037,1357.8,282.7,1,1359.5,286.0,1,1500.0,350.0,0,1500.0,350.0,0,Linley Tanner
202039,1357.8,278.5,1,1368.3,302.5,1,1500.0,350.0,0,1500.0,350.0,0,Ceylan Konuk
202330,1357.8,220.6,4,1400.0,256.3,3,1393.0,290.6,1,1500.0,350.0,0,Maria Vanina Garcia Sokol
202419,1357.7,250.6,2,1500.0,350.0,0,1381.2,265.9,2,1500.0,350.0,0,Barbara Luz
211779,1357.6,270.9,1,1500.0,350.0,0,1243.9,311.1,1,1500.0,350.0,0,Yana Morderger
201467,1357.4,161.9,16,1462.8,287.0,5,1375.7,205.2,10,1377.6,283.2,1,Ivana Abramovic
202346,1357.3,266.0,1,1344.0,272.2,1,1500.0,350.0,0,1500.0,350.0,0,Jewel Peterson
201362,1357.3,246.6,1,1500.0,350.0,0,1355.7,252.8,1,1500.0,350.0,0,Anais Laurendon
260847,1357.3,264.7,1,1500.0,350.0,0,1500.0,350.0,0,1318.8,306.4,1,Julia Stusek
202448,1357.2,260.6,1,1332.3,264.7,1,1500.0,350.0,0,1500.0,350.0,0,Zoe Gwen Scandalis
221626,1357.2,212.5,3,1344.8,216.0,3,1500.0,350.0,0,1500.0,350.0,0,Linda Klimovicova
201863,1357.1,215.1,10,1500.0,350.0,0,1396.2,224.8,10,1500.0,350.0,0,Alice Canepa
202332,1357.0,282.6,1,1500.0,350.0,0,1338.7,300.9,1,1500.0,350.0,0,Dominika Nociarova
204434,1357.0,87.1,79,1405.3,124.9,51,1230.0,198.3,22,1168.6,372.0,6,Ysaline Bonaventure
215878,1356.9,274.2,1,1500.0,350.0,0,1374.7,281.8,1,1500.0,350.0,0,Aurora Zantedeschi
266622,1356.7,299.1,1,1500.0,350.0,0,1354.5,301.1,1,1500.0,350.0,0,Eva Bennemann
204874,1356.7,244.9,3,1500.0,350.0,0,1500.0,350.0,0,1361.9,259.4,3,Tracey Oconnor
202407,1356.7,273.5,1,1500.0,350.0,0,1362.4,280.3,1,1500.0,350.0,0,Palma Kiraly
200099,1356.7,136.7,103,1361.6,169.9,51,1455.6,242.1,29,1361.6,304.1,8,Sonya Jeyaseelan
214818,1356.6,271.6,1,1500.0,350.0,0,1320.0,287.9,1,1500.0,350.0,0,Mira Antonitsch
201509,1356.6,230.6,3,1350.8,236.9,3,1500.0,350.0,0,1500.0,350.0,0,Ashley Weinhold
252488,1356.5,266.1,2,1396.8,282.8,2,1500.0,350.0,0,1500.0,350.0,0,Ana Candiotto
203526,1356.5,239.0,2,1353.6,239.6,2,1500.0,350.0,0,1500.0,350.0,0,Tammi Patterson
203234,1356.5,134.4,23,1382.1,138.6,23,1500.0,350.0,0,1500.0,350.0,0,Keiko Taguchi
221247,1356.4,141.6,12,1356.5,227.0,5,1350.1,183.3,7,1500.0,350.0,0,Ekaterina Makarova
204166,1356.2,299.8,1,1500.0,350.0,0,1384.4,308.7,1,1500.0,350.0,0,Ekaterina Paniouchkina
215174,1355.9,297.7,1,1500.0,350.0,0,1376.0,305.5,1,1500.0,350.0,0,Claudia Hoste Ferrer
202498,1355.6,139.1,45,1383.0,173.4,24,1279.3,213.3,19,1288.7,509.7,2,Julia Glushko
201401,1355.5,156.1,65,1411.1,215.5,52,1303.0,311.9,5,1164.1,392.6,7,Abigail Spears
201303,1355.2,97.0,138,1419.6,128.1,80,1303.1,251.6,19,1216.7,200.2,39,Anne Keothavong
212060,1355.1,299.3,1,1500.0,350.0,0,1383.4,308.3,1,1500.0,350.0,0,Chantel Skulskyj
216116,1355.1,231.6,4,1419.8,318.9,1,1376.9,270.8,3,1500.0,350.0,0,Elena Malygina
201359,1355.1,252.7,1,1500.0,350.0,0,1341.1,256.9,1,1500.0,350.0,0,Amandine Dulon
211031,1355.0,278.5,1,1500.0,350.0,0,1500.0,350.0,0,1374.8,305.0,1,Sarah Beth Grey
222506,1354.9,200.5,6,1280.6,331.3,1,1396.5,210.8,5,1500.0,350.0,0,Anastasiya Soboleva
201356,1354.8,102.4,93,1341.1,162.4,38,1293.3,165.3,46,1347.3,267.5,9,Eva Birnerova
202899,1354.6,285.0,1,1500.0,350.0,0,1500.0,350.0,0,1380.2,284.9,1,Cassandra Barr
200590,1354.5,234.1,3,1500.0,350.0,0,1395.7,244.1,3,1500.0,350.0,0,Gisele Miro
211279,1354.5,87.1,118,1309.6,148.1,62,1060.0,264.8,8,1376.5,173.3,48,Harriet Dart
202067,1354.4,254.1,2,1500.0,350.0,0,1383.2,265.6,2,1500.0,350.0,0,Alice Nohacova
204175,1354.4,139.0,19,1375.5,143.7,19,1500.0,350.0,0,1500.0,350.0,0,Akiko Gunji
201551,1354.3,80.2,256,1334.7,134.9,118,1392.5,136.4,108,1040.7,275.5,30,Arantxa Rus
235159,1354.2,240.9,3,1366.0,241.3,3,1500.0,350.0,0,1500.0,350.0,0,Astrid Lew Yan Foon
200566,1354.1,94.5,109,1345.7,122.1,60,1397.0,193.7,34,1360.4,341.7,11,Donna Faber
201298,1354.1,136.8,54,1186.1,317.8,15,1407.1,153.0,36,1289.3,523.4,1,Zsofia Gubacsi
202633,1354.0,279.5,1,1500.0,350.0,0,1338.8,283.6,1,1500.0,350.0,0,Nina Zander
201719,1354.0,208.4,3,1316.0,221.8,3,1500.0,350.0,0,1500.0,350.0,0,Stephanie Martin
201089,1353.9,129.9,37,1512.4,246.1,2,1342.2,485.5,1,1392.7,162.7,34,Lucie Ahl
201365,1353.6,137.0,130,1361.4,235.3,53,1405.2,188.9,67,1247.0,270.7,10,Edina Gallovits Hall
201191,1353.6,114.8,35,1500.0,350.0,0,1500.0,350.0,0,1395.8,127.8,34,Shirli Ann Siddall
201462,1353.6,137.4,145,1400.7,161.5,88,1286.4,191.3,45,1024.5,361.7,11,Alberta Brianti
202329,1353.5,273.2,1,1500.0,350.0,0,1380.8,290.6,1,1500.0,350.0,0,Jessica Fernandez
204716,1353.4,191.8,7,1426.4,201.6,7,1500.0,350.0,0,1500.0,350.0,0,Nadine Schlotterer
201754,1353.4,182.1,37,1400.3,238.9,6,1331.0,296.5,1,1511.9,305.4,28,Leanne Baker
203813,1353.3,249.2,3,1368.3,252.9,3,1500.0,350.0,0,1500.0,350.0,0,Victoria Davies
267022,1353.3,296.6,1,1500.0,350.0,0,1375.0,301.7,1,1500.0,350.0,0,Felitsata Dorofeeva Rybas
202596,1353.3,153.9,125,1307.1,208.8,58,1337.3,191.1,47,1494.3,290.2,20,Mihaela Buzarnescu
201921,1353.2,300.9,2,1372.8,279.5,1,1377.0,355.5,1,1500.0,350.0,0,Martina Nejedly
200737,1353.2,124.4,34,1337.3,216.7,12,1269.9,183.1,10,1370.8,314.0,7,Aleksandra Olsza
201071,1353.0,248.1,1,1500.0,350.0,0,1385.2,272.5,1,1500.0,350.0,0,Segolene Berger
202115,1353.0,334.2,1,1500.0,350.0,0,1500.0,350.0,0,1500.0,350.0,0,Cathrine Instebo
215111,1352.9,191.5,4,1283.1,238.8,2,1488.7,246.4,2,1500.0,350.0,0,Joanne Zuger
239397,1352.9,256.6,3,1358.9,255.9,3,1500.0,350.0,0,1500.0,350.0,0,Elena Micic
210886,1352.7,99.1,123,1084.6,171.9,57,1476.8,140.0,61,1107.4,295.3,5,Mayar Sherif
216385,1352.7,272.7,1,1500.0,350.0,0,1283.7,302.1,1,1500.0,350.0,0,Caijsa Wilda Hennemann
206819,1352.6,280.3,1,1500.0,350.0,0,1500.0,350.0,0,1350.1,288.9,1,Sylva Nesvadbova
200743,1352.6,185.2,5,1286.4,200.7,4,1344.7,287.1,1,1500.0,350.0,0,Nirupama Vaidyanathan
201579,1352.6,178.4,9,1352.7,178.3,9,1500.0,350.0,0,1500.0,350.0,0,Yurika Sema
201209,1352.4,148.6,77,1298.0,188.8,44,1353.6,230.5,20,1332.5,421.9,11,Selima Sfar
200560,1352.4,111.0,92,1363.6,164.9,55,1290.5,235.8,29,1239.7,424.9,3,Rene Simpson
201406,1352.3,146.9,21,1385.4,152.7,18,1212.6,327.8,3,1500.0,350.0,0,Shikha Uberoi
201881,1352.2,274.4,1,1500.0,350.0,0,1385.4,285.5,1,1500.0,350.0,0,Nora Koves
214032,1352.0,269.7,1,1335.8,275.7,1,1500.0,350.0,0,1500.0,350.0,0,Chiraz Bechri
200532,1351.9,122.7,17,1241.1,293.2,2,1315.7,167.6,10,1500.0,350.0,0,Maider Laval
200724,1351.9,104.4,69,1399.7,163.8,24,1351.3,141.7,38,1243.0,364.0,4,Lea Ghirardi
203208,1351.7,229.1,4,1373.0,231.7,4,1500.0,350.0,0,1500.0,350.0,0,Karen Paterson
202392,1351.6,273.8,1,1500.0,350.0,0,1327.5,285.6,1,1500.0,350.0,0,Melisa Miranda Otarola
201448,1351.2,115.6,191,1348.0,124.3,139,1246.1,275.2,43,1188.6,481.8,7,Galina Voskoboeva
201051,1351.0,151.7,30,1462.4,315.2,4,1347.2,167.4,22,1287.0,382.7,1,Laura Lapi
203575,1350.7,124.0,208,1353.1,185.5,107,1357.0,164.1,95,904.5,570.0,6,Danka Kovinic
200058,1350.6,127.7,27,1288.5,312.4,6,1421.9,146.5,20,1414.3,318.9,1,Anna Foldenyi Dicker
200600,1350.6,291.3,1,1350.6,291.3,1,1500.0,350.0,0,1500.0,350.0,0,Simone Schilder
204557,1350.4,206.2,6,1355.4,207.7,6,1500.0,350.0,0,1500.0,350.0,0,Silvia Hegedis
233742,1350.3,220.4,5,1452.6,290.6,2,1361.0,249.5,3,1500.0,350.0,0,Yaroslava Bartashevich
201853,1350.2,245.4,2,1381.0,273.5,1,1500.0,350.0,0,1500.0,350.0,0,Andrea Muller
201273,1350.1,126.5,23,1364.2,159.9,14,1500.0,350.0,0,1403.5,257.2,6,Shannan Mccarthy
200087,1349.9,147.7,79,1343.2,201.4,30,1264.7,219.9,36,1371.6,301.5,11,Seda Noorlander
202285,1349.9,272.1,1,1500.0,350.0,0,1500.0,350.0,0,1321.2,311.1,1,Silvana Bauer
201595,1349.7,106.5,264,1400.7,137.5,179,1179.0,221.3,53,1165.9,316.8,32,Misaki Doi
200012,1349.5,88.0,154,1342.1,128.1,89,1213.1,198.1,30,1136.1,276.7,12,Jana Nejedly
214158,1349.5,274.0,1,1357.7,274.4,1,1500.0,350.0,0,1500.0,350.0,0,Anastasiya Shoshyna
201196,1349.4,159.8,9,1500.0,350.0,0,1321.0,322.3,1,1365.6,186.9,8,Claire Taylor
200413,1349.2,122.0,23,1171.9,193.5,9,1500.0,350.0,0,1514.6,214.2,10,Heather Ludloff
212063,1349.1,305.8,1,1500.0,350.0,0,1383.4,308.3,1,1500.0,350.0,0,Nanette Flichtbeil
202255,1348.9,272.8,1,1500.0,350.0,0,1500.0,350.0,0,1500.0,350.0,0,Jillian Muller
200486,1348.9,102.7,28,1257.4,173.5,11,1485.4,141.5,15,1183.3,298.6,1,Csilla Cserepy
202685,1348.8,119.9,22,1351.1,136.8,19,1440.3,255.2,3,1500.0,350.0,0,Misa Eguchi
259758,1348.7,233.0,3,1500.0,350.0,0,1465.3,278.9,2,1419.9,306.1,1,Anouck Vrancken Peeters
201055,1348.6,247.8,1,1500.0,350.0,0,1321.6,263.6,1,1500.0,350.0,0,Barbara Collet
202600,1348.5,87.5,160,1334.6,133.8,78,1242.0,150.3,58,1253.6,230.9,24,Viktoriya Tomova
202343,1348.5,274.9,1,1500.0,350.0,0,1314.8,292.3,1,1500.0,350.0,0,Erica Krauth
210931,1348.4,275.0,1,1358.2,275.8,1,1500.0,350.0,0,1500.0,350.0,0,Ching Wen Hsu
214487,1348.4,277.6,1,1500.0,350.0,0,1369.1,285.2,1,1500.0,350.0,0,Ioana Minca
222081,1348.4,248.2,1,1358.3,253.0,1,1500.0,350.0,0,1500.0,350.0,0,Eleana Yu
225858,1348.2,271.7,1,1500.0,350.0,0,1270.1,292.5,1,1500.0,350.0,0,Sarah Iliev
200768,1348.2,140.3,15,1228.2,331.2,2,1294.1,167.0,10,1500.0,350.0,0,Laurence Andretto
213899,1348.1,263.8,1,1500.0,350.0,0,1300.6,290.8,1,1500.0,350.0,0,Frances Altick
201562,1347.9,121.3,159,1298.7,241.5,63,1308.9,147.6,86,1391.0,499.0,10,Silvia Soler Espinosa
202705,1347.8,144.3,70,1328.5,165.4,34,1402.8,218.5,26,1294.8,272.9,10,Veronica Cepede Royg
202263,1347.7,269.0,1,1367.9,274.1,1,1500.0,350.0,0,1500.0,350.0,0,Anne Nguyen
202156,1347.5,221.0,4,1500.0,350.0,0,1370.0,230.1,4,1500.0,350.0,0,Gabriella Boschiero
213674,1347.4,258.3,2,1342.7,258.4,2,1500.0,350.0,0,1500.0,350.0,0,Jade Lewis
202136,1347.3,271.5,1,1500.0,350.0,0,1500.0,350.0,0,1500.0,350.0,0,Michele Wreem
202454,1347.2,186.2,11,1359.1,188.5,11,1500.0,350.0,0,1500.0,350.0,0,Erika Sema
202277,1347.1,276.7,1,1500.0,350.0,0,1353.7,279.7,1,1500.0,350.0,0,Mariana Correa
201477,1347.0,128.2,84,1363.6,152.9,60,1076.6,300.2,13,1224.9,311.6,11,Stephanie Dubois
201678,1346.7,151.8,11,1329.9,186.3,8,1399.9,227.3,3,1500.0,350.0,0,Sacha Jones
202127,1346.2,230.0,3,1474.9,262.7,2,1500.0,350.0,0,1384.4,332.6,1,Ding Ding
203004,1346.1,284.5,1,1500.0,350.0,0,1500.0,350.0,0,1317.9,299.1,1,Wukirasih Sawondari
201588,1346.0,144.6,137,1334.9,179.8,70,1375.1,205.4,52,1406.5,331.5,15,Anna Tatishvili
202268,1345.9,273.2,2,1262.0,299.2,2,1500.0,350.0,0,1500.0,350.0,0,Montinee Tangphong
203194,1345.4,164.9,13,1365.6,166.8,13,1500.0,350.0,0,1500.0,350.0,0,Leticia Sobral
201053,1345.3,176.5,8,1500.0,350.0,0,1228.6,254.3,3,1500.0,350.0,0,Sylvie Sabas
206349,1345.3,165.8,8,1317.9,172.0,8,1500.0,350.0,0,1500.0,350.0,0,Mayo Hibi
201279,1345.2,215.0,5,1373.9,217.5,5,1500.0,350.0,0,1500.0,350.0,0,Keri Phebus
201695,1344.9,244.0,2,1500.0,350.0,0,1297.6,260.9,2,1500.0,350.0,0,Anna Brazhnikova
215371,1344.8,133.3,21,1416.0,211.9,11,1197.5,187.7,10,1500.0,350.0,0,Francesca Di Lorenzo
202195,1344.4,299.1,1,1344.0,299.3,1,1500.0,350.0,0,1500.0,350.0,0,Petra Gaspar
201461,1344.4,244.1,1,1500.0,350.0,0,1252.3,261.5,1,1500.0,350.0,0,Aurelie Vedy
220554,1344.4,221.6,3,1500.0,350.0,0,1342.7,231.6,3,1500.0,350.0,0,Alice Tubello
201700,1344.3,240.2,3,1500.0,350.0,0,1347.0,238.9,3,1500.0,350.0,0,Nikola Hofmanova
216119,1344.3,269.8,1,1325.0,276.2,1,1500.0,350.0,0,1500.0,350.0,0,Maileen Nuudi
202485,1344.3,262.5,1,1347.1,269.2,1,1500.0,350.0,0,1500.0,350.0,0,Jana Juricova
211702,1344.2,98.1,200,1345.2,140.6,147,1225.9,199.8,40,987.5,367.8,13,Nao Hibino
201855,1344.2,215.3,6,1371.6,239.5,3,1339.9,345.5,3,1500.0,350.0,0,Adriana Barna
212079,1344.1,291.4,1,1343.6,291.5,1,1500.0,350.0,0,1500.0,350.0,0,Amanda Jasso
202398,1343.9,221.0,3,1500.0,350.0,0,1343.6,225.6,3,1500.0,350.0,0,Veronika Chvojkova
202475,1343.9,258.1,2,1500.0,350.0,0,1334.9,269.5,2,1500.0,350.0,0,Jasmina Tinjic
221369,1343.7,271.4,1,1500.0,350.0,0,1340.7,282.0,1,1500.0,350.0,0,Lisa Zaar
202261,1343.7,185.8,6,1500.0,350.0,0,1370.8,206.2,6,1500.0,350.0,0,Joanna Sakowicz Kostecka
202216,1343.5,254.1,2,1354.0,259.1,2,1500.0,350.0,0,1500.0,350.0,0,Lilia Biktyakova
204377,1343.4,202.4,6,1395.4,228.6,4,1463.1,344.0,1,1401.1,298.3,1,Indy De Vroome
200662,1343.3,125.4,26,1337.8,263.5,11,1379.5,306.9,1,1482.6,156.4,14,Joanne Limmer
202639,1343.1,271.2,1,1343.8,272.2,1,1500.0,350.0,0,1500.0,350.0,0,Akiko Omae
201627,1343.0,147.0,11,1379.9,189.9,7,1452.2,239.0,3,1375.4,307.8,1,Kim De Weille
202203,1342.6,274.3,1,1328.4,280.8,1,1500.0,350.0,0,1500.0,350.0,0,Yu Min Fan Chiang
222458,1342.5,274.2,1,1335.3,277.9,1,1500.0,350.0,0,1500.0,350.0,0,Pia Lovric
213666,1342.4,130.2,35,1368.6,137.4,29,1284.7,494.2,3,1165.6,342.8,3,Maddison Inglis
201820,1342.3,219.1,3,1500.0,350.0,0,1376.5,224.7,3,1500.0,350.0,0,Caroline Wuillot
201276,1342.1,183.6,5,1353.6,187.9,5,1500.0,350.0,0,1500.0,350.0,0,Nicole London
245077,1341.9,212.0,3,1500.0,350.0,0,1334.6,229.8,3,1500.0,350.0,0,Yelyzaveta Kotliar
202248,1341.9,273.9,1,1365.9,279.6,1,1500.0,350.0,0,1500.0,350.0,0,Cristina Moros
211966,1341.9,272.4,1,1348.1,274.5,1,1500.0,350.0,0,1500.0,350.0,0,Ksenia Gaydarzhi
202443,1341.5,135.5,31,1341.3,146.5,26,1122.8,458.1,4,1308.3,540.4,1,Valeria Savinykh
203435,1341.5,146.2,55,1352.0,183.0,30,1300.2,216.3,17,1457.4,302.8,8,Dalila Jakupovic
200124,1341.5,124.8,333,1347.0,135.5,177,1271.2,324.6,73,1348.2,493.0,50,Anne Kremer
200057,1341.5,107.9,139,1361.0,139.8,94,1300.5,233.8,15,1218.8,336.5,17,Erika De Lone
211814,1341.4,99.2,62,1268.1,155.2,26,1347.1,150.1,34,1172.6,523.7,2,Julia Grabher
201082,1341.3,136.7,31,1500.0,350.0,0,1500.0,350.0,0,1338.3,155.5,31,Lorna Woodroffe
221003,1341.2,224.5,5,1468.4,242.4,4,1382.2,307.9,1,1500.0,350.0,0,Clara Vlasselaer
200711,1341.2,99.8,43,1238.7,166.6,18,1578.2,155.1,18,1194.2,305.9,4,Tatiana Ignatieva
206433,1341.1,269.9,1,1500.0,350.0,0,1371.8,276.4,1,1500.0,350.0,0,Nadia Echeverria Alam
201622,1341.0,141.4,10,1333.0,177.2,7,1449.6,238.4,3,1500.0,350.0,0,Iryna Bremond
200670,1341.0,148.9,13,1493.1,242.5,3,1350.7,194.7,7,1500.0,350.0,0,Nathalie Housset
201429,1341.0,148.2,57,1366.3,195.7,40,1292.8,370.5,6,1450.7,258.9,9,Rika Fujiwara
200542,1340.9,123.5,119,1356.3,199.7,65,1281.9,248.5,14,1174.9,212.7,28,Clare Wood
213780,1340.8,283.8,1,1500.0,350.0,0,1371.2,295.2,1,1500.0,350.0,0,Andreea Amalia Rosca
201333,1340.7,163.6,37,1294.1,213.2,17,1331.7,200.4,13,1282.7,365.5,2,Angelika Roesch
203415,1340.7,273.4,1,1326.7,280.4,1,1500.0,350.0,0,1500.0,350.0,0,Ilona Kremen
200447,1340.7,298.9,1,1340.7,298.9,1,1500.0,350.0,0,1500.0,350.0,0,Adriana Villagran Reami
200642,1340.7,135.6,30,1194.2,291.9,7,1399.6,149.9,22,1500.0,350.0,0,Denisa Szabova
200557,1340.6,123.1,101,1395.9,152.1,52,1265.5,293.2,12,1371.6,258.2,19,Katrina Adams
201354,1340.5,134.8,26,1195.1,272.6,4,1395.5,151.6,21,1500.0,350.0,0,Libuse Prusova
202307,1340.5,276.6,1,1336.0,278.8,1,1500.0,350.0,0,1500.0,350.0,0,Tanner Cochran
215988,1340.5,111.6,37,1334.6,114.7,35,1500.0,350.0,0,1391.4,527.6,2,Mai Hontama
202350,1340.4,241.9,5,1355.9,252.4,5,1500.0,350.0,0,1500.0,350.0,0,Olena Antypina
201726,1340.4,166.9,9,1312.7,238.5,4,1402.0,213.0,5,1500.0,350.0,0,Rachel Ann Jensen
201636,1340.3,243.0,2,1500.0,350.0,0,1357.4,270.1,2,1500.0,350.0,0,Anna Orlik
206277,1340.0,273.0,1,1500.0,350.0,0,1309.4,291.6,1,1500.0,350.0,0,Marine Partaud
202217,1339.9,279.8,1,1298.2,304.0,1,1500.0,350.0,0,1500.0,350.0,0,Kamila Dadakhodjaeva
223331,1339.8,129.4,14,1405.0,232.2,4,1309.9,207.2,6,1318.7,219.4,4,Anca Alexia Todoni
214604,1339.7,108.0,41,1264.6,175.1,12,1366.7,130.8,28,1138.2,382.0,1,Maria Lourdes Carle
204176,1339.6,232.4,5,1354.2,236.8,5,1500.0,350.0,0,1500.0,350.0,0,Yumi Yokoi
202116,1339.6,276.8,1,1500.0,350.0,0,1368.0,285.8,1,1500.0,350.0,0,Laura Dellangelo
202253,1339.5,278.2,1,1500.0,350.0,0,1387.0,289.4,1,1500.0,350.0,0,Marijana Kovacevic
201453,1339.4,115.0,43,1320.7,146.5,28,1330.9,218.5,12,1456.1,296.3,3,Hana Sromova
201192,1339.0,224.5,2,1500.0,350.0,0,1500.0,350.0,0,1347.5,258.3,2,Colette Caple
204474,1338.9,125.1,30,1500.0,350.0,0,1563.3,219.8,9,1407.3,142.3,20,Susan Cowan
201035,1338.9,228.2,4,1447.1,248.3,3,1500.0,350.0,0,1319.2,302.9,1,Kate Gompert
220713,1338.8,273.2,1,1339.0,276.4,1,1500.0,350.0,0,1500.0,350.0,0,Nika Radisic
201476,1338.8,229.4,8,1365.5,244.0,7,1364.7,337.9,1,1500.0,350.0,0,Lauren Albanese
201693,1338.8,133.3,304,1383.0,214.3,203,1227.5,202.4,70,1192.2,487.5,31,Timea Babos
223326,1338.7,288.6,1,1340.3,289.7,1,1500.0,350.0,0,1500.0,350.0,0,Raquel Gonzalez Vilar
216044,1338.7,266.8,2,1391.6,272.2,1,1384.3,329.2,1,1500.0,350.0,0,Yuki Naito
202483,1338.6,205.3,4,1422.1,274.6,2,1419.8,290.0,1,1394.2,299.7,1,Sandra Zaniewska
201648,1338.6,105.3,66,1467.2,125.0,42,1118.3,409.8,2,1213.2,219.4,22,Naomi Broady
215798,1338.5,280.5,1,1500.0,350.0,0,1374.8,305.0,1,1500.0,350.0,0,Rosa Vicens Mas
202471,1338.4,301.7,1,1336.7,302.3,1,1500.0,350.0,0,1500.0,350.0,0,Karen Barbat
201941,1338.3,290.9,1,1500.0,350.0,0,1345.0,296.5,1,1500.0,350.0,0,Dora Krstulovic
215386,1338.2,292.2,1,1500.0,350.0,0,1385.6,309.2,1,1500.0,350.0,0,Vivian Wolff
203188,1338.1,160.5,11,1500.0,350.0,0,1500.0,350.0,0,1410.8,165.8,11,Emily Hewson
202433,1338.0,301.2,1,1500.0,350.0,0,1341.6,301.6,1,1500.0,350.0,0,Anna Giulia Remondina
200675,1337.9,103.5,73,1314.6,174.0,21,1373.5,170.3,25,1199.0,398.0,3,Eugenia Maniokova
222965,1337.7,90.1,49,1373.6,106.5,33,1152.4,199.6,14,1517.0,289.0,2,Erika Andreeva
204397,1337.7,272.6,1,1328.4,288.6,1,1500.0,350.0,0,1500.0,350.0,0,Arina Folts
260296,1337.6,300.2,1,1500.0,350.0,0,1378.3,306.4,1,1500.0,350.0,0,Valentina Steiner
203963,1337.5,194.6,5,1500.0,350.0,0,1472.7,208.9,5,1500.0,350.0,0,Boglarka Berecz
201571,1337.5,123.0,27,1227.4,253.8,8,1345.6,144.0,18,1366.6,338.7,1,Masa Zec Peskiric
212067,1337.4,242.4,4,1346.5,241.2,4,1500.0,350.0,0,1500.0,350.0,0,Mika Kanaya
214262,1337.3,127.6,17,1338.4,136.3,14,1431.1,303.4,2,1376.8,355.1,1,Ena Shibahara
206077,1337.3,273.0,1,1335.1,274.9,1,1500.0,350.0,0,1500.0,350.0,0,Miharu Imanishi
203549,1336.8,295.2,1,1377.0,305.9,1,1500.0,350.0,0,1500.0,350.0,0,Olga Ianchuk
201745,1336.6,166.7,8,1293.3,222.1,4,1387.7,228.2,4,1500.0,350.0,0,Lupita Novelo
231639,1336.6,281.2,1,1500.0,350.0,0,1356.9,283.2,1,1500.0,350.0,0,Ariana Geerlings
269753,1336.5,280.4,2,1500.0,350.0,0,1338.0,281.1,2,1500.0,350.0,0,Alina Yuneva
201518,1336.5,112.7,441,1443.0,182.8,281,1185.0,352.1,76,1234.7,226.7,74,Yanina Wickmayer
214534,1336.4,272.2,1,1328.0,275.5,1,1500.0,350.0,0,1500.0,350.0,0,Komola Umarova
215018,1336.4,152.2,22,1323.1,173.0,18,1174.4,311.2,2,1559.2,488.0,2,Destanee Aiava
202287,1336.4,253.9,3,1373.9,275.9,2,1415.0,322.7,1,1500.0,350.0,0,Daniela Kix
215398,1336.3,307.6,1,1382.2,307.9,1,1500.0,350.0,0,1500.0,350.0,0,Lucia Cortez Llorca
214312,1336.2,229.6,3,1328.6,303.4,1,1443.4,267.6,2,1500.0,350.0,0,Sherazad Reix
201744,1336.2,275.3,1,1355.1,278.7,1,1500.0,350.0,0,1500.0,350.0,0,Caroline Schneider
201295,1336.1,136.3,62,1325.9,153.7,49,1356.0,327.7,6,1284.7,300.8,6,Wynne Prakusya
201862,1336.1,166.8,19,1347.7,270.1,2,1371.9,188.7,17,1500.0,350.0,0,Vanessa Menga
202163,1336.1,276.5,1,1309.9,286.3,1,1500.0,350.0,0,1500.0,350.0,0,Heather Willens
221139,1336.0,275.5,1,1330.4,288.8,1,1500.0,350.0,0,1500.0,350.0,0,Ziva Falkner
201491,1335.9,138.6,21,1344.7,287.5,7,1244.7,157.2,14,1500.0,350.0,0,Olivia Sanchez
201193,1335.8,107.0,24,1258.6,195.0,7,1532.3,216.1,7,1349.6,197.6,8,Claire Wegink
222299,1335.6,302.0,1,1500.0,350.0,0,1344.0,301.8,1,1500.0,350.0,0,Adriana Reami
205071,1335.5,296.0,1,1351.5,301.4,1,1500.0,350.0,0,1500.0,350.0,0,Anastasia Dvornikova
205213,1335.5,196.0,6,1359.0,199.2,6,1500.0,350.0,0,1500.0,350.0,0,Micaela Moran
202271,1335.5,298.4,1,1500.0,350.0,0,1371.6,299.7,1,1500.0,350.0,0,Vanessa Krauth
213583,1335.4,72.9,405,1210.9,110.5,221,1357.5,129.3,130,1550.8,336.6,54,Tatjana Maria
201772,1335.3,271.2,1,1305.9,277.9,1,1500.0,350.0,0,1500.0,350.0,0,Aranzazu Gallardo
260203,1335.3,272.5,1,1322.6,275.6,1,1500.0,350.0,0,1500.0,350.0,0,Vendula Valdmannova
200666,1335.3,133.7,80,1370.7,243.3,18,1299.6,153.4,47,1340.4,339.7,3,Marion Maruska
200767,1335.2,103.4,27,1322.4,134.3,15,1328.4,232.3,8,1251.8,282.2,2,Holly Parkinson
201969,1335.1,274.6,1,1500.0,350.0,0,1278.9,305.2,1,1500.0,350.0,0,Karin Ptaszek
200746,1334.9,126.4,70,1453.1,194.3,31,1290.2,166.0,35,1167.0,336.9,2,Sandra Kloesel
200639,1334.9,161.8,43,1365.2,167.1,35,1293.8,357.3,6,1277.3,376.4,2,Claudine Toleafoa
204784,1334.9,140.5,16,1396.0,156.1,15,1500.0,350.0,0,1310.8,301.1,1,Saori Honda
205591,1334.9,139.0,14,1317.9,273.5,4,1394.4,162.6,10,1500.0,350.0,0,Paula Cristina Goncalves
201581,1334.8,269.6,2,1340.1,276.1,2,1500.0,350.0,0,1500.0,350.0,0,Chun Mei Ji
202070,1334.8,282.9,1,1500.0,350.0,0,1364.4,283.5,1,1500.0,350.0,0,Scarlett Werner
204352,1334.8,291.5,1,1500.0,350.0,0,1329.6,294.9,1,1500.0,350.0,0,Yvonne Neuwirth
204571,1334.7,293.9,2,1384.8,308.9,1,1500.0,350.0,0,1385.2,326.6,1,Michelle Summerside
201942,1334.7,169.9,11,1293.5,258.4,4,1368.2,227.4,7,1500.0,350.0,0,Andreea Ehritt Vanc
202413,1334.5,253.0,2,1376.0,305.9,1,1299.7,297.8,1,1500.0,350.0,0,Florencia Molinero
222980,1334.4,193.9,7,1344.5,195.3,7,1500.0,350.0,0,1500.0,350.0,0,Lucie Havlickova
200686,1334.3,114.6,100,1276.8,195.0,15,1362.7,144.5,69,1044.2,348.1,4,Sandra Dopfer
221243,1334.1,244.7,3,1450.0,263.9,2,1311.6,311.2,1,1500.0,350.0,0,Martyna Kubka
201075,1334.1,148.2,17,1304.2,181.0,11,1460.0,239.7,5,1500.0,350.0,0,Liezel Huber
202334,1333.9,246.3,3,1378.5,273.5,2,1378.5,308.8,1,1500.0,350.0,0,Hanna Nooni
201658,1333.8,270.7,1,1500.0,350.0,0,1303.8,279.2,1,1500.0,350.0,0,Carmen Klaschka
203552,1333.3,126.8,58,1330.0,140.6,47,1287.3,328.3,5,1275.2,268.7,6,Risa Ozaki
204491,1333.2,247.3,3,1500.0,350.0,0,1500.0,350.0,0,1423.1,249.9,3,Rebecca Pike
202396,1333.2,271.7,1,1500.0,350.0,0,1276.9,287.3,1,1500.0,350.0,0,Nadja Roma
202766,1333.2,228.3,3,1500.0,350.0,0,1500.0,350.0,0,1396.0,242.1,3,Nicole Rencken
200520,1333.2,108.6,42,1498.0,169.5,24,1147.7,269.3,4,1146.8,206.7,9,Sarah Loosemore
200754,1332.9,104.6,418,1337.2,155.2,256,1275.4,157.5,121,964.5,396.5,34,Jill Craybas
201086,1332.8,158.9,149,1315.8,165.4,65,1337.8,383.7,65,1073.5,471.5,11,Greta Arn
200580,1332.7,288.3,1,1332.7,288.3,1,1500.0,350.0,0,1500.0,350.0,0,Kimberly Kessaris
201059,1332.2,166.8,48,1317.0,182.3,30,1324.0,469.3,4,1567.2,418.1,3,Misumi Miyauchi
201654,1332.1,246.2,3,1403.4,328.7,1,1369.8,273.7,2,1500.0,350.0,0,Sandra Roma
201569,1331.9,262.6,2,1500.0,350.0,0,1500.0,350.0,0,1226.7,256.0,2,Georgie Gent
203898,1331.9,289.0,1,1500.0,350.0,0,1500.0,350.0,0,1382.3,288.2,1,Tina Samara
202351,1331.8,288.6,1,1344.4,301.5,1,1500.0,350.0,0,1500.0,350.0,0,Shayna Mcdowell
221985,1331.7,136.9,13,1208.3,186.1,6,1484.4,209.4,7,1500.0,350.0,0,Darja Semenistaja
201865,1331.6,276.8,1,1500.0,350.0,0,1361.7,279.2,1,1500.0,350.0,0,Alicia Ortuno
200623,1331.6,121.6,90,1336.8,177.9,46,1341.7,180.5,34,1511.7,395.8,2,Petra Thoren
201729,1331.5,150.0,15,1124.3,353.4,4,1537.6,179.6,9,1464.1,460.2,2,Larissa Schaerer
201272,1331.4,250.9,2,1324.7,256.8,2,1500.0,350.0,0,1500.0,350.0,0,Sandra Birch
214405,1331.4,128.0,17,1360.6,153.8,9,1299.5,221.9,7,1451.5,346.2,1,Mirjam Bjorklund
202406,1331.3,278.4,1,1500.0,350.0,0,1307.6,292.9,1,1500.0,350.0,0,Natasa Zoric
211552,1331.2,148.5,44,1320.6,192.0,20,1248.9,236.8,19,1764.7,298.0,5,Harmony Tan
201066,1331.1,113.5,22,1500.0,350.0,0,1343.9,130.2,21,1369.6,268.2,1,Neus Avila Bonastre
202099,1331.0,223.5,3,1337.2,277.4,1,1500.0,350.0,0,1500.0,350.0,0,Louise Pleming
200462,1331.0,107.4,35,1304.5,135.5,25,1500.0,350.0,0,1461.7,206.3,9,Belinda Cordwell
202150,1331.0,276.2,1,1500.0,350.0,0,1381.7,283.2,1,1500.0,350.0,0,Jana Lubasova
201412,1331.0,93.4,104,1342.1,129.2,55,1276.4,189.2,41,1222.2,275.9,8,Anastasia Yakimova
204304,1330.9,274.4,1,1334.9,277.3,1,1500.0,350.0,0,1500.0,350.0,0,Jawairiah Noordin
200619,1330.7,195.3,5,1350.7,206.8,4,1361.3,281.3,1,1500.0,350.0,0,Kate Mcdonald
211637,1330.7,245.6,2,1327.5,245.0,2,1500.0,350.0,0,1500.0,350.0,0,Tornado Alicia Black
202622,1330.4,136.5,15,1326.2,145.1,14,1500.0,350.0,0,1411.9,366.7,1,Lyudmyla Kichenok
202375,1330.3,285.5,1,1500.0,350.0,0,1370.9,290.1,1,1500.0,350.0,0,Emilie Bacquet
201078,1330.3,113.0,42,1293.1,182.1,16,1384.9,166.8,17,1062.4,298.6,4,Eugenia Kulikovskaya
201722,1330.3,160.5,15,1167.8,218.7,6,1539.7,196.6,9,1500.0,350.0,0,Luanne Spadea
202194,1330.2,131.4,19,1400.4,349.1,1,1362.0,261.9,2,1227.7,221.0,5,Anna Klim
214930,1330.0,271.4,1,1500.0,350.0,0,1363.4,277.1,1,1500.0,350.0,0,Jenny Duerst
216151,1330.0,274.1,1,1500.0,350.0,0,1338.8,279.2,1,1500.0,350.0,0,Jessica Plazas
201943,1329.9,300.5,1,1500.0,350.0,0,1331.0,302.2,1,1500.0,350.0,0,Ivana Bracun
200719,1329.8,129.1,15,1371.8,140.6,13,1500.0,350.0,0,1333.1,322.1,2,Siobhan Drake Brockman
223159,1329.6,278.0,1,1307.4,284.9,1,1500.0,350.0,0,1500.0,350.0,0,Vivian Yang
211736,1329.5,114.9,33,1298.8,181.7,15,1268.9,176.7,14,1484.4,347.0,4,Ivana Jorovic
202354,1329.5,277.9,1,1500.0,350.0,0,1358.7,278.4,1,1500.0,350.0,0,Andrea Benitez
201808,1329.5,287.5,1,1313.6,295.3,1,1500.0,350.0,0,1500.0,350.0,0,Hiroko Hara
202414,1329.4,182.0,6,1301.6,271.3,3,1330.8,289.2,1,1462.1,250.3,2,Catherine Harrison
269835,1329.2,308.4,1,1383.4,308.3,1,1500.0,350.0,0,1500.0,350.0,0,Juliana Giaccio
202604,1329.1,142.9,25,1327.4,240.1,14,1394.8,185.5,11,1500.0,350.0,0,Despina Papamichail
202235,1328.8,303.4,1,1381.0,307.4,1,1500.0,350.0,0,1500.0,350.0,0,Fukiko Osawa
203578,1328.8,202.1,26,1328.7,204.1,26,1500.0,350.0,0,1500.0,350.0,0,Fangzhou Liu
202439,1328.7,269.7,1,1500.0,350.0,0,1345.2,274.0,1,1500.0,350.0,0,Silvia Albano
207341,1328.7,288.0,1,1500.0,350.0,0,1500.0,350.0,0,1327.1,295.3,1,Silvia Tozzi
221411,1328.7,257.7,1,1500.0,350.0,0,1291.7,275.6,1,1500.0,350.0,0,Jennifer Ruggeri
207763,1328.5,287.9,2,1328.5,287.9,2,1500.0,350.0,0,1500.0,350.0,0,Marta Simic
200578,1328.4,121.3,102,1255.4,184.7,52,1188.7,437.4,3,1425.4,232.9,26,Rennae Stubbs
200519,1328.3,97.7,27,1359.0,228.5,4,1351.2,118.5,21,1281.6,276.7,1,Sybille Niox Chateau
212074,1328.2,288.3,1,1338.6,286.7,1,1500.0,350.0,0,1500.0,350.0,0,Natsuko Matsuda
201940,1328.1,274.1,1,1500.0,350.0,0,1364.7,277.0,1,1500.0,350.0,0,Mirela Vladulescu
202172,1328.1,288.6,1,1500.0,350.0,0,1354.8,286.2,1,1500.0,350.0,0,Ginevra Mugniani
201624,1327.8,189.9,9,1368.2,217.0,8,1346.7,292.6,1,1500.0,350.0,0,Eun Ha Kim
203504,1327.7,131.4,25,1372.5,141.4,22,1261.3,285.0,2,1395.6,353.7,1,Miyu Kato
202162,1327.7,270.1,1,1342.9,272.8,1,1500.0,350.0,0,1500.0,350.0,0,Page Bartelt
201968,1327.6,244.8,2,1500.0,350.0,0,1336.7,263.8,2,1500.0,350.0,0,Geraldine Dondit
201606,1327.5,98.1,125,1268.0,112.9,95,1153.3,328.4,10,1316.1,276.7,20,Rebecca Marino
203073,1327.5,198.7,7,1500.0,350.0,0,1500.0,350.0,0,1448.9,202.0,7,Caroline Bodart
204376,1327.3,261.4,1,1328.7,265.8,1,1500.0,350.0,0,1500.0,350.0,0,Demi Schuurs
202409,1327.3,304.9,1,1334.8,303.5,1,1500.0,350.0,0,1500.0,350.0,0,Alisa Ogorodova
202147,1327.2,272.5,1,1500.0,350.0,0,1317.8,281.1,1,1500.0,350.0,0,Zuzana Nemsakova
201358,1327.0,146.9,11,1349.8,357.5,1,1343.9,162.8,10,1500.0,350.0,0,Natalia Gussoni
201631,1326.9,191.1,8,1335.9,194.3,8,1500.0,350.0,0,1500.0,350.0,0,Nicha Lertpitaksinchai
252587,1326.9,217.0,3,1321.0,219.0,3,1500.0,350.0,0,1500.0,350.0,0,Xinxin Yao
202932,1326.7,267.8,2,1331.1,267.8,2,1500.0,350.0,0,1500.0,350.0,0,Marta Sirotkina
201878,1326.6,274.2,1,1349.1,274.1,1,1500.0,350.0,0,1500.0,350.0,0,Junko Watanabe
215750,1326.5,300.3,1,1500.0,350.0,0,1372.0,303.9,1,1500.0,350.0,0,Ana Biskic
200545,1326.1,181.3,9,1386.1,198.6,7,1500.0,350.0,0,1405.4,324.5,1,Ei Iida
202403,1326.0,259.1,2,1500.0,350.0,0,1300.4,259.8,2,1500.0,350.0,0,Leticia Costas
215042,1326.0,166.0,25,1470.4,202.8,10,1500.0,350.0,0,1154.9,240.4,15,Katie Swan
202363,1326.0,299.0,1,1374.8,305.0,1,1500.0,350.0,0,1500.0,350.0,0,Vivien Silfany Tony
215064,1325.9,192.0,7,1225.0,279.1,3,1448.1,213.0,4,1500.0,350.0,0,Maria Mateas
202234,1325.9,275.0,1,1344.3,277.2,1,1500.0,350.0,0,1500.0,350.0,0,Monique Viele
201661,1325.9,260.0,3,1348.2,368.6,1,1353.0,255.9,2,1500.0,350.0,0,Tina Schiechtl
202313,1325.8,249.9,2,1500.0,350.0,0,1338.7,256.1,2,1500.0,350.0,0,Darija Jurak
200646,1325.8,122.1,40,1499.1,201.7,9,1333.3,157.4,29,1214.6,302.6,2,Francesca Romano
202366,1325.5,277.8,1,1354.7,277.9,1,1500.0,350.0,0,1500.0,350.0,0,Sanaa Bhambri
206037,1325.4,194.6,9,1350.6,235.4,2,1303.8,236.8,7,1500.0,350.0,0,Daniela Seguel
214212,1325.4,285.0,1,1329.2,287.0,1,1500.0,350.0,0,1500.0,350.0,0,Noelia Bouzo Zanotti
202023,1325.1,274.9,1,1500.0,350.0,0,1350.8,279.3,1,1500.0,350.0,0,Maite Martinez Perez
203354,1325.1,114.0,141,1315.9,137.1,76,1246.1,183.7,58,1024.9,381.9,7,Martina Trevisan
211756,1324.8,300.2,1,1373.5,304.5,1,1500.0,350.0,0,1500.0,350.0,0,Patcharin Cheapchandej
202260,1324.8,276.6,1,1500.0,350.0,0,1320.2,282.9,1,1500.0,350.0,0,Nicole Remis
211885,1324.8,276.2,1,1500.0,350.0,0,1320.3,278.0,1,1500.0,350.0,0,Alice Matteucci
221486,1324.7,303.7,1,1500.0,350.0,0,1359.0,300.5,1,1500.0,350.0,0,Amandine Monnot
202748,1324.4,141.4,18,1500.0,350.0,0,1500.0,350.0,0,1342.8,144.7,18,Tomoe Hotta
206183,1324.2,156.9,9,1276.1,298.6,1,1380.6,187.2,8,1500.0,350.0,0,Cindy Burger
212076,1324.1,253.6,3,1500.0,350.0,0,1500.0,350.0,0,1328.5,254.2,3,Carolyn Mcgann
201666,1324.0,159.5,80,1238.5,327.8,37,1362.1,170.7,41,1350.3,687.2,2,Cagla Buyukakcay
200415,1323.9,116.7,43,1258.1,195.0,18,1247.8,269.1,4,1419.8,202.4,13,Catherine Suire
200656,1323.9,123.8,25,1285.5,158.3,16,1449.3,242.5,6,1379.6,335.9,1,Jessica Emmons
201857,1323.8,287.1,1,1500.0,350.0,0,1342.2,293.9,1,1500.0,350.0,0,Juliana Garcia
205127,1323.8,223.2,5,1355.5,228.4,5,1500.0,350.0,0,1500.0,350.0,0,Ana Cecilia Trevino
202154,1323.7,272.0,1,1500.0,350.0,0,1500.0,350.0,0,1500.0,350.0,0,Ioana Plesu
200687,1323.7,91.3,76,1032.2,251.2,10,1364.2,125.5,45,1417.2,369.5,3,Katarzyna Nowak
223122,1323.7,240.4,2,1262.8,251.5,2,1500.0,350.0,0,1500.0,350.0,0,Teri Whitlinger Jones
215936,1323.5,91.9,48,1319.6,138.4,22,1324.2,173.6,14,1282.5,261.3,12,Francesca Jones
201852,1323.4,287.5,1,1500.0,350.0,0,1500.0,350.0,0,1379.4,286.6,1,Paula Hermida Velo
201728,1323.3,232.7,6,1356.5,279.5,2,1467.1,323.4,3,1500.0,350.0,0,Jessica Steck
201644,1323.2,277.8,1,1500.0,350.0,0,1309.5,299.4,1,1500.0,350.0,0,Paula Fondevila Castro
201207,1322.9,145.2,24,1288.9,176.9,15,1458.5,247.3,6,1317.5,301.0,2,Ansley Cargill
201965,1322.9,182.2,6,1500.0,350.0,0,1318.4,192.9,6,1500.0,350.0,0,Sabrina Giusto
201637,1322.7,164.9,12,1337.5,393.1,2,1311.9,181.5,10,1500.0,350.0,0,Melissa Torres Sandoval
201436,1322.7,245.6,1,1301.5,252.6,1,1500.0,350.0,0,1500.0,350.0,0,Mary Gambale
216265,1322.6,110.4,38,1406.1,139.9,29,1142.3,228.0,5,1184.7,294.7,4,Olivia Gadecki
202024,1322.6,244.3,2,1500.0,350.0,0,1340.0,257.4,2,1500.0,350.0,0,Barbara Navarro
200747,1322.4,148.3,41,1335.5,169.3,25,1318.0,358.8,1,1503.1,345.2,12,Haruka Inoue
201072,1322.3,98.6,42,1399.0,235.9,4,1348.5,114.5,37,1415.7,313.2,1,Eva Bes Ostariz
200473,1322.2,104.6,58,1361.9,141.7,31,1346.4,199.2,22,1249.1,293.4,2,Beverly Bowes
200445,1322.2,281.2,1,1500.0,350.0,0,1500.0,350.0,0,1500.0,350.0,0,Svetlana Cherneva
221197,1322.1,308.0,1,1312.9,312.2,1,1500.0,350.0,0,1500.0,350.0,0,Lucia Llinares Domingo
211329,1321.9,226.4,3,1500.0,350.0,0,1301.3,229.5,3,1500.0,350.0,0,Tena Lukas
204291,1321.9,153.5,18,1301.8,156.5,18,1500.0,350.0,0,1500.0,350.0,0,Na Lae Han
201337,1321.8,224.3,2,1280.4,230.9,2,1500.0,350.0,0,1500.0,350.0,0,Allison Baker
206007,1321.7,120.6,38,1255.3,216.1,11,1367.2,146.8,26,1360.4,480.4,1,Laura Pigossi
204294,1321.6,148.7,29,1310.6,151.7,29,1500.0,350.0,0,1500.0,350.0,0,Su Jeong Jang
222390,1321.5,270.3,1,1309.2,278.2,1,1500.0,350.0,0,1500.0,350.0,0,Ya Yi Yang
214863,1321.3,155.7,9,1369.3,172.5,8,1313.7,254.3,1,1500.0,350.0,0,Sofya Zhuk
204429,1321.2,275.7,1,1500.0,350.0,0,1372.0,301.6,1,1500.0,350.0,0,Ghita Benhadi
202344,1321.1,279.2,1,1500.0,350.0,0,1253.8,317.4,1,1500.0,350.0,0,Magda Mihalache
202463,1321.1,279.5,1,1500.0,350.0,0,1310.6,288.9,1,1500.0,350.0,0,Ines Ferrer Suarez
201443,1321.0,206.0,62,1342.4,264.5,47,1361.2,263.5,10,1353.3,439.9,5,Alexa Glatch
202069,1320.6,299.7,1,1500.0,350.0,0,1331.4,298.5,1,1500.0,350.0,0,Jenny Zika
204493,1320.5,250.5,3,1500.0,350.0,0,1410.5,255.1,3,1500.0,350.0,0,Marylene Losey
202231,1320.5,189.6,20,1349.2,211.8,19,1341.9,276.1,1,1500.0,350.0,0,Shiho Hisamatsu
201938,1320.5,193.1,7,1500.0,350.0,0,1372.5,208.7,7,1500.0,350.0,0,Ainhoa Goni Blanco
236958,1320.4,272.8,1,1500.0,350.0,0,1252.1,297.4,1,1500.0,350.0,0,Julia Caffarena
221086,1320.3,274.8,1,1317.0,280.6,1,1500.0,350.0,0,1500.0,350.0,0,Mariia Tkacheva
201210,1320.3,252.8,2,1369.4,295.5,1,1315.2,286.7,1,1500.0,350.0,0,Kristen Schlukebir
202456,1320.3,149.9,98,1260.4,318.4,41,1299.5,182.3,50,1224.2,561.4,7,Alexandra Cadantu Ignatik
201189,1320.1,251.4,2,1500.0,350.0,0,1500.0,350.0,0,1328.2,268.9,2,Sarah Bentley
203974,1320.1,251.6,2,1378.4,294.8,1,1500.0,350.0,0,1352.5,289.9,1,Susan Huang
214919,1320.0,253.7,1,1500.0,350.0,0,1291.3,269.5,1,1500.0,350.0,0,Dalila Spiteri
200567,1319.9,100.1,46,1400.7,143.0,24,1333.5,182.7,15,1243.5,324.5,5,Jennifer Santrock
266800,1319.6,297.0,1,1332.0,296.1,1,1500.0,350.0,0,1500.0,350.0,0,Alena Kovackova
200603,1319.6,301.7,2,1348.9,337.9,1,1500.0,350.0,0,1500.0,350.0,0,Justine Hodder
202393,1319.4,264.4,2,1375.2,331.7,1,1371.2,282.3,1,1500.0,350.0,0,Andrea Koch Benvenuto
201752,1319.3,200.3,8,1435.8,314.8,1,1348.8,227.9,7,1500.0,350.0,0,Cristina Salvi
206417,1319.2,94.6,48,1116.7,165.8,19,1390.7,139.4,26,1166.7,404.5,3,Leolia Jeanjean
206362,1318.8,245.8,2,1296.5,285.1,1,1500.0,350.0,0,1366.9,321.1,1,Naiktha Bains
201507,1318.8,212.6,3,1308.3,224.0,3,1500.0,350.0,0,1500.0,350.0,0,Audra Cohen
201677,1318.5,275.8,1,1308.6,278.9,1,1500.0,350.0,0,1500.0,350.0,0,Mi Yoo
211846,1318.5,183.0,5,1336.0,210.8,4,1306.3,292.2,1,1500.0,350.0,0,Kyoka Okamura
212057,1318.0,294.4,1,1500.0,350.0,0,1500.0,350.0,0,1355.6,296.2,1,Sarah Gillespie Jones
220416,1318.0,83.7,78,1290.8,113.2,56,1364.9,174.2,18,1178.0,332.1,4,Moyuka Uchijima
201194,1317.8,134.7,15,1320.8,213.2,6,1443.9,293.5,3,1361.9,213.6,6,Tammy Whittington
212043,1317.8,276.2,1,1500.0,350.0,0,1500.0,350.0,0,1329.2,308.8,1,Freya Christie
202379,1317.7,292.8,2,1297.0,296.1,2,1500.0,350.0,0,1500.0,350.0,0,Chieh Yu Hsu
202462,1317.6,302.6,1,1500.0,350.0,0,1372.5,314.6,1,1500.0,350.0,0,Karen Castiblanco
202662,1317.6,155.9,12,1324.8,334.0,1,1228.0,177.7,11,1500.0,350.0,0,Camilla Rosatello
203972,1317.5,186.4,7,1500.0,350.0,0,1445.4,201.4,7,1500.0,350.0,0,Tracey Hiete
201679,1317.5,203.5,7,1310.2,200.4,7,1500.0,350.0,0,1500.0,350.0,0,Varatchaya Wongteanchai
200544,1317.4,139.7,17,1196.1,300.3,3,1397.4,173.5,11,1500.0,350.0,0,Celine Cohen
201869,1317.4,199.5,7,1376.6,277.9,1,1312.1,228.2,6,1500.0,350.0,0,Radka Pelikanova
206248,1317.3,297.4,1,1500.0,350.0,0,1329.1,295.9,1,1500.0,350.0,0,Iva Primorac
200240,1317.3,286.2,1,1500.0,350.0,0,1370.3,303.3,1,1500.0,350.0,0,Eugenia Birioukova
204188,1317.2,305.8,1,1319.3,305.4,1,1500.0,350.0,0,1500.0,350.0,0,Azusa Konishi
202269,1317.2,163.9,13,1384.1,179.1,11,1306.2,287.2,2,1500.0,350.0,0,Erika Valdes
202640,1317.2,282.6,1,1330.7,284.6,1,1500.0,350.0,0,1500.0,350.0,0,Irina Ramialison
200645,1317.2,139.8,40,1291.0,188.6,16,1433.8,219.5,17,1261.3,398.2,1,Maja Zivec Skulj
201994,1317.1,278.0,1,1500.0,350.0,0,1304.3,304.6,1,1500.0,350.0,0,Christine Oreilly
200441,1317.1,108.5,76,1308.0,135.7,49,1045.0,361.1,8,1415.5,212.1,14,Louise Field
204855,1317.1,184.3,9,1500.0,350.0,0,1500.0,350.0,0,1360.1,188.9,9,Sarah Stone
201574,1317.0,172.3,11,1390.4,220.6,3,1302.6,223.9,7,1471.6,331.3,1,Neuza Silva
213892,1317.0,236.5,2,1304.5,242.2,2,1500.0,350.0,0,1500.0,350.0,0,Nazrin Jafarova
201464,1316.9,134.2,29,1397.3,306.9,3,1324.4,151.2,25,1325.0,407.5,1,Nathalie Vierin
201478,1316.9,124.6,375,1237.6,172.9,226,1332.4,181.3,112,1097.7,679.1,36,Varvara Lepchenko
211635,1316.9,129.9,64,1246.5,202.8,36,1269.0,197.6,26,1187.4,443.8,2,Louisa Chirico
200287,1316.5,256.5,2,1289.3,309.5,1,1500.0,350.0,0,1500.0,350.0,0,Miki Yokobori
269682,1316.5,310.2,1,1500.0,350.0,0,1346.2,304.8,1,1500.0,350.0,0,Andzhelina Kostova
202434,1316.4,113.7,207,1314.2,183.4,110,1205.0,173.9,72,1492.1,274.1,25,Aleksandra Krunic
201069,1316.4,180.3,8,1500.0,350.0,0,1328.7,185.6,8,1500.0,350.0,0,Karolina Jagieniak
200407,1316.4,133.9,49,1253.2,160.3,30,1457.9,272.3,12,1289.2,324.2,6,Camille Benjamin
204171,1316.2,304.7,1,1500.0,350.0,0,1500.0,350.0,0,1383.0,308.2,1,Yuki Kitamura
201906,1316.1,274.8,1,1500.0,350.0,0,1347.1,276.8,1,1500.0,350.0,0,Marwa El Wany
202372,1315.9,282.1,1,1500.0,350.0,0,1325.4,305.5,1,1500.0,350.0,0,Lucia Batta
201692,1315.8,279.3,1,1500.0,350.0,0,1316.2,283.6,1,1500.0,350.0,0,Michaela Pochabova
200695,1315.8,125.5,55,1373.6,186.7,27,1233.3,221.3,14,1395.5,379.3,11,Tina Krizan
200575,1315.7,236.4,2,1405.6,292.7,1,1500.0,350.0,0,1281.8,285.1,1,Anna Ivan
220440,1315.7,245.3,1,1294.2,254.0,1,1500.0,350.0,0,1500.0,350.0,0,Alexa Noel
202364,1315.7,212.1,5,1290.4,212.3,5,1500.0,350.0,0,1500.0,350.0,0,Sandy Gumulya
202461,1315.4,114.9,22,1350.2,160.7,13,1260.1,176.5,9,1500.0,350.0,0,Julia Cohen
204004,1315.3,306.2,1,1500.0,350.0,0,1500.0,350.0,0,1310.1,314.0,1,Amy Jensen
201325,1315.3,105.5,804,1312.4,130.3,494,1221.9,330.6,215,1158.6,243.1,85,Samantha Stosur
203653,1315.1,304.4,1,1500.0,350.0,0,1500.0,350.0,0,1382.2,307.9,1,Esther Knox
265210,1315.0,300.3,1,1500.0,350.0,0,1343.1,295.8,1,1500.0,350.0,0,Ana Mitevska
202049,1315.0,285.5,1,1321.6,286.4,1,1500.0,350.0,0,1500.0,350.0,0,Daria Chernova
214593,1315.0,110.8,45,1364.0,129.6,30,1142.9,207.2,11,1283.8,347.7,4,Lucrezia Stefanini
203185,1314.8,222.8,4,1500.0,350.0,0,1500.0,350.0,0,1336.0,222.2,4,Arpi Kojian
201519,1314.6,248.0,1,1500.0,350.0,0,1166.7,289.1,1,1500.0,350.0,0,Violette Huck
200427,1314.3,249.6,2,1500.0,350.0,0,1301.4,253.8,2,1500.0,350.0,0,Beth Herr
201399,1314.2,214.9,6,1200.2,269.4,2,1500.0,350.0,0,1389.5,305.0,4,Emily Webley Smith
207956,1314.2,199.5,8,1314.2,199.5,8,1500.0,350.0,0,1500.0,350.0,0,Yanet Nunez Mojarena
200568,1314.0,195.5,6,1420.5,229.6,3,1461.4,280.8,2,1346.6,315.0,1,Andrea Farley
202299,1314.0,260.3,2,1500.0,350.0,0,1324.5,255.5,2,1500.0,350.0,0,Maria Wolfbrandt
202152,1314.0,258.5,4,1500.0,350.0,0,1320.2,268.1,4,1500.0,350.0,0,Jana Hlavackova
201197,1313.9,173.1,7,1500.0,350.0,0,1493.6,273.5,2,1339.0,218.9,5,Megan Miller
202455,1313.7,238.0,2,1336.9,243.2,2,1500.0,350.0,0,1500.0,350.0,0,Yue Yue Hu
200073,1313.6,147.9,25,1467.1,358.4,2,1245.3,412.2,2,1294.0,186.4,20,Julie Pullin
201319,1313.5,174.1,11,1439.1,255.2,3,1296.0,248.4,7,1500.0,350.0,0,Evelyn Fauth
202021,1313.3,185.5,7,1500.0,350.0,0,1328.4,206.2,7,1500.0,350.0,0,Estefania Bottini
201701,1313.2,202.5,7,1281.4,311.5,2,1402.0,231.8,5,1500.0,350.0,0,Basak Eraydin
205145,1313.0,256.3,2,1500.0,350.0,0,1500.0,350.0,0,1313.5,263.2,2,Kokoro Takehara
201733,1312.9,202.5,5,1500.0,350.0,0,1334.1,204.0,5,1500.0,350.0,0,Lorenza Jachia
215748,1312.9,276.1,1,1500.0,350.0,0,1312.2,284.9,1,1500.0,350.0,0,Alyssa Mayo
200053,1312.8,133.7,83,1272.9,273.4,14,1366.7,145.7,56,1201.5,344.5,7,Lubomira Bacheva
200398,1312.7,155.3,11,1500.0,350.0,0,1326.8,166.0,11,1500.0,350.0,0,Iva Budarova
211043,1312.7,278.6,1,1500.0,350.0,0,1349.6,280.5,1,1500.0,350.0,0,Maria Paulina Perez Garcia
201868,1312.3,240.9,2,1324.6,288.1,1,1374.6,290.4,1,1500.0,350.0,0,Renata Kucerova
202171,1312.3,280.7,1,1500.0,350.0,0,1360.4,280.5,1,1500.0,350.0,0,Klara Blahova
211411,1312.2,129.4,62,1359.9,173.2,41,1200.3,227.1,14,1410.8,306.0,7,Nina Stojanovic
202948,1312.2,279.8,2,1312.2,279.8,2,1500.0,350.0,0,1500.0,350.0,0,Elizabeth Schmidt
202916,1312.2,150.0,15,1298.6,212.3,6,1310.8,249.1,6,1515.5,270.8,3,Georgina Garcia Perez
201689,1312.1,232.4,3,1500.0,350.0,0,1334.3,242.3,3,1500.0,350.0,0,Magali De Lattre
201671,1311.9,244.7,2,1325.0,282.5,1,1500.0,350.0,0,1375.3,325.4,1,Ksenia Lykina
202693,1311.7,174.9,7,1289.5,177.2,7,1500.0,350.0,0,1500.0,350.0,0,Ya Hsuan Lee
200508,1311.5,276.7,1,1500.0,350.0,0,1346.8,275.2,1,1500.0,350.0,0,Virginie Paquet
202245,1311.4,294.3,1,1500.0,350.0,0,1320.3,303.8,1,1500.0,350.0,0,Desislava Topalova
215037,1311.3,132.2,34,1326.9,165.6,24,1188.7,230.4,9,1350.1,317.5,1,Kayla Day
201746,1311.0,254.2,2,1323.1,283.5,1,1500.0,350.0,0,1500.0,350.0,0,Amanda Basica
201621,1310.8,160.2,330,1341.7,230.7,198,1238.9,237.1,88,1144.1,385.7,35,Mona Barthel
204936,1310.6,279.1,2,1310.6,279.1,2,1500.0,350.0,0,1500.0,350.0,0,Candela Novoa
202491,1310.5,131.5,18,1321.0,165.1,12,1299.6,249.7,4,1573.9,257.0,2,Varvara Flink
201822,1310.4,174.5,6,1500.0,350.0,0,1360.0,194.6,5,1500.0,350.0,0,Petra Holubova
221395,1310.1,275.0,1,1500.0,350.0,0,1262.2,294.4,1,1500.0,350.0,0,Ekaterina Reyngold
201613,1310.0,124.3,65,1281.8,134.6,50,1093.8,436.6,5,1355.0,384.3,10,Arina Rodionova
201705,1309.6,276.1,1,1330.3,275.9,1,1500.0,350.0,0,1500.0,350.0,0,Alina Abdurakhimova
205815,1309.6,198.2,14,1322.5,200.0,13,1500.0,350.0,0,1382.5,390.5,1,Eri Hozumi
207633,1309.4,240.7,3,1500.0,350.0,0,1500.0,350.0,0,1392.8,234.1,3,Lucinda Gibbs
201676,1309.3,222.9,7,1327.6,229.0,7,1500.0,350.0,0,1500.0,350.0,0,Ye Ra Lee
202404,1309.1,286.4,1,1500.0,350.0,0,1269.2,300.7,1,1500.0,350.0,0,Maite Gabarrus Alonso
201357,1309.1,225.0,3,1500.0,350.0,0,1288.0,237.5,3,1500.0,350.0,0,Virginie Pichet
201680,1309.0,239.1,2,1313.1,241.3,2,1500.0,350.0,0,1500.0,350.0,0,Anna Gerasimou
248660,1308.9,268.4,1,1283.1,275.4,1,1500.0,350.0,0,1500.0,350.0,0,Lya Fernandez
201182,1308.8,161.3,12,1500.0,350.0,0,1500.0,350.0,0,1432.1,172.5,12,Jane Wood
201945,1308.7,277.6,1,1500.0,350.0,0,1334.9,276.9,1,1500.0,350.0,0,Patricia Segala
219434,1308.6,249.5,1,1314.4,256.9,1,1500.0,350.0,0,1500.0,350.0,0,Brienne Minor
202466,1308.1,276.6,1,1500.0,350.0,0,1313.9,277.1,1,1500.0,350.0,0,Nadia Abdala
201684,1307.4,277.5,1,1500.0,350.0,0,1317.4,281.7,1,1500.0,350.0,0,Paula Zabala
203567,1307.1,141.0,15,1348.5,176.0,9,1203.2,218.3,6,1500.0,350.0,0,Ipek Soylu
203463,1307.0,107.8,98,1348.1,135.0,60,1178.5,197.2,33,1017.9,420.6,5,Nuria Parrizas Diaz
204475,1306.9,134.4,18,1332.4,312.6,1,1500.0,350.0,0,1460.4,146.4,17,Kylie Hunt
203591,1306.7,249.8,3,1500.0,350.0,0,1500.0,350.0,0,1282.7,289.6,3,Katy Dunne
201690,1306.6,90.0,49,1329.0,140.8,28,1253.5,160.8,19,1000.2,303.2,2,Nina Bratchikova
201203,1306.5,143.4,22,1349.3,219.3,7,1308.2,201.0,13,1500.0,350.0,0,Alena Vaskova
204430,1306.4,112.8,37,1287.0,195.8,11,1274.9,171.3,18,1512.6,294.7,8,Antonia Lottner
206390,1306.3,242.9,1,1500.0,350.0,0,1268.1,256.8,1,1500.0,350.0,0,Isabelle Wallace
202017,1306.2,247.4,2,1343.2,281.8,1,1400.5,281.6,1,1500.0,350.0,0,Stephanie Halsell
200689,1306.1,126.3,32,1265.8,139.6,25,1500.0,350.0,0,1344.2,257.7,6,Tessa Price
206106,1306.1,281.6,1,1500.0,350.0,0,1330.3,288.0,1,1500.0,350.0,0,Prarthana G Thombare
202176,1305.9,277.4,1,1500.0,350.0,0,1320.9,282.1,1,1500.0,350.0,0,Jorgelina Moreno
201605,1305.6,109.6,158,1249.7,178.8,82,1337.0,164.8,67,972.2,458.2,9,Mandy Minella
201673,1305.5,281.0,1,1331.2,279.9,1,1500.0,350.0,0,1500.0,350.0,0,Alexandra Kolesnichenko
200484,1305.2,150.5,16,1321.7,236.6,5,1257.1,309.9,3,1421.7,242.7,5,Ann Devries
202324,1305.1,159.8,13,1192.9,230.8,6,1398.1,201.0,7,1500.0,350.0,0,Neha Uberoi
202453,1304.9,117.6,224,1289.3,138.9,179,1276.2,230.0,28,1192.6,673.7,17,Saisai Zheng
202185,1304.9,226.6,4,1500.0,350.0,0,1285.9,239.5,4,1500.0,350.0,0,Anna Bielen Zarska
201848,1304.8,281.1,1,1500.0,350.0,0,1500.0,350.0,0,1391.5,304.4,1,Hye Jin Park
221018,1304.3,289.7,1,1314.8,290.3,1,1500.0,350.0,0,1500.0,350.0,0,Julie Belgraver
202045,1304.1,265.9,2,1414.9,314.7,1,1330.7,286.8,1,1500.0,350.0,0,Il Soon Kim
203489,1304.0,251.0,2,1303.4,250.6,2,1500.0,350.0,0,1500.0,350.0,0,Hao Chen Tang
264227,1303.7,253.1,2,1500.0,350.0,0,1386.3,309.5,1,1315.3,316.1,1,Isis Louise Van Den Broek
201061,1303.7,157.6,32,1148.4,427.5,5,1360.4,177.1,23,1328.0,341.5,2,Eva Martincova
202774,1303.5,213.6,7,1346.2,231.0,6,1500.0,350.0,0,1382.2,307.9,1,Ka Po Tong
202325,1303.4,240.7,4,1285.7,247.9,4,1500.0,350.0,0,1500.0,350.0,0,Isha Lakhani
202204,1303.3,275.6,1,1319.4,276.2,1,1500.0,350.0,0,1500.0,350.0,0,Yu Hsien Liu
202628,1303.3,85.4,81,1301.2,145.7,29,1301.3,138.3,46,1119.3,310.5,6,Maryna Zanevska
200562,1303.2,168.4,7,1377.2,187.6,5,1244.9,287.5,2,1500.0,350.0,0,Martina Pawlik
201532,1303.1,173.1,35,1239.5,241.9,16,1388.4,235.2,17,1316.1,402.9,2,Anastasia Pivovarova
201553,1303.0,158.3,9,1301.6,204.1,5,1335.3,221.8,4,1500.0,350.0,0,Lenka Wienerova
202349,1302.9,188.4,12,1304.1,228.2,3,1500.0,350.0,0,1381.3,295.3,9,Rushmi Chakravarthi
202166,1302.9,246.5,2,1296.7,251.0,2,1500.0,350.0,0,1500.0,350.0,0,Emilie Viqueira
200102,1302.9,182.5,10,1360.8,220.2,3,1500.0,394.1,2,1288.3,267.5,5,Melissa Dowse
210705,1302.9,137.6,48,1259.7,250.2,11,1288.6,158.7,35,1404.3,325.8,2,Irina Bara
203182,1302.8,211.8,6,1308.6,213.1,6,1500.0,350.0,0,1500.0,350.0,0,Shizu Katsumi
202317,1302.4,173.4,10,1411.4,287.5,1,1500.0,350.0,0,1345.5,182.0,9,Ilke Gers
206488,1302.4,294.9,1,1500.0,350.0,0,1500.0,350.0,0,1310.6,300.3,1,Kellie Browne
202298,1302.4,304.9,1,1500.0,350.0,0,1394.5,312.6,1,1500.0,350.0,0,Feriel Esseghir
201899,1302.3,230.1,4,1243.5,326.1,1,1386.3,267.2,3,1500.0,350.0,0,Luciana Tella
201683,1302.3,264.5,2,1500.0,350.0,0,1319.0,270.3,2,1500.0,350.0,0,Bianca Botto
201536,1302.3,223.5,2,1303.4,228.4,2,1500.0,350.0,0,1500.0,350.0,0,Monika Wejnert
201723,1301.9,150.6,18,1283.3,196.1,6,1300.8,263.3,9,1500.0,350.0,0,Angela Kerek
202257,1301.7,288.0,1,1500.0,350.0,0,1325.7,285.7,1,1500.0,350.0,0,Carmina Giraldo
202331,1301.7,159.2,9,1301.0,173.3,8,1320.6,310.1,1,1500.0,350.0,0,Vilmarie Castellvi
202706,1301.6,246.3,1,1500.0,350.0,0,1263.0,260.7,1,1500.0,350.0,0,Manon Arcangioli
202295,1301.5,286.9,1,1356.2,287.2,1,1500.0,350.0,0,1500.0,350.0,0,Ying Yu
203015,1301.4,231.8,4,1500.0,350.0,0,1500.0,350.0,0,1314.4,230.0,4,Amanda Augustus
202362,1301.3,260.7,2,1500.0,350.0,0,1308.5,266.9,2,1500.0,350.0,0,Teodora Mircic
220351,1301.1,276.6,1,1318.8,275.5,1,1500.0,350.0,0,1500.0,350.0,0,Luiza Fullana
201202,1300.7,245.0,1,1500.0,350.0,0,1500.0,350.0,0,1250.3,307.6,1,Abigail Tordoff
201525,1300.7,184.3,7,1288.6,239.7,4,1495.4,258.1,2,1373.0,307.7,1,Eva Hrdinova
201919,1300.6,244.2,2,1390.8,283.5,1,1500.0,350.0,0,1500.0,350.0,0,Christina Popescu
201724,1300.4,282.4,1,1500.0,350.0,0,1339.1,286.2,1,1500.0,350.0,0,Julie Exum
201077,1300.3,231.1,2,1500.0,350.0,0,1237.0,244.6,2,1500.0,350.0,0,Sophie Lefevre
201568,1300.2,108.0,108,1288.4,149.9,50,1233.0,169.8,48,1332.7,355.5,8,Kristina Kucova
202100,1300.2,264.4,2,1370.0,284.5,1,1500.0,350.0,0,1500.0,350.0,0,Iwalani Mccalla
202384,1300.1,274.8,1,1280.3,283.2,1,1500.0,350.0,0,1500.0,350.0,0,Kyra Shroff
201753,1300.1,180.4,11,1343.7,227.0,5,1500.0,350.0,0,1500.0,350.0,0,Rewa Harriman
200701,1300.1,131.7,32,1243.4,190.4,17,1276.6,325.2,2,1478.1,247.5,8,Caroline Vis
221187,1300.1,204.7,6,1170.9,241.5,3,1580.2,260.5,3,1500.0,350.0,0,Priska Madelyn Nugroho
201854,1299.9,197.2,5,1500.0,350.0,0,1336.9,204.1,5,1500.0,350.0,0,Mariana Mesa
201708,1299.8,188.8,33,1168.1,228.5,10,1330.2,427.6,2,1511.1,435.9,20,Natalie Grandin
202279,1299.6,237.2,3,1500.0,350.0,0,1273.9,239.7,3,1500.0,350.0,0,Virag Nemeth
212034,1299.4,162.4,10,1313.9,166.4,10,1500.0,350.0,0,1500.0,350.0,0,Fang Ying Xun
221096,1299.4,136.0,13,1292.1,137.7,13,1500.0,350.0,0,1500.0,350.0,0,Sijia Wei
202252,1299.1,285.3,1,1500.0,350.0,0,1317.6,291.8,1,1500.0,350.0,0,Tanja Hauschildt
200742,1298.8,115.9,21,1202.6,235.5,6,1409.8,147.0,13,1348.1,292.5,1,Olga Lugina
205723,1298.8,180.0,8,1284.0,340.4,1,1352.6,229.7,6,1374.8,305.2,1,Anna Zaja
216367,1298.7,184.7,6,1500.0,350.0,0,1310.1,190.5,6,1500.0,350.0,0,Sada Nahimana
221512,1298.6,185.4,7,1304.6,209.4,6,1347.9,330.6,1,1500.0,350.0,0,Katrina Scott
201651,1298.3,248.2,2,1338.7,307.0,1,1347.0,281.5,1,1500.0,350.0,0,Michaela Johansson
214691,1298.2,276.3,1,1306.5,278.8,1,1500.0,350.0,0,1500.0,350.0,0,Ylona Georgiana Ghioroaie
260580,1298.2,247.7,1,1307.8,251.0,1,1500.0,350.0,0,1500.0,350.0,0,Valerie Glozman
201510,1298.1,136.0,38,1346.2,177.3,23,1217.3,230.1,11,1133.1,285.1,3,Julie Ditty
207829,1297.8,300.3,1,1291.3,303.9,1,1500.0,350.0,0,1500.0,350.0,0,Angela Piedrahita
201866,1297.7,284.0,1,1500.0,350.0,0,1344.8,282.4,1,1500.0,350.0,0,Cristina Arribas
204189,1297.6,218.1,5,1500.0,350.0,0,1500.0,350.0,0,1404.6,213.7,5,Remi Uda
260503,1297.6,300.4,1,1500.0,350.0,0,1330.7,303.7,1,1500.0,350.0,0,Lola Giza
223120,1297.6,281.1,1,1500.0,350.0,0,1343.3,284.3,1,1500.0,350.0,0,Briana Szabo
222369,1297.4,281.3,1,1500.0,350.0,0,1348.9,294.8,1,1500.0,350.0,0,Arianna Zucchini
200028,1297.4,118.8,119,1100.8,171.0,68,1363.8,241.7,25,1376.8,287.1,16,Maureen Drake
202339,1297.2,224.9,4,1309.1,228.8,4,1500.0,350.0,0,1500.0,350.0,0,Ayu Fani Damayanti
201076,1297.0,236.1,2,1500.0,350.0,0,1342.6,249.1,2,1500.0,350.0,0,Sophie Georges
202293,1297.0,271.1,2,1319.7,278.6,2,1500.0,350.0,0,1500.0,350.0,0,Jie Hao
221768,1296.5,189.9,8,1352.5,306.6,1,1288.8,222.6,6,1276.8,317.4,1,Nastasja Schunk
202012,1296.3,283.0,1,1338.9,282.4,1,1500.0,350.0,0,1500.0,350.0,0,Lee Chan
202957,1296.1,151.6,20,1331.3,185.4,8,1500.0,350.0,0,1421.0,228.9,12,Madoka Kuki
207459,1295.8,292.9,1,1500.0,350.0,0,1500.0,350.0,0,1500.0,350.0,0,Amy Chiminello
201741,1295.8,164.2,14,1255.1,188.1,11,1500.0,350.0,0,1500.0,350.0,0,Alysia May
204121,1295.7,222.4,5,1500.0,350.0,0,1500.0,350.0,0,1315.8,224.7,5,Tu Dong
202153,1295.7,172.3,12,1380.1,209.8,8,1307.7,314.7,1,1500.0,350.0,0,Melanie Marois
202035,1295.6,243.5,2,1312.8,248.2,2,1500.0,350.0,0,1500.0,350.0,0,Holyn Lord
202302,1295.4,204.6,34,1311.7,266.0,30,1152.5,322.9,4,1500.0,350.0,0,Maria Fernanda Alves
201739,1295.4,288.0,1,1500.0,350.0,0,1258.1,301.7,1,1500.0,350.0,0,Petra Schmitt
202278,1295.4,241.6,2,1500.0,350.0,0,1310.8,249.5,2,1500.0,350.0,0,Romy Farah
201958,1295.4,263.3,2,1388.7,310.4,1,1363.1,298.6,1,1500.0,350.0,0,Angela Cardoso
202103,1295.1,186.4,10,1372.0,204.1,9,1500.0,350.0,0,1500.0,350.0,0,Keiko Ishida
201649,1294.9,238.0,3,1500.0,350.0,0,1327.4,248.5,3,1500.0,350.0,0,Lenka Jurikova
200489,1294.9,192.3,7,1344.2,212.1,6,1500.0,350.0,0,1500.0,350.0,0,Yukie Koizumi
201930,1294.8,280.3,1,1500.0,350.0,0,1500.0,350.0,0,1500.0,350.0,0,Monica Guglielmi
220662,1294.5,143.7,10,1246.8,168.8,6,1303.6,287.3,2,1455.2,261.7,2,Veronika Erjavec
202659,1294.3,156.2,21,1319.7,314.1,7,1262.6,186.4,14,1500.0,350.0,0,Tereza Mrdeza
201800,1294.3,285.2,1,1500.0,350.0,0,1256.3,300.7,1,1500.0,350.0,0,Annika Narbe
210957,1294.3,222.1,3,1500.0,350.0,0,1335.5,255.3,2,1394.7,306.0,1,Cornelia Lister
201561,1294.3,156.9,18,1268.8,241.4,5,1253.1,183.2,13,1500.0,350.0,0,Claire Feuerstein
214782,1294.2,148.9,11,1296.5,166.4,8,1501.3,283.1,2,1298.7,308.4,1,Fernanda Contreras Gomez
201925,1293.9,278.5,1,1500.0,350.0,0,1500.0,350.0,0,1500.0,350.0,0,Erica Adams
204556,1293.9,290.2,1,1500.0,350.0,0,1500.0,350.0,0,1330.0,284.9,1,Aleksandra Vucenovic
201413,1293.5,220.8,2,1307.9,225.0,2,1500.0,350.0,0,1500.0,350.0,0,Capucine Rousseau
202388,1293.3,253.2,2,1323.6,256.7,2,1500.0,350.0,0,1500.0,350.0,0,Dilyara Saidkhodjaeva
223352,1293.3,288.9,1,1500.0,350.0,0,1307.2,288.5,1,1500.0,350.0,0,Darya Velikova
201835,1293.3,256.9,4,1500.0,350.0,0,1340.5,285.8,2,1428.3,338.5,1,Maja Muric
201704,1293.3,280.8,1,1304.4,282.3,1,1500.0,350.0,0,1500.0,350.0,0,Nadejda Guskova
211864,1293.2,227.6,5,1500.0,350.0,0,1288.0,247.1,5,1500.0,350.0,0,Maria Fernanda Herazo Gonzalez
222837,1293.0,282.9,1,1307.3,282.4,1,1500.0,350.0,0,1500.0,350.0,0,Malaika Rapolu
215946,1292.9,190.7,5,1254.8,194.0,5,1500.0,350.0,0,1500.0,350.0,0,Ye Xin Ma
222667,1292.7,250.8,2,1218.1,278.1,2,1500.0,350.0,0,1500.0,350.0,0,Monique Barry
202464,1292.6,220.7,8,1500.0,350.0,0,1280.2,230.3,8,1500.0,350.0,0,Yuliana Lizarazo
215614,1292.6,207.3,4,1229.9,223.9,4,1500.0,350.0,0,1500.0,350.0,0,Mei Yamaguchi
202671,1291.9,207.9,38,1188.7,241.4,13,1332.3,249.5,22,1198.4,394.0,3,Cristina Andreea Mitu
202437,1291.7,215.9,4,1500.0,350.0,0,1213.7,222.3,4,1500.0,350.0,0,Anastasia Grymalska
201501,1291.7,116.8,310,1378.9,185.1,194,1059.1,232.7,78,1183.7,332.4,36,Olga Govortsova
212303,1291.6,291.0,1,1303.4,300.6,1,1500.0,350.0,0,1500.0,350.0,0,Justina Mikulskyte
201964,1291.5,283.1,1,1500.0,350.0,0,1298.6,284.5,1,1500.0,350.0,0,Tania Couto
201187,1291.3,247.1,1,1500.0,350.0,0,1500.0,350.0,0,1309.5,267.2,1,Shawna Martin
202411,1291.2,283.9,1,1273.5,290.5,1,1500.0,350.0,0,1500.0,350.0,0,Sariya Khairova
208120,1291.1,292.2,1,1381.0,307.4,1,1500.0,350.0,0,1500.0,350.0,0,Ji Young Yoo
202205,1291.0,284.3,1,1281.2,295.4,1,1500.0,350.0,0,1500.0,350.0,0,Shu Ping Lin
222396,1291.0,201.5,4,1500.0,350.0,0,1286.3,213.1,4,1500.0,350.0,0,Matilde Paoletti
201629,1290.9,192.3,8,1285.8,206.9,7,1465.3,319.0,1,1500.0,350.0,0,Yael Segal
200121,1290.8,133.7,159,1309.2,145.6,110,1136.6,268.1,32,996.3,560.2,9,Alina Jidkova
201056,1290.5,227.1,2,1332.4,309.2,1,1277.3,264.5,1,1500.0,350.0,0,Maria Luciana Reynares
260860,1290.5,298.2,1,1292.5,298.8,1,1500.0,350.0,0,1500.0,350.0,0,Lorena Solar Donoso
200688,1290.5,209.6,2,1269.6,215.3,2,1500.0,350.0,0,1500.0,350.0,0,Noelia Perez Penate
201844,1290.4,185.0,8,1500.0,350.0,0,1467.0,241.7,4,1312.3,270.7,2,Agnese Gustmane
211019,1290.4,248.0,1,1500.0,350.0,0,1263.9,272.7,1,1500.0,350.0,0,Audrey Albie
202296,1290.3,265.0,2,1500.0,350.0,0,1297.7,272.7,2,1500.0,350.0,0,Maria Jose Lopez Herrera
203082,1290.2,149.5,19,1455.2,177.9,8,1500.0,350.0,0,1290.3,214.2,11,Nicole Melch
206102,1290.0,152.9,23,1294.0,159.8,20,1363.8,562.8,1,1264.6,463.7,2,Ankita Raina
211316,1289.9,129.1,31,1335.6,154.9,21,1218.7,214.2,8,1233.2,345.1,2,Jessika Ponchet
200474,1289.9,95.6,61,1365.4,144.0,37,1303.1,211.8,10,1308.1,232.0,8,Louise Allen
201814,1289.9,265.6,2,1500.0,350.0,0,1285.8,275.1,2,1500.0,350.0,0,Michelle Gerards
200402,1289.8,158.3,13,1272.3,179.7,9,1376.0,341.4,1,1400.4,260.1,3,Wendy White
202076,1289.7,248.4,2,1500.0,350.0,0,1333.1,279.4,1,1500.0,350.0,0,Eva Melicharova
220757,1289.6,226.6,4,1500.0,350.0,0,1288.0,232.7,4,1500.0,350.0,0,Lia Karatancheva
214453,1289.4,240.5,2,1500.0,350.0,0,1277.4,269.4,2,1500.0,350.0,0,Sophie Chang
201288,1289.3,185.7,12,1232.1,252.4,2,1359.3,246.1,9,1500.0,350.0,0,Maja Palaversic
201369,1289.2,133.8,26,1360.4,178.6,17,1170.1,226.1,5,1265.7,374.4,4,Carly Gullickson
212318,1288.5,279.1,1,1300.9,277.9,1,1500.0,350.0,0,1500.0,350.0,0,Aslina Chua
202064,1288.4,254.7,2,1500.0,350.0,0,1289.5,255.0,2,1500.0,350.0,0,Nike Dobrovits
201038,1288.4,264.0,2,1376.0,306.2,1,1376.0,305.5,1,1500.0,350.0,0,Karen Schimper
260541,1288.4,294.0,1,1336.0,301.2,1,1500.0,350.0,0,1500.0,350.0,0,Weronika Ewald
200672,1288.4,149.5,19,1224.0,251.9,4,1337.3,209.2,12,1500.0,350.0,0,Barbara Mulej
201435,1288.2,155.2,327,1342.4,197.1,200,1052.5,290.8,88,1385.5,522.9,36,Kateryna Bondarenko
200771,1288.2,224.8,2,1500.0,350.0,0,1261.1,233.5,2,1500.0,350.0,0,Sophie Erre
201923,1287.9,218.8,3,1351.3,278.2,1,1500.0,350.0,0,1500.0,350.0,0,Alix Creek
202430,1287.8,142.9,17,1340.7,239.6,6,1273.7,173.8,11,1500.0,350.0,0,Alize Lim
220454,1287.7,265.7,2,1194.8,254.9,2,1500.0,350.0,0,1500.0,350.0,0,Yeon Woo Ku
201468,1287.5,113.8,318,1247.8,134.7,180,1370.8,266.6,92,1544.5,604.8,46,Yaroslava Shvedova
201550,1287.4,232.4,3,1399.8,301.6,1,1341.1,273.6,2,1500.0,350.0,0,Tamaryn Hendler
228909,1287.4,310.6,1,1500.0,350.0,0,1348.0,304.9,1,1500.0,350.0,0,Amelie Van Impe
202294,1287.4,250.2,2,1299.1,258.1,2,1500.0,350.0,0,1500.0,350.0,0,Yan Ze Xie
222559,1287.3,182.6,6,1289.6,186.6,6,1500.0,350.0,0,1500.0,350.0,0,Han Shi
200583,1287.3,111.2,31,1308.7,152.1,19,1304.1,316.6,2,1364.5,295.3,3,Laxmi Poruri
202376,1287.3,235.5,2,1334.9,281.5,1,1500.0,350.0,0,1318.4,316.5,1,Raquel Kops Jones
203002,1287.0,204.3,6,1289.2,204.6,6,1500.0,350.0,0,1500.0,350.0,0,Karin Palme
201809,1287.0,197.3,6,1344.3,227.7,5,1298.1,303.4,1,1500.0,350.0,0,Hila Rosen
212064,1286.4,286.8,1,1500.0,350.0,0,1379.5,306.9,1,1500.0,350.0,0,Marcia Senn
214247,1286.4,249.7,3,1500.0,350.0,0,1338.1,388.7,1,1295.5,284.5,2,Lena Rueffer
203975,1286.4,299.3,1,1500.0,350.0,0,1500.0,350.0,0,1335.7,299.9,1,Aneta Soukup
202474,1286.3,312.0,1,1500.0,350.0,0,1334.3,302.5,1,1500.0,350.0,0,Henrietta Habler
201575,1286.3,220.6,3,1214.9,236.6,3,1500.0,350.0,0,1500.0,350.0,0,Hilary Barte
212071,1286.2,290.7,1,1377.9,306.2,1,1500.0,350.0,0,1500.0,350.0,0,Miki Kuramochi
221004,1286.2,237.1,3,1500.0,350.0,0,1228.5,249.8,3,1500.0,350.0,0,Amarissa Kiara Toth
204643,1286.0,215.8,6,1500.0,350.0,0,1500.0,350.0,0,1346.5,215.4,6,Aniela Mojzis
214386,1286.0,180.0,10,1282.7,183.2,10,1500.0,350.0,0,1500.0,350.0,0,Xinyu Gao
201208,1286.0,141.6,10,1354.9,228.1,3,1279.6,225.2,3,1254.0,259.3,2,Dawn Buth
204492,1285.9,228.6,4,1500.0,350.0,0,1500.0,350.0,0,1316.3,227.3,4,Debby Haak
202488,1285.9,177.6,9,1371.4,386.4,1,1324.4,197.5,8,1500.0,350.0,0,Valentyna Ivakhnenko
201372,1285.7,263.4,1,1296.0,265.2,1,1500.0,350.0,0,1500.0,350.0,0,Theresa Logar
201307,1285.7,179.8,12,1275.0,184.0,12,1500.0,350.0,0,1500.0,350.0,0,Amber Liu
221501,1285.5,279.9,1,1500.0,350.0,0,1333.9,278.3,1,1500.0,350.0,0,Antonia Samudio
213530,1285.5,164.1,17,1248.1,207.0,12,1389.4,225.2,5,1500.0,350.0,0,Allie Kiick
201823,1285.5,274.0,3,1308.7,345.9,1,1357.4,318.1,2,1500.0,350.0,0,Daphne Van De Zande
200396,1285.4,278.6,1,1301.9,277.6,1,1500.0,350.0,0,1500.0,350.0,0,Kim Steinmetz
202558,1285.3,305.5,1,1315.0,308.7,1,1500.0,350.0,0,1500.0,350.0,0,Veronika Kapshay
201656,1285.2,135.9,16,1321.1,145.3,13,1230.9,237.8,3,1500.0,350.0,0,Tadeja Majeric
202101,1285.2,288.5,1,1500.0,350.0,0,1500.0,350.0,0,1500.0,350.0,0,Patricia Rogulski
202086,1285.0,295.8,1,1500.0,350.0,0,1500.0,350.0,0,1500.0,350.0,0,Natalia Biletskaia
206075,1284.9,179.3,10,1292.7,197.0,9,1288.3,304.3,1,1500.0,350.0,0,Hiroko Kuwata
214236,1284.9,210.5,5,1500.0,350.0,0,1299.5,223.2,5,1500.0,350.0,0,Angela Fita Boluda
212044,1284.8,260.9,3,1500.0,350.0,0,1338.7,268.2,3,1500.0,350.0,0,Katharina Gerlach
204073,1284.5,227.5,5,1334.0,232.1,5,1500.0,350.0,0,1500.0,350.0,0,Branka Bojovic
204570,1284.4,190.3,9,1272.8,195.4,9,1500.0,350.0,0,1500.0,350.0,0,Alejandra Rivero
201582,1284.2,150.8,17,1312.4,152.8,17,1500.0,350.0,0,1500.0,350.0,0,Jing Jing Lu
214189,1284.2,284.3,1,1500.0,350.0,0,1321.3,291.8,1,1500.0,350.0,0,Alicia Herrero Linana
202312,1284.1,281.1,2,1430.9,294.2,1,1318.7,318.2,1,1500.0,350.0,0,Olga Vymetalkova
206345,1283.9,285.0,1,1500.0,350.0,0,1317.3,282.4,1,1500.0,350.0,0,Victoria Bosio
202042,1283.9,180.2,7,1288.3,182.5,7,1500.0,350.0,0,1500.0,350.0,0,Natalia Soetrisno
204577,1283.8,293.7,1,1500.0,350.0,0,1332.8,300.5,1,1500.0,350.0,0,Linda Tajnai
201773,1283.4,250.4,2,1312.7,294.7,1,1374.9,277.6,1,1500.0,350.0,0,Diedre Herman
201396,1283.3,119.6,43,1373.7,168.1,17,1115.7,207.2,8,1158.6,221.7,18,Katie Obrien
263872,1283.2,219.8,2,1500.0,350.0,0,1500.0,350.0,0,1284.6,250.1,2,Hannah Klugman
201703,1283.1,165.7,16,1283.1,184.7,14,1338.1,301.4,1,1374.5,316.2,1,Yi Fan Xu
206780,1283.1,298.4,1,1500.0,350.0,0,1500.0,350.0,0,1333.2,299.1,1,Li Hua Yang
208274,1282.7,260.1,2,1278.1,261.0,2,1500.0,350.0,0,1500.0,350.0,0,Alejandra Obregon
203281,1282.7,177.9,21,1278.4,276.5,7,1210.3,231.7,13,1394.0,324.0,1,Amandine Hesse
204580,1282.6,310.0,1,1500.0,350.0,0,1500.0,350.0,0,1298.0,306.3,1,Biljana Dimovska
222080,1282.5,234.4,2,1275.6,244.5,2,1500.0,350.0,0,1500.0,350.0,0,Hina Inoue
200439,1282.4,99.3,69,1324.9,121.5,42,1109.2,266.5,12,1512.0,247.8,15,Jenny Byrne
204032,1282.4,304.4,1,1500.0,350.0,0,1500.0,350.0,0,1358.4,306.4,1,Marion Walter
206144,1282.3,272.1,2,1500.0,350.0,0,1262.3,278.5,2,1500.0,350.0,0,Xenia Knoll
201195,1282.2,181.4,6,1500.0,350.0,0,1500.0,350.0,0,1314.4,241.9,4,Amanda Wainwright
200476,1282.1,109.0,54,1323.2,145.5,29,1319.8,238.3,14,1330.7,245.4,7,Cammy Macgregor
221257,1282.0,119.0,22,1321.4,158.6,14,1197.8,187.2,8,1500.0,350.0,0,Sinja Kraus
201632,1281.9,193.4,12,1288.3,205.1,11,1500.0,350.0,0,1500.0,350.0,0,Ryoko Fuda
200038,1281.2,129.4,72,1305.3,136.0,59,1147.8,393.7,8,1154.3,565.9,4,Annabel Ellwood
220680,1281.1,226.9,2,1320.0,254.1,1,1332.5,287.8,1,1500.0,350.0,0,Fiona Crawley
200403,1281.1,143.6,37,1264.2,171.1,19,1488.8,387.1,3,1497.6,296.5,7,Andrea Leand
204854,1281.0,297.9,1,1500.0,350.0,0,1500.0,350.0,0,1339.7,292.9,1,Natalie Ko
202289,1280.9,222.8,6,1248.7,231.6,6,1500.0,350.0,0,1500.0,350.0,0,Jin Hee Kim
203156,1280.9,220.5,5,1311.5,221.9,5,1500.0,350.0,0,1500.0,350.0,0,Jennifer Schmidt
201625,1280.7,289.9,1,1258.8,297.0,1,1500.0,350.0,0,1500.0,350.0,0,Ju Yeon Choi
202672,1280.6,259.9,3,1305.0,278.7,2,1500.0,350.0,0,1403.5,370.0,1,Ekaterina Yashina
203398,1280.5,176.2,10,1326.2,218.2,7,1500.0,350.0,0,1286.5,264.2,3,Danielle Lao
236957,1280.5,286.4,1,1500.0,350.0,0,1316.1,290.5,1,1500.0,350.0,0,Lola Radivojevic
201557,1280.1,152.7,23,1190.6,277.4,4,1296.7,163.5,19,1500.0,350.0,0,Corinna Dentoni
204083,1280.1,303.5,1,1500.0,350.0,0,1500.0,350.0,0,1370.2,296.9,1,Chattida Thimjapo
206336,1280.0,303.3,1,1500.0,350.0,0,1291.3,303.0,1,1500.0,350.0,0,Julia Stamatova
202281,1279.8,265.8,2,1249.8,276.3,2,1500.0,350.0,0,1500.0,350.0,0,Ivanna Israilova
203105,1279.7,150.1,18,1442.4,378.8,2,1500.0,350.0,0,1254.0,160.8,16,I Ting Wang
204572,1279.6,225.4,7,1270.4,229.3,7,1500.0,350.0,0,1500.0,350.0,0,Maria Eugenia Brito
206354,1279.5,262.2,2,1500.0,350.0,0,1315.8,268.5,2,1500.0,350.0,0,Lina Qostal
202038,1279.4,279.5,1,1311.5,286.2,1,1500.0,350.0,0,1500.0,350.0,0,Ceyda Keyman
201647,1279.2,305.7,2,1500.0,350.0,0,1349.5,309.7,2,1500.0,350.0,0,Jasmin Woehr
201185,1278.6,192.4,4,1295.1,288.5,1,1500.0,350.0,0,1336.0,238.9,3,Robyn Field
201341,1278.3,161.7,19,1225.5,214.0,16,1500.0,350.0,0,1454.5,295.9,2,Mi Ra Jeon
204177,1278.3,188.0,11,1301.6,188.1,11,1500.0,350.0,0,1500.0,350.0,0,Akiko Kinebuchi
202369,1278.1,250.0,2,1279.8,255.3,2,1500.0,350.0,0,1500.0,350.0,0,Tara Iyer
200774,1278.1,123.2,33,1281.6,150.9,23,1376.5,325.4,2,1364.9,277.3,7,Vanessa Webb
204246,1277.8,146.1,28,1275.4,200.8,16,1133.8,577.2,3,1347.3,208.6,9,Lesley Pattinama Kerkhove
202306,1277.4,256.2,2,1297.3,267.2,2,1500.0,350.0,0,1500.0,350.0,0,Diana Ospina
201326,1277.4,178.2,16,1376.2,393.3,4,1250.2,193.4,12,1500.0,350.0,0,Bahia Mouhtassine
215151,1277.3,191.7,5,1321.4,214.1,4,1269.9,368.6,1,1500.0,350.0,0,Lina Glushko
201880,1277.3,286.2,1,1500.0,350.0,0,1241.6,301.1,1,1500.0,350.0,0,Melinda Petkes
202390,1277.2,297.0,1,1266.2,301.8,1,1500.0,350.0,0,1500.0,350.0,0,Ellen Barry
200529,1277.1,255.9,2,1332.2,292.8,1,1500.0,350.0,0,1401.2,286.0,1,Jill Smoller
202431,1276.8,209.6,5,1324.7,240.0,4,1360.6,316.7,1,1500.0,350.0,0,Tetyana Arefyeva
202120,1276.5,220.2,3,1261.4,221.7,3,1500.0,350.0,0,1500.0,350.0,0,Kirstin Freye
202365,1276.4,258.8,2,1227.4,274.8,2,1500.0,350.0,0,1500.0,350.0,0,Lavinia Tananta
239389,1276.0,165.5,7,1296.8,186.9,6,1289.3,257.7,1,1500.0,350.0,0,Elena Pridankina
215996,1276.0,128.2,24,1279.8,149.1,19,1186.9,417.9,2,1432.5,341.3,3,Arianne Hartono
202128,1275.9,126.3,33,1290.4,180.6,21,1500.0,350.0,0,1387.2,158.2,12,Riei Kawamata
203236,1275.5,248.0,2,1500.0,350.0,0,1298.0,255.9,2,1500.0,350.0,0,Angelina Gabueva
201062,1275.5,237.8,3,1500.0,350.0,0,1300.4,261.8,2,1339.0,313.3,1,Amelie Castera
201334,1275.3,122.4,98,1230.9,195.0,37,1289.5,163.1,51,967.5,372.5,8,Zuzana Ondraskova
202611,1275.2,284.5,2,1330.2,283.7,2,1500.0,350.0,0,1500.0,350.0,0,Oksana Kalashnikova
202701,1275.1,179.0,25,1292.0,249.8,12,1263.9,245.7,12,1333.3,444.8,1,Irina Khromacheva
201663,1274.7,151.1,17,1311.2,219.6,8,1279.6,241.8,8,1361.2,301.8,1,Ekaterina Dzehalevich
202467,1274.6,135.6,26,1132.6,298.4,6,1326.8,151.7,20,1500.0,350.0,0,Elitsa Kostova
207560,1274.6,220.8,4,1500.0,350.0,0,1500.0,350.0,0,1359.2,224.3,4,Prariyawan Ratanakrong
201833,1274.4,255.2,2,1500.0,350.0,0,1337.8,254.1,2,1500.0,350.0,0,Anouschka Popp
203100,1274.3,312.5,1,1274.3,312.5,1,1500.0,350.0,0,1500.0,350.0,0,Lyndsay Reilly
204732,1274.3,221.6,5,1292.8,239.3,5,1500.0,350.0,0,1500.0,350.0,0,Yasuko Nishimata
200221,1274.1,266.1,2,1274.1,266.1,2,1500.0,350.0,0,1500.0,350.0,0,Dianne Fromholtz
204021,1274.0,282.1,2,1274.5,282.7,2,1500.0,350.0,0,1500.0,350.0,0,Yoriko Yamagishi
204895,1274.0,270.2,2,1500.0,350.0,0,1500.0,350.0,0,1279.7,269.4,2,Kim Coventry
202378,1273.9,286.3,1,1291.5,287.5,1,1500.0,350.0,0,1500.0,350.0,0,Kirsten Flower
202479,1273.7,165.4,45,1287.9,211.8,17,1283.1,209.2,26,1253.5,582.0,2,Grace Min
201667,1273.7,191.2,12,1268.2,196.3,12,1500.0,350.0,0,1500.0,350.0,0,Ling Zhang
202415,1273.3,180.2,8,1239.1,240.2,4,1351.1,230.1,4,1500.0,350.0,0,Ximena Hermoso
202104,1273.0,229.2,3,1313.6,262.3,2,1500.0,350.0,0,1500.0,350.0,0,Kazue Takuma
201843,1272.9,242.3,2,1410.7,295.6,1,1500.0,350.0,0,1352.3,292.2,1,Suzanna Anggarkusuma
212077,1272.8,276.9,2,1500.0,350.0,0,1500.0,350.0,0,1272.8,276.9,2,Kelly Blanch
201813,1272.8,276.3,2,1500.0,350.0,0,1279.0,284.0,2,1500.0,350.0,0,Patty Van Acker
223079,1272.7,142.4,18,1174.5,212.7,6,1327.3,171.4,11,1375.5,362.2,1,Katerina Bohmova
201339,1272.7,163.4,78,1182.4,245.7,38,1340.7,195.6,38,1285.7,538.1,2,Renata Voracova
267439,1272.4,228.7,2,1322.0,268.9,1,1304.5,278.4,1,1500.0,350.0,0,Teodora Kostovic
201047,1272.3,129.9,45,1270.5,306.9,7,1286.1,149.0,37,1281.8,635.7,1,Andrea Vieira
215314,1272.2,173.6,15,1302.1,177.2,14,1372.9,379.7,1,1500.0,350.0,0,En Shuo Liang
200444,1272.1,130.6,38,1200.5,184.0,23,1409.8,241.0,8,1246.4,323.0,4,Elise Burgin
202386,1272.1,243.2,4,1228.0,253.9,4,1500.0,350.0,0,1500.0,350.0,0,Sung Hee Han
201395,1272.0,137.4,14,1159.3,181.7,9,1479.7,257.8,3,1542.8,239.2,2,Teryn Ashley
216179,1272.0,306.8,1,1500.0,350.0,0,1319.9,309.6,1,1500.0,350.0,0,Valeriya Olyanovskaya
201538,1271.9,209.8,4,1265.0,212.2,4,1500.0,350.0,0,1500.0,350.0,0,Isabella Holland
201377,1271.7,146.4,51,1292.2,200.8,26,1220.8,222.6,23,1328.9,498.4,2,Yuliya Beygelzimer
202193,1271.7,298.4,1,1274.3,298.3,1,1500.0,350.0,0,1500.0,350.0,0,Maria Veronica Widyadharma
201484,1271.5,129.6,50,1295.9,229.9,18,1275.0,160.4,25,1279.3,278.4,7,Sandra Zahlavova
201454,1271.2,177.7,163,1280.8,185.6,113,1365.4,361.1,41,982.5,469.6,9,Akgul Amanmuradova
201527,1271.1,95.4,274,1264.6,118.3,173,1220.3,193.2,77,1009.0,599.5,21,Stefanie Voegele
212070,1270.8,272.3,2,1270.8,272.3,2,1500.0,350.0,0,1500.0,350.0,0,Megumi Katakura
202508,1270.5,171.1,10,1279.4,171.1,10,1500.0,350.0,0,1500.0,350.0,0,Yuxuan Zhang
267428,1270.3,294.3,1,1500.0,350.0,0,1244.2,312.9,1,1500.0,350.0,0,Giulia Safina Popa
201589,1270.0,134.3,33,1313.8,168.8,16,1217.3,245.0,15,1251.8,284.9,2,Sharon Fichman
201530,1269.7,221.3,4,1233.4,221.1,4,1500.0,350.0,0,1500.0,350.0,0,Gail Brodsky
203542,1269.7,288.6,1,1231.8,305.3,1,1500.0,350.0,0,1500.0,350.0,0,Daria Mironova
201378,1269.6,209.8,10,1246.0,242.2,6,1350.4,314.0,4,1500.0,350.0,0,Stephanie Gehrlein
203564,1269.2,117.2,66,1077.4,193.6,26,1310.1,164.4,37,1359.0,586.7,3,Chloe Paquet
205090,1269.0,265.9,2,1500.0,350.0,0,1500.0,350.0,0,1291.0,263.6,2,Lara Picone
200467,1269.0,165.9,9,1290.4,260.5,2,1286.6,209.2,5,1499.9,277.0,2,Janine Tremelling
200637,1268.8,196.0,5,1228.4,207.6,5,1500.0,350.0,0,1500.0,350.0,0,Catherine Barclay
201046,1268.7,141.5,14,1500.0,350.0,0,1275.5,160.2,13,1332.2,299.7,1,Silvia La Fratta
201929,1268.6,223.2,3,1500.0,350.0,0,1209.8,228.1,3,1500.0,350.0,0,Laura Pena
213602,1268.5,221.0,2,1500.0,350.0,0,1500.0,350.0,0,1265.7,253.3,2,Gabriella Taylor
214992,1268.2,218.6,3,1278.9,217.6,3,1500.0,350.0,0,1500.0,350.0,0,Zhibek Kulambayeva
201699,1267.8,306.8,2,1244.7,319.4,1,1353.0,376.1,1,1500.0,350.0,0,Martina Caregaro
201542,1267.7,150.5,43,1232.7,165.1,35,1310.8,343.2,7,1358.9,599.9,1,Olivia Rogowska
202352,1267.7,196.7,10,1361.8,355.7,6,1268.0,230.9,4,1500.0,350.0,0,Daniela Munoz Gallegos
213767,1267.6,220.6,4,1500.0,350.0,0,1251.9,239.5,4,1500.0,350.0,0,Ayla Aksu
215431,1267.6,240.8,2,1500.0,350.0,0,1500.0,350.0,0,1342.3,267.2,2,Emily Appleton
202089,1267.5,293.1,1,1500.0,350.0,0,1500.0,350.0,0,1500.0,350.0,0,Irina Sukhova
201846,1267.0,238.9,3,1500.0,350.0,0,1353.8,277.4,1,1297.3,345.9,1,Katarzyna Teodorowicz Lisowska
204223,1267.0,178.2,10,1243.1,179.9,10,1500.0,350.0,0,1500.0,350.0,0,Peangtarn Plipuech
202395,1266.9,169.8,10,1207.9,319.0,2,1312.3,193.2,8,1500.0,350.0,0,Maria Irigoyen
201188,1266.7,220.2,2,1500.0,350.0,0,1500.0,350.0,0,1254.6,250.6,2,Barbara Griffiths
202422,1266.6,211.5,6,1310.0,217.5,5,1500.0,350.0,0,1373.5,427.0,1,Shuko Aoyama
215290,1266.4,139.7,34,1291.7,201.4,19,1241.5,191.7,15,1500.0,350.0,0,Katarina Zavatska
202574,1266.4,150.9,12,1301.9,189.8,8,1500.0,350.0,0,1279.0,220.9,4,Remi Tezuka
201342,1266.3,249.2,1,1225.4,274.9,1,1500.0,350.0,0,1500.0,350.0,0,Alexandra Podkolzina
201879,1266.3,241.8,3,1335.0,302.4,1,1341.2,283.3,1,1500.0,350.0,0,Reka Vidats
201641,1266.2,180.2,9,1387.3,268.9,1,1246.8,208.7,8,1500.0,350.0,0,Nadia Lalami
201405,1266.2,229.5,6,1262.4,226.4,6,1500.0,350.0,0,1500.0,350.0,0,Nan Nan Liu
200598,1266.0,200.8,7,1361.9,233.8,5,1500.0,350.0,0,1500.0,350.0,0,Jeri Ingram
215372,1265.9,280.3,1,1257.9,287.8,1,1500.0,350.0,0,1500.0,350.0,0,Ksenia Laskutova
208248,1265.9,221.0,5,1500.0,350.0,0,1500.0,350.0,0,1277.0,221.9,5,Christine Alford
211765,1265.7,121.1,27,1166.3,173.4,15,1433.7,241.9,3,1405.6,237.0,9,Emina Bektas
223410,1265.3,183.5,6,1500.0,350.0,0,1252.3,208.2,6,1500.0,350.0,0,Georgia Pedone
204479,1265.2,115.5,32,1500.0,350.0,0,1430.7,175.0,14,1303.2,167.7,10,Vanessa Kendall
207919,1265.1,228.4,3,1500.0,350.0,0,1500.0,350.0,0,1300.7,234.2,3,Celine Francois
200744,1264.9,220.5,7,1282.8,309.3,1,1335.2,256.0,5,1377.1,302.2,1,Svetlana Krivencheva
216062,1264.3,245.3,2,1161.2,263.1,2,1500.0,350.0,0,1500.0,350.0,0,Meiling Wang
201805,1264.2,244.9,2,1500.0,350.0,0,1346.9,300.7,1,1500.0,350.0,0,Pilar Perez
213821,1264.2,224.0,6,1247.9,218.3,6,1500.0,350.0,0,1500.0,350.0,0,Wushuang Zheng
216097,1264.1,124.6,25,1225.6,147.3,18,1195.3,279.7,3,1519.3,322.5,4,Elizabeth Mandlik
202919,1263.8,300.9,1,1243.6,314.7,1,1500.0,350.0,0,1500.0,350.0,0,Chang Liu
222189,1263.5,290.9,1,1302.2,305.3,1,1500.0,350.0,0,1500.0,350.0,0,Anna Sinclair Rogers
202272,1263.3,278.5,2,1350.9,278.9,1,1330.2,331.5,1,1500.0,350.0,0,Ana Timotic
203149,1263.1,172.9,8,1500.0,350.0,0,1498.1,280.1,2,1500.0,350.0,0,Stephanie Hazlett
203006,1263.0,220.0,4,1500.0,350.0,0,1500.0,350.0,0,1274.4,222.1,4,Nikola Hubnerova
201316,1263.0,217.9,5,1279.7,235.1,5,1500.0,350.0,0,1500.0,350.0,0,Lenka Dlhopolcova
202348,1262.9,236.7,3,1340.5,256.5,2,1342.1,309.7,1,1500.0,350.0,0,Lina Stanciute
200533,1262.7,304.9,1,1500.0,350.0,0,1294.6,301.9,1,1500.0,350.0,0,Pam Casale
200710,1262.7,216.6,3,1269.6,266.5,2,1340.5,283.6,1,1500.0,350.0,0,Magdalena Feistel
202743,1262.6,258.0,3,1500.0,350.0,0,1500.0,350.0,0,1262.6,258.0,3,Sai Jayalakshmy Jayaram
203905,1262.2,215.4,5,1500.0,350.0,0,1355.5,238.5,4,1393.9,313.7,1,Lechia Trewick
211432,1261.9,252.9,2,1500.0,350.0,0,1500.0,350.0,0,1247.2,301.4,2,Eden Silva
230880,1261.7,273.9,2,1500.0,350.0,0,1280.3,315.9,1,1373.5,340.6,1,Mara Guth
215155,1261.4,241.7,2,1271.7,238.6,2,1500.0,350.0,0,1500.0,350.0,0,Olesya Pervushina
203859,1261.4,257.4,3,1261.4,257.4,3,1500.0,350.0,0,1500.0,350.0,0,Nicola Payne
223415,1260.5,217.9,2,1500.0,350.0,0,1198.6,233.6,2,1500.0,350.0,0,Federica Urgesi
201554,1260.4,170.6,60,1228.0,208.2,39,1368.1,302.0,12,1281.8,285.0,9,Vitalia Diatchenko
206335,1260.1,244.3,4,1299.3,331.9,2,1300.5,281.2,2,1500.0,350.0,0,Jesika Maleckova
212059,1260.1,191.6,6,1500.0,350.0,0,1419.4,256.1,3,1500.0,350.0,0,Kelly Duns
202264,1260.0,248.1,3,1250.1,248.5,3,1500.0,350.0,0,1500.0,350.0,0,Cory Ann Avants
201691,1259.7,275.9,11,1500.0,350.0,0,1278.2,277.1,11,1500.0,350.0,0,Dia Evtimova
213706,1259.5,177.9,8,1500.0,350.0,0,1258.4,194.5,8,1500.0,350.0,0,Irene Burillo Escorihuela
223146,1259.3,305.3,1,1331.2,291.7,1,1500.0,350.0,0,1500.0,350.0,0,Isabella Barrera Aguirre
211208,1259.3,291.7,2,1257.0,301.7,2,1500.0,350.0,0,1500.0,350.0,0,Ho Ching Wu
239156,1259.3,209.1,4,1255.6,312.9,1,1407.6,244.9,3,1500.0,350.0,0,Lucija Ciric Bagaric
202102,1259.2,186.8,8,1295.6,202.9,6,1500.0,350.0,0,1500.0,350.0,0,Kaoru Shibata
201802,1259.2,212.2,5,1344.0,255.0,3,1299.4,280.7,2,1500.0,350.0,0,Ulrike Priller
201278,1259.0,193.2,6,1292.0,237.4,4,1500.0,350.0,0,1500.0,350.0,0,Angela Lettiere
201747,1258.8,228.1,3,1237.2,251.6,2,1500.0,350.0,0,1500.0,350.0,0,Lihini Weerasuriya
211874,1258.8,165.7,14,1289.0,172.5,13,1351.5,538.1,1,1500.0,350.0,0,Victoria Rodriguez
202251,1258.7,293.2,1,1500.0,350.0,0,1500.0,350.0,0,1500.0,350.0,0,Katrina Greenman
201963,1258.5,266.9,3,1500.0,350.0,0,1269.9,311.3,2,1500.0,350.0,0,Sofia Prazeres
202259,1258.4,241.4,4,1500.0,350.0,0,1186.3,251.4,4,1500.0,350.0,0,Valentina Sassi
204288,1258.3,242.5,2,1274.6,245.3,2,1500.0,350.0,0,1500.0,350.0,0,Ji Hee Choi
201821,1258.0,290.8,1,1500.0,350.0,0,1312.1,285.7,1,1500.0,350.0,0,Gorana Matic
211328,1257.5,206.6,3,1500.0,350.0,0,1108.2,233.9,3,1500.0,350.0,0,Deborah Chiesa
222294,1257.3,318.3,1,1266.7,317.4,1,1500.0,350.0,0,1500.0,350.0,0,Darja Suvirdjonkova
215571,1256.9,163.8,7,1184.3,243.6,2,1375.2,203.4,5,1500.0,350.0,0,Guiomar Maristany Zuleta De Reales
202459,1256.7,201.8,4,1261.1,205.2,4,1500.0,350.0,0,1500.0,350.0,0,Bojana Bobusic
202681,1256.7,195.5,12,1125.2,263.2,7,1420.5,293.3,5,1500.0,350.0,0,Gabriela Dabrowski
201672,1256.6,206.6,25,1276.7,262.8,24,1331.7,301.3,1,1500.0,350.0,0,Nigina Abduraimova
201274,1256.6,160.1,11,1401.1,202.9,4,1348.4,280.2,2,1500.0,350.0,0,Viktoria Milvidskaia
215453,1256.5,165.8,18,1120.1,225.1,8,1363.0,202.9,10,1500.0,350.0,0,Marina Bassols Ribera
203079,1256.4,135.3,21,1500.0,350.0,0,1435.7,257.6,7,1366.7,158.0,14,Diana Gherghi
202073,1256.3,224.4,4,1314.4,289.9,2,1312.3,279.8,2,1500.0,350.0,0,Chin Bee Khoo
211920,1255.9,302.5,2,1309.8,380.0,1,1328.3,304.5,1,1500.0,350.0,0,Martina Capurro Taborda
201064,1255.7,253.1,1,1500.0,350.0,0,1295.1,276.0,1,1500.0,350.0,0,Audrey Sidot
203475,1255.5,145.1,25,1277.4,188.3,18,1316.9,291.0,4,1221.0,291.0,3,Carol Zhao
260921,1255.5,304.2,1,1250.0,306.8,1,1500.0,350.0,0,1500.0,350.0,0,Menuha Popovici
200333,1255.2,135.2,33,1157.5,214.2,15,1249.4,475.2,2,1421.8,254.4,12,Betsy Nagelsen
201634,1255.2,232.4,3,1500.0,350.0,0,1253.6,239.5,3,1500.0,350.0,0,Viky Nunez Fuentes
201560,1255.2,215.0,3,1387.3,321.0,1,1194.8,244.0,2,1500.0,350.0,0,Kinnie Laisne
203341,1254.4,247.7,3,1294.2,272.1,2,1379.1,306.7,1,1500.0,350.0,0,Sanaz Marand
204124,1254.1,202.6,6,1500.0,350.0,0,1500.0,350.0,0,1500.0,350.0,0,Jennifer Callen
200609,1253.6,247.0,3,1337.7,303.5,1,1500.0,350.0,0,1500.0,350.0,0,Steffi Menning
204478,1253.5,203.8,6,1500.0,350.0,0,1500.0,350.0,0,1385.2,212.2,6,Angie Marik
202382,1253.4,288.5,1,1222.8,298.1,1,1500.0,350.0,0,1500.0,350.0,0,Ekaterina Shulaeva
201655,1253.3,240.2,4,1500.0,350.0,0,1264.0,235.8,4,1500.0,350.0,0,Anna Floris
204504,1253.3,179.2,9,1500.0,350.0,0,1500.0,350.0,0,1330.7,178.8,9,Denisa Sobotkova
200654,1253.3,159.6,12,1271.7,205.5,6,1282.2,206.5,6,1500.0,350.0,0,Patty Oreilly
201282,1253.2,253.9,1,1257.7,269.3,1,1500.0,350.0,0,1500.0,350.0,0,Jean Okada
213604,1253.1,302.1,1,1500.0,350.0,0,1266.4,303.7,1,1500.0,350.0,0,Luisa Stefani
259753,1252.0,241.5,2,1500.0,350.0,0,1257.8,248.9,2,1500.0,350.0,0,Malak El Allami
201748,1252.0,288.0,1,1274.8,292.8,1,1500.0,350.0,0,1500.0,350.0,0,Renata Kochta
202192,1251.7,162.5,14,1268.0,215.5,9,1500.0,350.0,0,1319.6,215.0,5,Tzu Ting Weng
211269,1251.6,213.3,5,1258.8,216.5,5,1500.0,350.0,0,1500.0,350.0,0,Eudice Wong Chong
204173,1250.9,180.6,12,1274.4,186.6,12,1500.0,350.0,0,1500.0,350.0,0,Yuki Fujii
215566,1250.7,220.5,3,1391.6,307.2,1,1252.0,248.9,2,1500.0,350.0,0,Gergana Topalova
201314,1250.7,243.7,3,1231.7,310.9,2,1343.9,287.9,1,1500.0,350.0,0,Nina Duebbers
201939,1250.7,220.3,3,1239.7,311.7,1,1353.3,285.5,1,1383.1,331.4,1,Anique Snijders
204450,1250.6,268.6,2,1500.0,350.0,0,1500.0,350.0,0,1298.9,264.3,2,Barbara Rosenberger
213657,1250.6,260.1,2,1298.5,307.0,1,1361.3,284.9,1,1500.0,350.0,0,Martha Matoula
201043,1250.4,177.0,18,1314.0,344.9,1,1268.7,185.5,16,1332.2,326.1,1,Barbara Romano
201040,1250.3,154.1,23,1302.1,298.7,2,1312.1,166.6,19,1500.0,350.0,0,Luciana Corsato Owsianka
204158,1250.3,157.7,10,1500.0,350.0,0,1421.4,256.7,3,1500.0,350.0,0,Cindy Dock
203083,1250.1,219.6,6,1238.3,228.3,6,1500.0,350.0,0,1500.0,350.0,0,Stephanie Schaer
214081,1250.0,232.9,4,1500.0,350.0,0,1187.4,266.5,4,1500.0,350.0,0,Katharina Hobgarski
201806,1249.9,307.7,1,1309.9,304.4,1,1500.0,350.0,0,1500.0,350.0,0,Ying Bi
201947,1249.7,294.4,1,1500.0,350.0,0,1265.7,292.4,1,1500.0,350.0,0,Stephanie Mayorkis
201966,1249.6,228.1,3,1500.0,350.0,0,1287.8,263.3,2,1500.0,350.0,0,Natalie Tschan
211407,1249.4,207.4,3,1226.3,238.1,2,1441.0,306.1,1,1500.0,350.0,0,Dejana Radanovic
200618,1249.1,247.0,2,1249.1,247.0,2,1500.0,350.0,0,1500.0,350.0,0,Eva Maria Schurhoff
223087,1248.2,242.4,3,1343.1,321.2,1,1282.7,260.2,2,1500.0,350.0,0,Tara Wurth
204213,1247.8,261.9,2,1244.5,262.6,2,1500.0,350.0,0,1500.0,350.0,0,Chantal Coombs
200440,1247.7,253.0,2,1500.0,350.0,0,1260.0,268.0,2,1500.0,350.0,0,Shawn Foltz
201812,1247.7,216.0,7,1337.0,236.2,5,1500.0,350.0,0,1500.0,350.0,0,Hiroko Mochizuki
200535,1247.7,121.7,45,1267.0,155.6,21,1070.0,334.1,8,1382.6,236.9,11,Jo Anne Faull
239436,1247.6,242.0,2,1188.1,251.5,2,1500.0,350.0,0,1500.0,350.0,0,Kayla Cross
221099,1247.5,221.5,3,1242.8,225.5,3,1500.0,350.0,0,1500.0,350.0,0,Rina Saigo
201749,1247.2,192.1,7,1284.3,215.5,5,1299.5,301.2,2,1500.0,350.0,0,Julie Shiflet
260913,1247.1,267.5,1,1249.1,271.9,1,1500.0,350.0,0,1500.0,350.0,0,Yufei Ren
212058,1247.0,311.2,1,1500.0,350.0,0,1500.0,350.0,0,1500.0,350.0,0,Tara Reid
201659,1246.9,208.7,9,1238.3,291.0,3,1317.4,247.3,6,1500.0,350.0,0,Melanie Klaffner
202345,1246.8,235.1,3,1404.4,326.2,1,1215.6,253.6,2,1500.0,350.0,0,Katarina Kachlikova
259857,1246.8,211.2,4,1293.0,314.7,1,1258.3,224.3,3,1500.0,350.0,0,Akasha Urhobo
202761,1246.7,252.2,2,1500.0,350.0,0,1500.0,350.0,0,1254.1,254.2,2,Michelle Faucher
200510,1246.3,134.9,33,1251.9,150.0,24,1500.0,350.0,0,1376.9,286.1,7,Julie Richardson
215468,1245.5,285.6,2,1244.3,285.4,2,1500.0,350.0,0,1500.0,350.0,0,Momoko Kobori
202688,1245.4,184.0,17,1250.8,222.4,9,1273.1,344.8,8,1500.0,350.0,0,Isabella Shinikova
203102,1245.3,272.8,2,1242.2,274.1,2,1500.0,350.0,0,1500.0,350.0,0,Maria Rosa Sitja Gibert
201877,1245.2,242.2,3,1342.0,281.4,2,1378.4,306.4,1,1500.0,350.0,0,Karen Shin
201186,1245.1,211.5,2,1500.0,350.0,0,1500.0,350.0,0,1295.9,246.7,2,Virginia Humphreys Davies
203518,1244.1,126.1,17,1245.4,183.2,9,1291.7,193.9,6,1303.6,310.4,2,Paula Kania
201383,1244.0,174.8,42,1180.5,192.0,31,1383.4,380.8,7,1500.0,350.0,0,Marie Eve Pelletier
211529,1243.7,270.0,2,1233.7,276.1,2,1500.0,350.0,0,1500.0,350.0,0,Sandra Samir
206107,1243.7,196.1,11,1253.2,197.1,11,1500.0,350.0,0,1500.0,350.0,0,Zhaoxuan Yang
203088,1243.5,271.3,2,1254.6,268.9,2,1500.0,350.0,0,1500.0,350.0,0,Naoko Ishikawa
201390,1243.3,205.5,13,1376.0,370.2,6,1160.5,234.1,6,1377.0,491.9,1,Mervana Jugic Salkic
221454,1243.3,270.8,2,1281.8,273.9,2,1500.0,350.0,0,1500.0,350.0,0,Alba Rey Garcia
239392,1242.6,243.4,2,1500.0,350.0,0,1150.7,264.8,2,1500.0,350.0,0,Mia Ristic
215096,1242.1,144.9,20,1156.7,234.2,11,1250.7,242.6,6,1381.4,249.0,3,Jaimee Fourlis
215812,1242.0,299.0,1,1243.5,299.0,1,1500.0,350.0,0,1500.0,350.0,0,Shuyue Ma
222675,1241.8,266.6,2,1354.3,298.0,1,1314.6,312.5,1,1500.0,350.0,0,Amarni Banks
221434,1241.5,239.1,3,1268.5,252.0,2,1397.1,332.7,1,1500.0,350.0,0,Aliona Falei
211063,1241.1,263.9,3,1241.5,358.9,2,1381.6,286.6,1,1500.0,350.0,0,Valeriya Strakhova
213672,1241.0,191.2,8,1232.9,210.0,7,1320.6,315.0,1,1500.0,350.0,0,Usue Maitane Arconada
204420,1240.6,195.9,8,1247.8,218.9,7,1356.3,289.6,1,1500.0,350.0,0,Marcela Zacarias
211260,1239.8,264.7,2,1500.0,350.0,0,1232.0,280.9,2,1500.0,350.0,0,Marie Benoit
201269,1239.7,159.4,17,1293.1,196.1,12,1377.5,509.2,1,1500.0,350.0,0,Eleni Rossides
200384,1239.4,126.7,28,1182.6,177.0,15,1354.6,341.3,1,1362.4,258.3,4,Eva Pfaff
214540,1239.3,309.5,1,1283.6,308.0,1,1500.0,350.0,0,1500.0,350.0,0,Chihiro Muramatsu
202626,1239.2,241.1,3,1429.7,289.1,1,1347.6,284.5,1,1305.8,344.4,1,Stephanie Vogt
201702,1239.2,229.6,3,1233.0,238.2,3,1500.0,350.0,0,1500.0,350.0,0,Malou Ejdesgaard
201959,1239.2,225.7,12,1495.9,294.8,6,1200.6,265.1,6,1500.0,350.0,0,Ana Catarina Nogueira
202119,1238.9,247.9,2,1500.0,350.0,0,1242.1,253.0,2,1500.0,350.0,0,Olivia Fery
202435,1238.5,234.4,4,1500.0,350.0,0,1330.1,225.0,4,1500.0,350.0,0,Vanda Lukacs
216173,1238.3,267.1,2,1500.0,350.0,0,1251.4,275.3,2,1500.0,350.0,0,Katerina Tsygourova
220432,1238.0,214.8,5,1236.6,218.2,5,1500.0,350.0,0,1500.0,350.0,0,Dayeon Back
201706,1238.0,239.7,3,1262.3,242.6,3,1500.0,350.0,0,1500.0,350.0,0,Eirini Georgatou
200553,1237.9,199.7,8,1253.9,263.2,4,1330.5,334.0,1,1379.1,370.2,1,Carin Bakkum
201646,1237.9,140.2,18,1432.1,225.0,4,1174.3,181.5,12,1286.5,317.7,2,Maria Joao Koehler
220733,1237.9,183.3,7,1500.0,350.0,0,1163.7,194.8,7,1500.0,350.0,0,Carole Monnet
202044,1237.8,251.4,2,1238.0,254.0,2,1500.0,350.0,0,1500.0,350.0,0,Eny Sulistyowati
204793,1237.8,305.0,1,1287.8,311.4,1,1500.0,350.0,0,1500.0,350.0,0,So Yeon Im
202695,1237.6,267.5,2,1296.6,305.3,1,1365.3,275.3,1,1500.0,350.0,0,Aleksandrina Naydenova
207152,1237.1,170.3,12,1500.0,350.0,0,1387.1,415.1,1,1296.8,174.8,11,Bree Calderwood
201926,1237.0,207.5,6,1237.5,216.3,5,1500.0,350.0,0,1500.0,350.0,0,Stephanie Reece
222259,1237.0,221.1,3,1500.0,350.0,0,1237.6,228.2,3,1500.0,350.0,0,Natalia Szabanin
204888,1236.8,217.4,4,1500.0,350.0,0,1500.0,350.0,0,1325.6,212.7,4,Ljiljana Nanusevic
204059,1236.6,189.6,9,1289.0,204.3,8,1500.0,350.0,0,1338.5,306.6,1,Futaba Kubota
201534,1236.5,161.3,22,1292.1,174.4,17,1148.3,297.5,3,1269.6,405.8,2,Asia Muhammad
200425,1236.2,155.9,25,1391.7,227.5,11,1258.8,277.0,6,1191.6,360.7,5,Sophie Amiach
201081,1235.8,166.8,20,1500.0,350.0,0,1500.0,350.0,0,1247.2,179.0,20,Joanne Ward
260510,1235.5,275.6,1,1500.0,350.0,0,1210.1,298.9,1,1500.0,350.0,0,Vittoria Paganetti
202304,1235.2,304.7,1,1232.7,312.1,1,1500.0,350.0,0,1500.0,350.0,0,Nicole Pitts
200694,1235.1,214.6,6,1337.4,216.6,5,1271.6,419.2,1,1500.0,350.0,0,Elly Hakami
201630,1234.4,219.4,3,1268.8,246.4,2,1389.1,279.3,1,1500.0,350.0,0,Nicole Hummel
212055,1234.0,198.5,7,1500.0,350.0,0,1360.4,237.7,4,1377.2,273.1,3,Juliet Drew
206175,1234.0,279.9,2,1500.0,350.0,0,1229.7,282.1,2,1500.0,350.0,0,Tess Sugnaux
202121,1233.7,170.2,18,1220.3,201.2,11,1427.7,322.5,7,1500.0,350.0,0,Benjamas Sangaram
202326,1233.6,214.9,5,1240.9,225.0,5,1500.0,350.0,0,1500.0,350.0,0,Ankita Bhambri
201836,1232.9,252.5,3,1500.0,350.0,0,1318.2,249.6,2,1500.0,350.0,0,Svetlana Komleva
202134,1232.8,252.4,2,1299.5,303.1,1,1500.0,350.0,0,1500.0,350.0,0,Katie Schlukebir
216013,1232.6,193.4,10,1393.1,194.4,7,1238.3,400.6,1,1298.2,345.7,2,Yuliya Hatouka
202424,1232.4,176.4,14,1204.6,247.8,3,1249.5,212.3,10,1350.0,733.0,1,Conny Perrin
216213,1232.0,232.0,4,1236.9,259.7,3,1382.2,308.8,1,1500.0,350.0,0,Sohyun Park
211719,1231.5,211.2,7,1279.8,250.2,5,1316.3,294.3,2,1500.0,350.0,0,Shilin Xu
204629,1231.4,215.9,5,1500.0,350.0,0,1500.0,350.0,0,1286.3,219.5,5,Emma Gott
202047,1231.0,246.7,2,1222.0,244.4,2,1500.0,350.0,0,1500.0,350.0,0,Agustine Limanto
214480,1230.9,166.6,11,1325.2,268.2,3,1168.7,195.7,8,1500.0,350.0,0,Miriam Bianca Bulgaru
201289,1230.8,180.2,24,1348.1,210.4,9,1360.9,254.0,5,1169.0,363.0,10,Christina Wheeler
201564,1230.7,249.0,2,1500.0,350.0,0,1259.9,255.4,2,1500.0,350.0,0,Lenka Tvaroskova
201633,1230.6,230.6,4,1242.3,232.5,4,1500.0,350.0,0,1500.0,350.0,0,Tomoko Yonemura
203080,1230.6,154.0,34,1500.0,350.0,0,1558.1,309.4,8,1347.5,160.9,23,Nadia Johnston
201674,1230.1,160.8,19,1245.8,164.0,19,1500.0,350.0,0,1500.0,350.0,0,Sabina Sharipova
223671,1230.0,228.5,3,1500.0,350.0,0,1258.6,241.7,3,1500.0,350.0,0,Aya El Aouni
212061,1230.0,324.6,1,1500.0,350.0,0,1383.4,308.3,1,1500.0,350.0,0,Verica Spirovska
206430,1229.5,190.4,8,1377.0,305.9,1,1213.4,211.5,7,1500.0,350.0,0,Carolina Alves
200677,1229.4,162.8,22,1268.5,271.1,5,1188.5,256.9,10,1319.9,330.9,1,Katja Oeljeklaus
201682,1228.3,169.6,12,1239.7,171.4,12,1500.0,350.0,0,1500.0,350.0,0,Nudnida Luangnam
211216,1228.0,251.1,3,1236.5,277.6,2,1354.3,285.4,1,1500.0,350.0,0,Cristiana Ferrando
201451,1228.0,152.5,22,1270.9,180.6,15,1228.4,268.5,7,1500.0,350.0,0,Kathrin Woerle
203051,1227.9,142.2,20,1278.0,166.3,16,1500.0,350.0,0,1367.2,234.2,4,Satomi Kinjo
202355,1227.9,195.4,5,1220.1,199.5,5,1500.0,350.0,0,1500.0,350.0,0,Sanja Ancic
223168,1227.7,235.8,2,1294.2,285.1,1,1283.1,301.8,1,1500.0,350.0,0,Mary Stoiana
201324,1227.5,137.2,19,1242.7,207.8,8,1181.6,282.7,7,1204.7,264.1,2,Irina Selyutina
201045,1226.9,280.7,2,1500.0,350.0,0,1344.2,287.6,1,1500.0,350.0,0,Natalia Egorova
204500,1226.7,271.1,2,1500.0,350.0,0,1304.4,276.5,2,1500.0,350.0,0,Christine Silaghi
211881,1226.0,306.7,1,1254.9,303.5,1,1500.0,350.0,0,1500.0,350.0,0,Olivia Tjandramulia
201992,1226.0,212.1,4,1287.2,249.5,2,1327.0,300.6,1,1500.0,350.0,0,Sabine Lohmann
204465,1225.7,244.4,3,1500.0,350.0,0,1500.0,350.0,0,1216.8,251.4,3,Susanne Filipp
202015,1225.5,245.5,2,1363.2,284.1,1,1373.5,304.5,1,1500.0,350.0,0,Nicoletta Iaccarino
201559,1224.6,180.5,7,1248.2,244.9,2,1203.1,219.5,5,1500.0,350.0,0,Irena Pavlovic
202276,1224.0,154.5,39,1225.8,236.8,12,1366.5,403.5,9,1425.1,188.9,15,Shelley Stephens
211878,1223.9,138.1,30,1229.7,153.3,26,1177.5,360.3,2,1452.4,308.3,2,Lizette Cabrera
200500,1223.8,148.8,28,1218.6,180.8,17,1284.5,262.2,5,1500.0,350.0,0,Pilar Vasquez
201577,1223.8,184.1,8,1243.1,217.9,6,1345.4,251.4,2,1500.0,350.0,0,Heidi El Tabakh
200714,1223.6,157.6,15,1241.2,265.1,7,1336.2,523.1,1,1290.6,241.0,4,Yvette Basting
201552,1222.4,181.5,5,1264.9,219.0,3,1226.8,244.3,2,1500.0,350.0,0,Mallory Cecil
202201,1222.3,152.7,19,1264.2,155.3,19,1500.0,350.0,0,1500.0,350.0,0,Kiyoko Yazawa
204179,1222.2,173.2,8,1245.9,180.4,8,1500.0,350.0,0,1500.0,350.0,0,Chiaki Nakajima
220718,1221.8,293.8,1,1249.1,290.0,1,1500.0,350.0,0,1500.0,350.0,0,Sakura Hosogi
201743,1221.6,259.5,2,1364.9,293.7,1,1378.3,306.4,1,1500.0,350.0,0,Laura Glitz
213873,1221.4,244.4,3,1284.3,268.2,2,1350.8,280.0,1,1500.0,350.0,0,Gabriela Andrea Knutson
200540,1221.3,210.1,7,1329.6,239.7,4,1270.8,307.9,3,1500.0,350.0,0,Amy Schwartz
201917,1221.1,253.7,2,1218.7,254.7,2,1500.0,350.0,0,1500.0,350.0,0,Suzanne Italiano
221307,1221.0,162.7,6,1261.4,176.6,5,1366.1,284.7,1,1500.0,350.0,0,Darja Vidmanova
220722,1220.8,154.9,11,1288.7,190.6,7,1027.1,245.7,4,1500.0,350.0,0,Elvina Kalieva
200775,1220.7,210.8,3,1317.9,305.5,1,1279.0,234.9,2,1500.0,350.0,0,Tatiana Kovaltchouk
200577,1220.6,207.7,4,1174.9,207.2,4,1500.0,350.0,0,1500.0,350.0,0,Louise Stacey
202451,1220.5,255.2,2,1359.9,310.5,1,1310.3,281.7,1,1500.0,350.0,0,Nicole Rottmann
202043,1220.5,228.3,4,1231.9,235.7,4,1500.0,350.0,0,1500.0,350.0,0,Mimma Chernovita
204020,1220.4,247.7,3,1249.8,252.1,3,1500.0,350.0,0,1500.0,350.0,0,Masami Nakai
216587,1220.3,243.9,3,1248.4,248.7,3,1500.0,350.0,0,1500.0,350.0,0,Hong Yi Cody Wong
201626,1220.1,229.8,3,1212.8,227.9,3,1500.0,350.0,0,1500.0,350.0,0,Petra Winzenholler
202575,1219.7,212.7,5,1233.7,212.6,5,1500.0,350.0,0,1500.0,350.0,0,Kumiko Iijima
213620,1218.9,258.5,3,1305.1,314.4,1,1202.4,319.4,2,1500.0,350.0,0,Jessica Pieri
201642,1218.8,227.1,7,1500.0,350.0,0,1230.6,230.7,7,1500.0,350.0,0,Fatima El Allami
202986,1218.5,241.5,3,1251.0,252.7,3,1500.0,350.0,0,1500.0,350.0,0,Kaori Aoyama
200393,1218.2,318.4,1,1233.4,315.8,1,1500.0,350.0,0,1500.0,350.0,0,Lea Antonoplis
200521,1217.4,167.2,11,1342.3,322.6,1,1245.2,175.0,10,1500.0,350.0,0,Hellas Ter Riet
204024,1216.0,179.8,13,1500.0,350.0,0,1355.4,246.5,6,1243.6,263.8,2,Natalie Dittmann
202353,1216.0,261.6,3,1288.6,303.6,2,1372.4,281.8,1,1500.0,350.0,0,Maria Jose Argeri
206622,1215.3,225.6,4,1500.0,350.0,0,1500.0,350.0,0,1500.0,350.0,0,Tracee Lee
214608,1215.1,264.6,2,1239.4,269.6,2,1500.0,350.0,0,1500.0,350.0,0,Jia Qi Kang
214507,1215.1,193.1,7,1442.6,261.1,2,1122.0,231.3,5,1500.0,350.0,0,Berfu Cengiz
215572,1214.7,158.7,14,1500.0,350.0,0,1161.6,168.0,14,1500.0,350.0,0,Nuria Brancaccio
205372,1214.7,279.0,2,1500.0,350.0,0,1500.0,350.0,0,1247.0,274.3,2,Sevvy Gallios
236955,1214.3,174.4,9,1186.5,198.7,6,1425.1,324.3,3,1500.0,350.0,0,Tatiana Prozorova
206178,1214.1,221.8,3,1500.0,350.0,0,1190.8,226.6,3,1500.0,350.0,0,Susanne Celik
202258,1213.9,248.1,5,1346.2,255.2,2,1310.9,314.1,2,1385.1,333.8,1,Jaslyn Hewitt
213998,1213.7,196.3,10,1209.9,239.0,5,1231.6,298.8,5,1500.0,350.0,0,Ipek Oz
200159,1213.1,243.8,2,1286.3,290.1,1,1378.0,314.0,1,1500.0,350.0,0,Rosie Casals
200588,1212.7,103.0,39,1224.4,137.2,20,1215.7,182.7,12,1290.0,271.8,5,Renata Baranski
204208,1212.3,189.9,10,1500.0,350.0,0,1500.0,350.0,0,1268.8,190.2,10,Lauren Cheung
202022,1212.3,224.7,3,1500.0,350.0,0,1214.7,223.0,3,1500.0,350.0,0,Sabrina Lucchi
200721,1212.1,158.6,15,1172.5,179.3,11,1450.9,344.1,2,1540.4,278.2,2,Hiromi Nagano
205892,1211.3,221.2,4,1225.8,222.5,4,1500.0,350.0,0,1500.0,350.0,0,Giuliana Olmos
202493,1211.2,181.8,17,1226.9,356.8,4,1214.3,206.3,12,1332.5,350.1,1,Ekaterine Gorgodze
201618,1210.1,197.2,10,1198.0,195.5,10,1500.0,350.0,0,1500.0,350.0,0,Fatma Al Nabhani
215250,1210.1,162.5,13,1222.0,172.2,12,1281.2,265.8,1,1500.0,350.0,0,Hanyu Guo
202549,1210.1,203.7,9,1210.1,203.7,9,1500.0,350.0,0,1500.0,350.0,0,Erika Clarke Magana
201048,1209.3,165.7,16,1500.0,350.0,0,1216.7,179.0,15,1500.0,350.0,0,Leona Laskova
202123,1209.1,187.6,8,1271.5,315.1,2,1340.0,230.3,5,1500.0,350.0,0,Suvimol Duangchan
201283,1208.3,270.9,1,1224.7,298.2,1,1500.0,350.0,0,1500.0,350.0,0,Zuzana Lesenarova
201849,1208.3,314.9,1,1500.0,350.0,0,1500.0,350.0,0,1379.9,307.0,1,Veronica Stele
202308,1208.2,209.1,5,1500.0,350.0,0,1191.0,229.2,5,1500.0,350.0,0,Paula Garcia
205044,1207.9,228.5,4,1382.2,316.8,1,1500.0,350.0,0,1216.1,245.8,3,Karin Ionesco
200613,1207.4,233.0,4,1247.7,257.0,3,1500.0,350.0,0,1500.0,350.0,0,Lise Gregory
263869,1206.8,263.9,2,1272.2,254.5,2,1500.0,350.0,0,1500.0,350.0,0,Ruien Zhang
202288,1206.1,190.6,7,1335.5,238.0,2,1392.4,327.3,1,1500.0,350.0,0,Elke Clijsters
200748,1206.0,108.7,1068,1184.3,117.2,668,951.1,487.6,230,1372.6,445.1,124,Venus Williams
201198,1205.2,210.9,3,1500.0,350.0,0,1376.0,307.1,1,1328.3,271.9,2,Lizzy Jelfs
201718,1204.5,171.9,8,1203.1,321.2,1,1278.5,191.3,7,1500.0,350.0,0,Akiko Gooden
222171,1204.3,274.2,2,1221.6,272.2,2,1500.0,350.0,0,1500.0,350.0,0,Nahia Berecoechea
223323,1203.6,202.2,5,1276.7,228.0,4,1265.0,322.4,1,1500.0,350.0,0,Barbora Palicova
260761,1203.4,216.0,3,1257.2,236.4,2,1278.8,301.2,1,1500.0,350.0,0,Renata Jamrichova
202337,1203.0,310.6,1,1500.0,350.0,0,1226.7,309.3,1,1500.0,350.0,0,Klaudia Jans Ignacik
211342,1203.0,191.0,7,1500.0,350.0,0,1230.0,212.1,7,1500.0,350.0,0,Gabriela Lee
202126,1201.7,159.0,13,1252.8,312.5,1,1318.4,232.7,5,1500.0,350.0,0,Marissa Niroj
201350,1201.1,202.8,6,1323.2,254.2,1,1500.0,350.0,0,1220.3,225.0,5,Adriana Szili
202922,1200.7,209.7,3,1500.0,350.0,0,1233.0,219.0,3,1500.0,350.0,0,Michaela Honcova
201760,1199.5,222.3,6,1500.0,350.0,0,1223.9,252.7,4,1378.0,312.6,1,Heidi Sprung
202482,1199.2,158.3,21,1250.5,215.4,10,1180.7,194.9,11,1500.0,350.0,0,Barbara Haas
201598,1199.0,135.0,23,1234.3,150.1,20,1500.0,350.0,0,1238.1,279.4,3,Noppawan Lertcheewakarn
203913,1198.5,135.2,19,1303.5,190.0,7,1384.1,284.2,4,1314.7,188.2,8,Niki Tippins
203297,1197.9,199.5,22,1204.2,283.5,12,1070.6,247.3,6,1571.1,409.3,4,Nadiya Kichenok
201665,1197.8,231.6,6,1233.7,336.3,3,1142.6,275.1,3,1500.0,350.0,0,Ipek Senoglu
201388,1197.8,131.6,29,1174.3,171.1,20,1374.7,245.7,6,1185.0,535.7,3,Sophie Ferguson
201183,1197.6,252.8,2,1379.6,308.3,1,1500.0,350.0,0,1335.7,289.5,1,Anne Meredith
202055,1196.9,258.1,2,1201.3,258.4,2,1500.0,350.0,0,1500.0,350.0,0,Themis Zambrzycki
214060,1196.0,264.7,2,1500.0,350.0,0,1234.0,283.9,2,1500.0,350.0,0,Yuliana Monroy
221406,1196.0,205.3,5,1270.4,251.0,3,1187.8,255.7,2,1500.0,350.0,0,Alina Charaeva
213779,1196.0,174.5,8,1389.4,277.6,2,1155.9,203.4,6,1500.0,350.0,0,Raluka Serban
202436,1195.4,141.1,23,1267.9,676.6,2,1204.3,150.3,21,1500.0,350.0,0,Reka Luca Jani
204555,1194.4,279.6,2,1312.2,279.7,2,1500.0,350.0,0,1500.0,350.0,0,Isabella Mitterlehner
204394,1194.3,152.9,19,1261.7,210.3,11,1174.4,209.1,7,1378.3,510.8,1,Valentini Grammatikopoulou
202715,1193.9,189.6,6,1500.0,350.0,0,1368.6,239.0,4,1500.0,350.0,0,Alena Paulenkova
203623,1193.7,141.3,14,1500.0,350.0,0,1388.4,213.2,6,1374.7,220.0,4,Robyn Mawdsley
261963,1193.1,246.4,2,1236.1,295.5,1,1500.0,350.0,0,1216.3,283.7,1,Mika Stojsavljevic
220597,1192.3,235.4,3,1187.2,236.3,3,1500.0,350.0,0,1500.0,350.0,0,Thasaporn Naklo
202444,1192.1,208.2,4,1204.3,215.3,4,1500.0,350.0,0,1500.0,350.0,0,Kamilla Farhad
204717,1191.7,145.9,16,1389.7,232.4,6,1356.2,237.4,4,1261.3,260.3,3,Lana Scardigno
204182,1191.1,297.8,2,1263.2,291.3,2,1500.0,350.0,0,1500.0,350.0,0,Motoe Uchida
200628,1190.4,162.2,10,1321.7,288.3,2,1263.6,177.2,8,1500.0,350.0,0,Sabrina Goles
202266,1189.7,204.0,10,1227.1,256.2,7,1329.9,311.5,1,1500.0,350.0,0,Kelly Liggan
205918,1189.0,173.8,13,1176.9,216.6,8,1196.3,236.7,5,1500.0,350.0,0,Ulrikke Eikeri
201960,1187.9,232.0,3,1500.0,350.0,0,1198.5,244.1,3,1500.0,350.0,0,Rosa Bielsa Hierro
202420,1187.5,177.0,12,1239.5,186.6,8,1249.3,352.8,2,1242.5,336.3,2,An Sophie Mestach
204211,1187.1,240.9,3,1500.0,350.0,0,1500.0,350.0,0,1266.1,249.8,3,Lara Giltinan
221191,1186.8,212.8,4,1426.1,270.2,2,1108.3,267.3,2,1500.0,350.0,0,Margaux Rouvroy
214646,1185.3,161.9,15,1197.6,185.3,13,1152.4,296.6,2,1500.0,350.0,0,Xiaodi You
269259,1185.1,323.9,1,1178.8,324.9,1,1500.0,350.0,0,1500.0,350.0,0,Victoria Luiza Barros
220781,1184.8,211.8,4,1500.0,350.0,0,1167.7,230.9,4,1500.0,350.0,0,Carlota Martinez Cirez
201645,1184.7,212.6,9,1377.9,533.3,1,1242.2,222.1,8,1500.0,350.0,0,Frederica Piedade
201944,1184.3,256.3,5,1500.0,350.0,0,1390.7,276.4,2,1231.6,291.2,3,Zuzana Hejdova
211390,1182.8,309.3,1,1185.6,307.8,1,1500.0,350.0,0,1500.0,350.0,0,Mari Osaka
206045,1182.6,260.8,4,1500.0,350.0,0,1183.7,262.0,4,1500.0,350.0,0,Quirine Lemoine
210303,1180.8,169.5,13,1194.1,242.7,6,1247.0,236.8,7,1500.0,350.0,0,Kathinka Von Deichmann
200625,1180.0,164.1,24,1236.4,259.4,12,1191.5,204.0,11,1224.8,375.2,1,Jana Pospisilova
202579,1177.3,132.3,21,1222.8,243.9,7,1167.7,194.7,11,1215.8,314.0,3,Giulia Gatto Monticone
207395,1177.2,223.1,5,1185.6,224.4,5,1500.0,350.0,0,1500.0,350.0,0,Shizuka Tokiwa
215696,1175.3,284.0,2,1500.0,350.0,0,1262.1,290.4,2,1500.0,350.0,0,Diae El Jardi
260848,1174.6,221.4,3,1500.0,350.0,0,1203.1,238.9,3,1500.0,350.0,0,Valentina Mediorreal Arias
204944,1174.4,231.5,6,1500.0,350.0,0,1500.0,350.0,0,1203.3,232.0,6,Darya Ivanov
202580,1174.3,247.7,2,1500.0,350.0,0,1147.5,256.9,2,1500.0,350.0,0,Federica Di Sarra
246476,1171.9,271.4,2,1500.0,350.0,0,1249.3,284.4,2,1500.0,350.0,0,Mariana Isabel Higuita Barraza
202963,1170.0,236.0,3,1500.0,350.0,0,1500.0,350.0,0,1240.1,240.0,3,Nina Nittinger
204761,1166.2,248.8,3,1204.7,247.0,3,1500.0,350.0,0,1500.0,350.0,0,Rurika Maruse
203288,1164.7,199.4,8,1171.1,208.3,8,1500.0,350.0,0,1500.0,350.0,0,Jia Jing Lu
214935,1163.4,189.4,9,1129.8,196.8,9,1500.0,350.0,0,1500.0,350.0,0,Malene Helgo
202581,1162.5,253.7,2,1165.2,251.6,2,1500.0,350.0,0,1500.0,350.0,0,Chanel Simmonds
204811,1162.5,250.0,3,1500.0,350.0,0,1500.0,350.0,0,1202.9,259.7,3,Sofia Finer
201060,1161.8,200.2,4,1309.6,246.3,2,1207.1,235.4,2,1500.0,350.0,0,Carole Lucarelli
201740,1161.1,228.1,4,1500.0,350.0,0,1146.1,242.9,4,1500.0,350.0,0,Christiane Hofmann
201211,1160.6,197.1,15,1159.6,309.5,5,1251.3,217.5,10,1500.0,350.0,0,Kyra Nagy
201830,1159.0,248.1,4,1500.0,350.0,0,1249.4,241.5,4,1500.0,350.0,0,Katharina Duell
201439,1158.9,251.5,4,1363.5,254.1,1,1228.3,304.5,2,1500.0,350.0,0,Tiffany Dabek
206363,1158.3,214.4,7,1171.3,232.4,5,1363.7,317.1,1,1349.2,378.9,1,Anna Danilina
201030,1157.1,239.2,3,1500.0,350.0,0,1155.6,249.1,3,1500.0,350.0,0,Mariana Perez Roldan
206391,1156.0,176.9,15,1192.9,199.6,11,1236.7,359.2,2,1284.9,343.5,2,Ellen Perez
213634,1155.1,261.7,2,1500.0,350.0,0,1211.8,268.1,2,1500.0,350.0,0,Rita Atik
222000,1154.9,251.7,2,1500.0,350.0,0,1215.9,261.3,2,1500.0,350.0,0,Maria Camila Torres Murcia
215550,1153.9,282.4,3,1139.3,273.5,3,1500.0,350.0,0,1500.0,350.0,0,Ayano Shimizu
207565,1152.6,182.6,8,1500.0,350.0,0,1386.3,309.5,1,1225.2,268.8,3,Nicole Oomens
200504,1151.9,182.9,11,1269.9,269.4,2,1500.0,350.0,0,1220.1,231.9,7,Julie Salmon
211222,1151.8,206.0,14,1185.3,252.1,11,1203.5,272.8,2,1417.2,332.4,1,Jamie Loeb
201079,1151.5,191.2,7,1235.6,311.0,2,1347.3,330.3,1,1126.3,251.3,4,Hannah Collin
204815,1150.3,276.6,2,1500.0,350.0,0,1307.6,277.8,2,1500.0,350.0,0,Yi Ching Wu
204480,1149.6,178.8,10,1500.0,350.0,0,1286.5,206.3,9,1384.8,308.9,1,Kym Hazzard
203513,1148.9,249.4,3,1190.9,302.7,1,1279.1,259.5,2,1500.0,350.0,0,Robin Anderson
202066,1148.9,232.8,5,1500.0,350.0,0,1295.3,311.1,2,1500.0,350.0,0,Sandra Reichel
202065,1147.4,218.4,3,1500.0,350.0,0,1161.1,222.8,3,1500.0,350.0,0,Henrike Kadzidroga
200591,1146.9,213.5,4,1157.3,216.7,4,1500.0,350.0,0,1500.0,350.0,0,Ronni Reis
202941,1146.7,181.1,8,1500.0,350.0,0,1500.0,350.0,0,1303.7,263.5,2,Susie Starrett
200479,1144.3,256.7,3,1150.5,252.4,3,1500.0,350.0,0,1500.0,350.0,0,Emiko Okagawa
201052,1142.6,174.6,11,1269.2,227.9,3,1189.2,196.2,7,1500.0,350.0,0,Federica Haumuller
215992,1142.3,169.3,19,1124.1,165.8,18,1304.5,485.2,1,1500.0,350.0,0,Whitney Osuigwe
201042,1140.8,198.2,5,1500.0,350.0,0,1207.6,203.0,5,1500.0,350.0,0,Andrea Tiezzi
201608,1140.8,214.4,10,1136.9,224.5,9,1212.8,439.7,1,1500.0,350.0,0,Sheng Nan Sun
203044,1140.5,206.8,6,1500.0,350.0,0,1383.4,333.7,1,1130.5,234.1,5,Maria Boboedova
202425,1137.6,241.8,6,1328.0,279.9,1,1500.0,350.0,0,1038.1,278.0,5,Samantha Murray
200487,1136.8,156.2,11,1267.8,189.8,7,1115.9,221.0,4,1500.0,350.0,0,Eva Krapl
204691,1136.0,215.2,6,1148.5,214.3,6,1500.0,350.0,0,1500.0,350.0,0,Marcela Evangelista
213837,1135.9,180.0,10,1376.0,325.3,1,1127.0,197.9,8,1324.1,288.6,1,Ylena In Albon
203033,1134.5,195.1,8,1223.2,263.1,4,1500.0,350.0,0,1236.0,232.7,4,Keiko Tameishi
202717,1133.9,255.4,3,1139.6,256.9,3,1500.0,350.0,0,1500.0,350.0,0,Katarina Misic
200543,1133.8,163.1,14,1086.1,201.7,9,1500.0,350.0,0,1326.1,262.5,4,Jill Hetherington
202250,1133.6,171.6,9,1172.5,244.1,3,1500.0,350.0,0,1321.5,201.3,6,Patty Murren
201675,1130.5,218.1,10,1139.7,216.8,10,1500.0,350.0,0,1500.0,350.0,0,So Jung Kim
201057,1129.1,166.4,8,1294.5,298.2,1,1145.7,191.6,7,1500.0,350.0,0,Angelique Olivier
200635,1129.0,239.6,4,1173.2,300.7,2,1500.0,350.0,0,1323.2,300.7,1,Ingelise Driehuis
200611,1128.3,165.8,16,1141.6,219.3,10,1302.8,247.3,5,1395.5,337.7,1,Tracey Morton Rodgers
200552,1124.3,203.7,7,1286.8,278.9,3,1387.4,294.5,1,1336.0,301.2,2,Maria Lindstrom
214219,1124.2,220.8,6,1299.6,462.1,1,1040.3,250.3,5,1500.0,350.0,0,Tessah Andrianjafitrimo
202105,1123.7,203.0,8,1187.9,207.9,7,1500.0,350.0,0,1500.0,350.0,0,Anori Fukuda
204051,1120.7,199.3,9,1163.4,199.4,9,1500.0,350.0,0,1500.0,350.0,0,Chie Nagano
200555,1120.1,198.1,6,1337.8,307.6,1,1342.3,324.0,1,1194.3,257.2,3,Valda Lake
207165,1120.1,198.2,6,1500.0,350.0,0,1277.0,247.3,3,1355.2,290.8,1,Siobhan Munro
202082,1117.7,245.6,3,1500.0,350.0,0,1242.8,252.7,3,1500.0,350.0,0,Niki Ninaus
221073,1116.7,199.9,7,1247.2,272.4,2,1166.1,235.1,4,1397.1,422.2,1,Anastasia Tikhonova
201180,1114.9,198.7,5,1306.5,326.1,1,1500.0,350.0,0,1249.2,246.7,3,Belinda Borneo
204419,1111.7,206.3,13,1122.1,221.3,12,1382.2,291.2,1,1500.0,350.0,0,Ana Sofia Sanchez
203379,1109.2,185.5,19,1078.0,400.5,3,1026.4,234.8,12,1216.2,317.7,4,Marina Melnikova
200448,1108.6,172.4,22,1159.7,215.3,12,1234.1,307.9,6,1382.2,385.9,1,Sandy Collins
204487,1108.2,212.7,5,1500.0,350.0,0,1262.3,257.9,3,1301.7,264.5,2,Monika Mastalirova
213849,1101.1,207.3,5,1330.4,290.8,1,1158.1,224.6,4,1500.0,350.0,0,Nicole Fossa Huergo
201664,1089.6,234.7,10,1425.5,415.4,4,970.4,275.0,6,1500.0,350.0,0,Pemra Ozgen
204204,1088.7,241.2,3,1500.0,350.0,0,1260.1,256.9,3,1500.0,350.0,0,Diane Asensio
201612,1080.3,192.4,22,1063.7,196.0,21,1332.7,523.9,1,1500.0,350.0,0,Junri Namigata
200538,1066.1,194.6,7,1078.0,212.8,5,1364.5,288.6,1,1500.0,350.0,0,Akemi Nishiya
204056,1053.9,201.4,7,1171.4,273.3,3,1312.2,279.7,2,1500.0,350.0,0,Kaori Kuki
207154,1046.4,164.9,9,1500.0,350.0,0,1307.6,277.8,2,1311.4,235.7,4,Sarah Stanley
203132,1038.0,252.6,3,1500.0,350.0,0,1500.0,350.0,0,1134.8,240.7,3,Jolanda Mens
204076,947.6,261.3,3,1500.0,350.0,0,1259.0,256.3,3,1500.0,350.0,0,Lara Howes
